x-axis,D0-D7
second,
-25.000000E-03,16
-24.998000E-03,16
-24.996000E-03,16
-24.994000E-03,16
-24.992000E-03,16
-24.990000E-03,16
-24.988000E-03,16
-24.986000E-03,16
-24.984000E-03,16
-24.982000E-03,16
-24.980000E-03,16
-24.978000E-03,16
-24.976000E-03,16
-24.974000E-03,16
-24.972000E-03,16
-24.970000E-03,16
-24.968000E-03,16
-24.966000E-03,16
-24.964000E-03,16
-24.962000E-03,16
-24.960000E-03,16
-24.958000E-03,16
-24.956000E-03,16
-24.954000E-03,16
-24.952000E-03,16
-24.950000E-03,16
-24.948000E-03,16
-24.946000E-03,16
-24.944000E-03,16
-24.942000E-03,16
-24.940000E-03,16
-24.938000E-03,16
-24.936000E-03,16
-24.934000E-03,16
-24.932000E-03,16
-24.930000E-03,16
-24.928000E-03,16
-24.926000E-03,16
-24.924000E-03,16
-24.922000E-03,16
-24.920000E-03,16
-24.918000E-03,16
-24.916000E-03,16
-24.914000E-03,16
-24.912000E-03,16
-24.910000E-03,16
-24.908000E-03,16
-24.906000E-03,16
-24.904000E-03,16
-24.902000E-03,16
-24.900000E-03,16
-24.898000E-03,16
-24.896000E-03,16
-24.894000E-03,16
-24.892000E-03,16
-24.890000E-03,16
-24.888000E-03,16
-24.886000E-03,16
-24.884000E-03,16
-24.882000E-03,16
-24.880000E-03,16
-24.878000E-03,16
-24.876000E-03,16
-24.874000E-03,16
-24.872000E-03,16
-24.870000E-03,16
-24.868000E-03,16
-24.866000E-03,16
-24.864000E-03,16
-24.862000E-03,16
-24.860000E-03,16
-24.858000E-03,16
-24.856000E-03,16
-24.854000E-03,16
-24.852000E-03,16
-24.850000E-03,16
-24.848000E-03,16
-24.846000E-03,16
-24.844000E-03,16
-24.842000E-03,16
-24.840000E-03,16
-24.838000E-03,16
-24.836000E-03,16
-24.834000E-03,16
-24.832000E-03,16
-24.830000E-03,16
-24.828000E-03,16
-24.826000E-03,16
-24.824000E-03,16
-24.822000E-03,16
-24.820000E-03,16
-24.818000E-03,16
-24.816000E-03,16
-24.814000E-03,16
-24.812000E-03,16
-24.810000E-03,16
-24.808000E-03,16
-24.806000E-03,16
-24.804000E-03,16
-24.802000E-03,16
-24.800000E-03,16
-24.798000E-03,16
-24.796000E-03,16
-24.794000E-03,16
-24.792000E-03,16
-24.790000E-03,16
-24.788000E-03,16
-24.786000E-03,16
-24.784000E-03,16
-24.782000E-03,16
-24.780000E-03,16
-24.778000E-03,16
-24.776000E-03,16
-24.774000E-03,16
-24.772000E-03,16
-24.770000E-03,16
-24.768000E-03,16
-24.766000E-03,16
-24.764000E-03,16
-24.762000E-03,16
-24.760000E-03,16
-24.758000E-03,16
-24.756000E-03,16
-24.754000E-03,16
-24.752000E-03,16
-24.750000E-03,16
-24.748000E-03,16
-24.746000E-03,16
-24.744000E-03,16
-24.742000E-03,16
-24.740000E-03,16
-24.738000E-03,16
-24.736000E-03,16
-24.734000E-03,16
-24.732000E-03,16
-24.730000E-03,16
-24.728000E-03,16
-24.726000E-03,16
-24.724000E-03,16
-24.722000E-03,16
-24.720000E-03,16
-24.718000E-03,16
-24.716000E-03,16
-24.714000E-03,16
-24.712000E-03,16
-24.710000E-03,16
-24.708000E-03,16
-24.706000E-03,16
-24.704000E-03,16
-24.702000E-03,16
-24.700000E-03,16
-24.698000E-03,16
-24.696000E-03,16
-24.694000E-03,16
-24.692000E-03,16
-24.690000E-03,16
-24.688000E-03,16
-24.686000E-03,16
-24.684000E-03,16
-24.682000E-03,16
-24.680000E-03,16
-24.678000E-03,16
-24.676000E-03,16
-24.674000E-03,16
-24.672000E-03,16
-24.670000E-03,16
-24.668000E-03,16
-24.666000E-03,16
-24.664000E-03,16
-24.662000E-03,16
-24.660000E-03,16
-24.658000E-03,16
-24.656000E-03,16
-24.654000E-03,16
-24.652000E-03,16
-24.650000E-03,16
-24.648000E-03,16
-24.646000E-03,16
-24.644000E-03,16
-24.642000E-03,16
-24.640000E-03,16
-24.638000E-03,16
-24.636000E-03,16
-24.634000E-03,16
-24.632000E-03,16
-24.630000E-03,16
-24.628000E-03,16
-24.626000E-03,16
-24.624000E-03,16
-24.622000E-03,16
-24.620000E-03,16
-24.618000E-03,16
-24.616000E-03,16
-24.614000E-03,16
-24.612000E-03,16
-24.610000E-03,16
-24.608000E-03,16
-24.606000E-03,16
-24.604000E-03,16
-24.602000E-03,16
-24.600000E-03,16
-24.598000E-03,16
-24.596000E-03,16
-24.594000E-03,16
-24.592000E-03,16
-24.590000E-03,16
-24.588000E-03,16
-24.586000E-03,16
-24.584000E-03,16
-24.582000E-03,16
-24.580000E-03,16
-24.578000E-03,16
-24.576000E-03,16
-24.574000E-03,16
-24.572000E-03,16
-24.570000E-03,16
-24.568000E-03,16
-24.566000E-03,16
-24.564000E-03,16
-24.562000E-03,16
-24.560000E-03,16
-24.558000E-03,16
-24.556000E-03,16
-24.554000E-03,16
-24.552000E-03,16
-24.550000E-03,16
-24.548000E-03,16
-24.546000E-03,16
-24.544000E-03,16
-24.542000E-03,16
-24.540000E-03,16
-24.538000E-03,16
-24.536000E-03,16
-24.534000E-03,16
-24.532000E-03,16
-24.530000E-03,16
-24.528000E-03,16
-24.526000E-03,16
-24.524000E-03,16
-24.522000E-03,16
-24.520000E-03,16
-24.518000E-03,16
-24.516000E-03,16
-24.514000E-03,16
-24.512000E-03,16
-24.510000E-03,16
-24.508000E-03,16
-24.506000E-03,16
-24.504000E-03,16
-24.502000E-03,16
-24.500000E-03,16
-24.498000E-03,16
-24.496000E-03,16
-24.494000E-03,16
-24.492000E-03,16
-24.490000E-03,16
-24.488000E-03,16
-24.486000E-03,16
-24.484000E-03,16
-24.482000E-03,16
-24.480000E-03,16
-24.478000E-03,16
-24.476000E-03,16
-24.474000E-03,16
-24.472000E-03,16
-24.470000E-03,16
-24.468000E-03,16
-24.466000E-03,16
-24.464000E-03,16
-24.462000E-03,16
-24.460000E-03,16
-24.458000E-03,16
-24.456000E-03,16
-24.454000E-03,16
-24.452000E-03,16
-24.450000E-03,16
-24.448000E-03,16
-24.446000E-03,16
-24.444000E-03,16
-24.442000E-03,16
-24.440000E-03,16
-24.438000E-03,16
-24.436000E-03,16
-24.434000E-03,16
-24.432000E-03,16
-24.430000E-03,16
-24.428000E-03,16
-24.426000E-03,16
-24.424000E-03,16
-24.422000E-03,16
-24.420000E-03,16
-24.418000E-03,16
-24.416000E-03,16
-24.414000E-03,16
-24.412000E-03,16
-24.410000E-03,16
-24.408000E-03,16
-24.406000E-03,16
-24.404000E-03,16
-24.402000E-03,16
-24.400000E-03,16
-24.398000E-03,16
-24.396000E-03,16
-24.394000E-03,16
-24.392000E-03,16
-24.390000E-03,16
-24.388000E-03,16
-24.386000E-03,16
-24.384000E-03,16
-24.382000E-03,16
-24.380000E-03,16
-24.378000E-03,16
-24.376000E-03,16
-24.374000E-03,16
-24.372000E-03,16
-24.370000E-03,16
-24.368000E-03,16
-24.366000E-03,16
-24.364000E-03,16
-24.362000E-03,16
-24.360000E-03,16
-24.358000E-03,16
-24.356000E-03,16
-24.354000E-03,16
-24.352000E-03,16
-24.350000E-03,16
-24.348000E-03,16
-24.346000E-03,16
-24.344000E-03,16
-24.342000E-03,16
-24.340000E-03,16
-24.338000E-03,16
-24.336000E-03,16
-24.334000E-03,16
-24.332000E-03,16
-24.330000E-03,16
-24.328000E-03,16
-24.326000E-03,16
-24.324000E-03,16
-24.322000E-03,16
-24.320000E-03,16
-24.318000E-03,16
-24.316000E-03,16
-24.314000E-03,16
-24.312000E-03,16
-24.310000E-03,16
-24.308000E-03,16
-24.306000E-03,16
-24.304000E-03,16
-24.302000E-03,16
-24.300000E-03,16
-24.298000E-03,16
-24.296000E-03,16
-24.294000E-03,16
-24.292000E-03,16
-24.290000E-03,16
-24.288000E-03,16
-24.286000E-03,16
-24.284000E-03,16
-24.282000E-03,16
-24.280000E-03,16
-24.278000E-03,16
-24.276000E-03,16
-24.274000E-03,16
-24.272000E-03,16
-24.270000E-03,16
-24.268000E-03,16
-24.266000E-03,16
-24.264000E-03,16
-24.262000E-03,16
-24.260000E-03,16
-24.258000E-03,16
-24.256000E-03,16
-24.254000E-03,16
-24.252000E-03,16
-24.250000E-03,16
-24.248000E-03,16
-24.246000E-03,16
-24.244000E-03,16
-24.242000E-03,16
-24.240000E-03,16
-24.238000E-03,16
-24.236000E-03,16
-24.234000E-03,16
-24.232000E-03,16
-24.230000E-03,16
-24.228000E-03,16
-24.226000E-03,16
-24.224000E-03,16
-24.222000E-03,16
-24.220000E-03,16
-24.218000E-03,16
-24.216000E-03,16
-24.214000E-03,16
-24.212000E-03,16
-24.210000E-03,16
-24.208000E-03,16
-24.206000E-03,16
-24.204000E-03,16
-24.202000E-03,16
-24.200000E-03,16
-24.198000E-03,16
-24.196000E-03,16
-24.194000E-03,16
-24.192000E-03,16
-24.190000E-03,16
-24.188000E-03,16
-24.186000E-03,16
-24.184000E-03,16
-24.182000E-03,16
-24.180000E-03,16
-24.178000E-03,16
-24.176000E-03,16
-24.174000E-03,16
-24.172000E-03,16
-24.170000E-03,16
-24.168000E-03,16
-24.166000E-03,16
-24.164000E-03,16
-24.162000E-03,16
-24.160000E-03,16
-24.158000E-03,16
-24.156000E-03,16
-24.154000E-03,16
-24.152000E-03,16
-24.150000E-03,16
-24.148000E-03,16
-24.146000E-03,16
-24.144000E-03,16
-24.142000E-03,16
-24.140000E-03,16
-24.138000E-03,16
-24.136000E-03,16
-24.134000E-03,16
-24.132000E-03,16
-24.130000E-03,16
-24.128000E-03,16
-24.126000E-03,16
-24.124000E-03,16
-24.122000E-03,16
-24.120000E-03,16
-24.118000E-03,16
-24.116000E-03,16
-24.114000E-03,16
-24.112000E-03,16
-24.110000E-03,16
-24.108000E-03,16
-24.106000E-03,16
-24.104000E-03,16
-24.102000E-03,16
-24.100000E-03,16
-24.098000E-03,16
-24.096000E-03,16
-24.094000E-03,16
-24.092000E-03,16
-24.090000E-03,16
-24.088000E-03,16
-24.086000E-03,16
-24.084000E-03,16
-24.082000E-03,16
-24.080000E-03,16
-24.078000E-03,16
-24.076000E-03,16
-24.074000E-03,16
-24.072000E-03,16
-24.070000E-03,16
-24.068000E-03,16
-24.066000E-03,16
-24.064000E-03,16
-24.062000E-03,16
-24.060000E-03,16
-24.058000E-03,16
-24.056000E-03,16
-24.054000E-03,16
-24.052000E-03,16
-24.050000E-03,16
-24.048000E-03,16
-24.046000E-03,16
-24.044000E-03,16
-24.042000E-03,16
-24.040000E-03,16
-24.038000E-03,16
-24.036000E-03,16
-24.034000E-03,16
-24.032000E-03,16
-24.030000E-03,16
-24.028000E-03,16
-24.026000E-03,16
-24.024000E-03,16
-24.022000E-03,16
-24.020000E-03,16
-24.018000E-03,16
-24.016000E-03,16
-24.014000E-03,16
-24.012000E-03,16
-24.010000E-03,16
-24.008000E-03,16
-24.006000E-03,16
-24.004000E-03,16
-24.002000E-03,16
-24.000000E-03,16
-23.998000E-03,16
-23.996000E-03,16
-23.994000E-03,16
-23.992000E-03,16
-23.990000E-03,16
-23.988000E-03,16
-23.986000E-03,16
-23.984000E-03,16
-23.982000E-03,16
-23.980000E-03,16
-23.978000E-03,16
-23.976000E-03,16
-23.974000E-03,16
-23.972000E-03,16
-23.970000E-03,16
-23.968000E-03,16
-23.966000E-03,16
-23.964000E-03,16
-23.962000E-03,16
-23.960000E-03,16
-23.958000E-03,16
-23.956000E-03,16
-23.954000E-03,16
-23.952000E-03,16
-23.950000E-03,16
-23.948000E-03,16
-23.946000E-03,16
-23.944000E-03,16
-23.942000E-03,16
-23.940000E-03,16
-23.938000E-03,16
-23.936000E-03,16
-23.934000E-03,16
-23.932000E-03,16
-23.930000E-03,16
-23.928000E-03,16
-23.926000E-03,16
-23.924000E-03,16
-23.922000E-03,16
-23.920000E-03,16
-23.918000E-03,16
-23.916000E-03,16
-23.914000E-03,16
-23.912000E-03,16
-23.910000E-03,16
-23.908000E-03,16
-23.906000E-03,16
-23.904000E-03,16
-23.902000E-03,16
-23.900000E-03,16
-23.898000E-03,16
-23.896000E-03,16
-23.894000E-03,16
-23.892000E-03,16
-23.890000E-03,16
-23.888000E-03,16
-23.886000E-03,16
-23.884000E-03,16
-23.882000E-03,16
-23.880000E-03,16
-23.878000E-03,16
-23.876000E-03,16
-23.874000E-03,16
-23.872000E-03,16
-23.870000E-03,16
-23.868000E-03,16
-23.866000E-03,16
-23.864000E-03,16
-23.862000E-03,16
-23.860000E-03,16
-23.858000E-03,16
-23.856000E-03,16
-23.854000E-03,16
-23.852000E-03,16
-23.850000E-03,16
-23.848000E-03,16
-23.846000E-03,16
-23.844000E-03,16
-23.842000E-03,16
-23.840000E-03,16
-23.838000E-03,16
-23.836000E-03,16
-23.834000E-03,16
-23.832000E-03,16
-23.830000E-03,16
-23.828000E-03,16
-23.826000E-03,16
-23.824000E-03,16
-23.822000E-03,16
-23.820000E-03,16
-23.818000E-03,16
-23.816000E-03,16
-23.814000E-03,16
-23.812000E-03,16
-23.810000E-03,16
-23.808000E-03,16
-23.806000E-03,16
-23.804000E-03,16
-23.802000E-03,16
-23.800000E-03,16
-23.798000E-03,16
-23.796000E-03,16
-23.794000E-03,16
-23.792000E-03,16
-23.790000E-03,16
-23.788000E-03,16
-23.786000E-03,16
-23.784000E-03,16
-23.782000E-03,16
-23.780000E-03,16
-23.778000E-03,16
-23.776000E-03,16
-23.774000E-03,16
-23.772000E-03,16
-23.770000E-03,16
-23.768000E-03,16
-23.766000E-03,16
-23.764000E-03,16
-23.762000E-03,16
-23.760000E-03,16
-23.758000E-03,16
-23.756000E-03,16
-23.754000E-03,16
-23.752000E-03,16
-23.750000E-03,16
-23.748000E-03,16
-23.746000E-03,16
-23.744000E-03,16
-23.742000E-03,16
-23.740000E-03,16
-23.738000E-03,16
-23.736000E-03,16
-23.734000E-03,16
-23.732000E-03,16
-23.730000E-03,16
-23.728000E-03,16
-23.726000E-03,16
-23.724000E-03,16
-23.722000E-03,16
-23.720000E-03,16
-23.718000E-03,16
-23.716000E-03,16
-23.714000E-03,16
-23.712000E-03,16
-23.710000E-03,16
-23.708000E-03,16
-23.706000E-03,16
-23.704000E-03,16
-23.702000E-03,16
-23.700000E-03,16
-23.698000E-03,16
-23.696000E-03,16
-23.694000E-03,16
-23.692000E-03,16
-23.690000E-03,16
-23.688000E-03,16
-23.686000E-03,16
-23.684000E-03,16
-23.682000E-03,16
-23.680000E-03,16
-23.678000E-03,16
-23.676000E-03,16
-23.674000E-03,16
-23.672000E-03,16
-23.670000E-03,16
-23.668000E-03,16
-23.666000E-03,16
-23.664000E-03,16
-23.662000E-03,16
-23.660000E-03,16
-23.658000E-03,16
-23.656000E-03,16
-23.654000E-03,16
-23.652000E-03,16
-23.650000E-03,16
-23.648000E-03,16
-23.646000E-03,16
-23.644000E-03,16
-23.642000E-03,16
-23.640000E-03,16
-23.638000E-03,16
-23.636000E-03,16
-23.634000E-03,16
-23.632000E-03,16
-23.630000E-03,16
-23.628000E-03,16
-23.626000E-03,16
-23.624000E-03,16
-23.622000E-03,16
-23.620000E-03,16
-23.618000E-03,16
-23.616000E-03,16
-23.614000E-03,16
-23.612000E-03,16
-23.610000E-03,16
-23.608000E-03,16
-23.606000E-03,16
-23.604000E-03,16
-23.602000E-03,16
-23.600000E-03,16
-23.598000E-03,16
-23.596000E-03,16
-23.594000E-03,16
-23.592000E-03,16
-23.590000E-03,16
-23.588000E-03,16
-23.586000E-03,16
-23.584000E-03,16
-23.582000E-03,16
-23.580000E-03,16
-23.578000E-03,16
-23.576000E-03,16
-23.574000E-03,16
-23.572000E-03,16
-23.570000E-03,16
-23.568000E-03,16
-23.566000E-03,16
-23.564000E-03,16
-23.562000E-03,16
-23.560000E-03,16
-23.558000E-03,16
-23.556000E-03,16
-23.554000E-03,16
-23.552000E-03,16
-23.550000E-03,16
-23.548000E-03,16
-23.546000E-03,16
-23.544000E-03,16
-23.542000E-03,16
-23.540000E-03,16
-23.538000E-03,16
-23.536000E-03,16
-23.534000E-03,16
-23.532000E-03,16
-23.530000E-03,16
-23.528000E-03,16
-23.526000E-03,16
-23.524000E-03,16
-23.522000E-03,16
-23.520000E-03,16
-23.518000E-03,16
-23.516000E-03,16
-23.514000E-03,16
-23.512000E-03,16
-23.510000E-03,16
-23.508000E-03,16
-23.506000E-03,16
-23.504000E-03,16
-23.502000E-03,16
-23.500000E-03,16
-23.498000E-03,16
-23.496000E-03,16
-23.494000E-03,16
-23.492000E-03,16
-23.490000E-03,16
-23.488000E-03,16
-23.486000E-03,16
-23.484000E-03,16
-23.482000E-03,16
-23.480000E-03,16
-23.478000E-03,16
-23.476000E-03,16
-23.474000E-03,16
-23.472000E-03,16
-23.470000E-03,16
-23.468000E-03,16
-23.466000E-03,16
-23.464000E-03,16
-23.462000E-03,16
-23.460000E-03,16
-23.458000E-03,16
-23.456000E-03,16
-23.454000E-03,16
-23.452000E-03,16
-23.450000E-03,16
-23.448000E-03,16
-23.446000E-03,16
-23.444000E-03,16
-23.442000E-03,16
-23.440000E-03,16
-23.438000E-03,16
-23.436000E-03,16
-23.434000E-03,16
-23.432000E-03,16
-23.430000E-03,16
-23.428000E-03,16
-23.426000E-03,16
-23.424000E-03,16
-23.422000E-03,16
-23.420000E-03,16
-23.418000E-03,16
-23.416000E-03,16
-23.414000E-03,16
-23.412000E-03,16
-23.410000E-03,16
-23.408000E-03,16
-23.406000E-03,16
-23.404000E-03,16
-23.402000E-03,16
-23.400000E-03,16
-23.398000E-03,16
-23.396000E-03,16
-23.394000E-03,16
-23.392000E-03,16
-23.390000E-03,16
-23.388000E-03,16
-23.386000E-03,16
-23.384000E-03,16
-23.382000E-03,16
-23.380000E-03,16
-23.378000E-03,16
-23.376000E-03,16
-23.374000E-03,16
-23.372000E-03,16
-23.370000E-03,16
-23.368000E-03,16
-23.366000E-03,16
-23.364000E-03,16
-23.362000E-03,16
-23.360000E-03,16
-23.358000E-03,16
-23.356000E-03,16
-23.354000E-03,16
-23.352000E-03,16
-23.350000E-03,16
-23.348000E-03,16
-23.346000E-03,16
-23.344000E-03,16
-23.342000E-03,16
-23.340000E-03,16
-23.338000E-03,16
-23.336000E-03,16
-23.334000E-03,16
-23.332000E-03,16
-23.330000E-03,16
-23.328000E-03,16
-23.326000E-03,16
-23.324000E-03,16
-23.322000E-03,16
-23.320000E-03,16
-23.318000E-03,16
-23.316000E-03,16
-23.314000E-03,16
-23.312000E-03,16
-23.310000E-03,16
-23.308000E-03,16
-23.306000E-03,16
-23.304000E-03,16
-23.302000E-03,16
-23.300000E-03,16
-23.298000E-03,16
-23.296000E-03,16
-23.294000E-03,16
-23.292000E-03,16
-23.290000E-03,16
-23.288000E-03,16
-23.286000E-03,16
-23.284000E-03,16
-23.282000E-03,16
-23.280000E-03,16
-23.278000E-03,16
-23.276000E-03,16
-23.274000E-03,16
-23.272000E-03,16
-23.270000E-03,16
-23.268000E-03,16
-23.266000E-03,16
-23.264000E-03,16
-23.262000E-03,16
-23.260000E-03,16
-23.258000E-03,16
-23.256000E-03,16
-23.254000E-03,16
-23.252000E-03,16
-23.250000E-03,16
-23.248000E-03,16
-23.246000E-03,16
-23.244000E-03,16
-23.242000E-03,16
-23.240000E-03,16
-23.238000E-03,16
-23.236000E-03,16
-23.234000E-03,16
-23.232000E-03,16
-23.230000E-03,16
-23.228000E-03,16
-23.226000E-03,16
-23.224000E-03,16
-23.222000E-03,16
-23.220000E-03,16
-23.218000E-03,16
-23.216000E-03,16
-23.214000E-03,16
-23.212000E-03,16
-23.210000E-03,16
-23.208000E-03,16
-23.206000E-03,16
-23.204000E-03,16
-23.202000E-03,16
-23.200000E-03,16
-23.198000E-03,16
-23.196000E-03,16
-23.194000E-03,16
-23.192000E-03,16
-23.190000E-03,16
-23.188000E-03,16
-23.186000E-03,16
-23.184000E-03,16
-23.182000E-03,16
-23.180000E-03,16
-23.178000E-03,16
-23.176000E-03,16
-23.174000E-03,16
-23.172000E-03,16
-23.170000E-03,16
-23.168000E-03,16
-23.166000E-03,16
-23.164000E-03,16
-23.162000E-03,16
-23.160000E-03,16
-23.158000E-03,16
-23.156000E-03,16
-23.154000E-03,16
-23.152000E-03,16
-23.150000E-03,16
-23.148000E-03,16
-23.146000E-03,16
-23.144000E-03,16
-23.142000E-03,16
-23.140000E-03,16
-23.138000E-03,16
-23.136000E-03,16
-23.134000E-03,16
-23.132000E-03,16
-23.130000E-03,16
-23.128000E-03,16
-23.126000E-03,16
-23.124000E-03,16
-23.122000E-03,16
-23.120000E-03,16
-23.118000E-03,16
-23.116000E-03,16
-23.114000E-03,16
-23.112000E-03,16
-23.110000E-03,16
-23.108000E-03,16
-23.106000E-03,16
-23.104000E-03,16
-23.102000E-03,16
-23.100000E-03,16
-23.098000E-03,16
-23.096000E-03,16
-23.094000E-03,16
-23.092000E-03,16
-23.090000E-03,16
-23.088000E-03,16
-23.086000E-03,16
-23.084000E-03,16
-23.082000E-03,16
-23.080000E-03,16
-23.078000E-03,16
-23.076000E-03,16
-23.074000E-03,16
-23.072000E-03,16
-23.070000E-03,16
-23.068000E-03,16
-23.066000E-03,16
-23.064000E-03,16
-23.062000E-03,16
-23.060000E-03,16
-23.058000E-03,16
-23.056000E-03,16
-23.054000E-03,16
-23.052000E-03,16
-23.050000E-03,16
-23.048000E-03,16
-23.046000E-03,16
-23.044000E-03,16
-23.042000E-03,16
-23.040000E-03,16
-23.038000E-03,16
-23.036000E-03,16
-23.034000E-03,16
-23.032000E-03,16
-23.030000E-03,16
-23.028000E-03,16
-23.026000E-03,16
-23.024000E-03,16
-23.022000E-03,16
-23.020000E-03,16
-23.018000E-03,16
-23.016000E-03,16
-23.014000E-03,16
-23.012000E-03,16
-23.010000E-03,16
-23.008000E-03,16
-23.006000E-03,16
-23.004000E-03,16
-23.002000E-03,16
-23.000000E-03,16
-22.998000E-03,16
-22.996000E-03,16
-22.994000E-03,16
-22.992000E-03,16
-22.990000E-03,16
-22.988000E-03,16
-22.986000E-03,16
-22.984000E-03,16
-22.982000E-03,16
-22.980000E-03,16
-22.978000E-03,16
-22.976000E-03,16
-22.974000E-03,16
-22.972000E-03,16
-22.970000E-03,16
-22.968000E-03,16
-22.966000E-03,16
-22.964000E-03,16
-22.962000E-03,16
-22.960000E-03,16
-22.958000E-03,16
-22.956000E-03,16
-22.954000E-03,16
-22.952000E-03,16
-22.950000E-03,16
-22.948000E-03,16
-22.946000E-03,16
-22.944000E-03,16
-22.942000E-03,16
-22.940000E-03,16
-22.938000E-03,16
-22.936000E-03,16
-22.934000E-03,16
-22.932000E-03,16
-22.930000E-03,16
-22.928000E-03,16
-22.926000E-03,16
-22.924000E-03,16
-22.922000E-03,16
-22.920000E-03,16
-22.918000E-03,16
-22.916000E-03,16
-22.914000E-03,16
-22.912000E-03,16
-22.910000E-03,16
-22.908000E-03,16
-22.906000E-03,16
-22.904000E-03,16
-22.902000E-03,16
-22.900000E-03,16
-22.898000E-03,16
-22.896000E-03,16
-22.894000E-03,16
-22.892000E-03,16
-22.890000E-03,16
-22.888000E-03,16
-22.886000E-03,16
-22.884000E-03,16
-22.882000E-03,16
-22.880000E-03,16
-22.878000E-03,16
-22.876000E-03,16
-22.874000E-03,16
-22.872000E-03,16
-22.870000E-03,16
-22.868000E-03,16
-22.866000E-03,16
-22.864000E-03,16
-22.862000E-03,16
-22.860000E-03,16
-22.858000E-03,16
-22.856000E-03,16
-22.854000E-03,16
-22.852000E-03,16
-22.850000E-03,16
-22.848000E-03,16
-22.846000E-03,16
-22.844000E-03,16
-22.842000E-03,16
-22.840000E-03,16
-22.838000E-03,16
-22.836000E-03,16
-22.834000E-03,16
-22.832000E-03,16
-22.830000E-03,16
-22.828000E-03,16
-22.826000E-03,16
-22.824000E-03,16
-22.822000E-03,16
-22.820000E-03,16
-22.818000E-03,16
-22.816000E-03,16
-22.814000E-03,16
-22.812000E-03,16
-22.810000E-03,16
-22.808000E-03,16
-22.806000E-03,16
-22.804000E-03,16
-22.802000E-03,16
-22.800000E-03,16
-22.798000E-03,16
-22.796000E-03,16
-22.794000E-03,16
-22.792000E-03,16
-22.790000E-03,16
-22.788000E-03,16
-22.786000E-03,16
-22.784000E-03,16
-22.782000E-03,16
-22.780000E-03,16
-22.778000E-03,16
-22.776000E-03,16
-22.774000E-03,16
-22.772000E-03,16
-22.770000E-03,16
-22.768000E-03,16
-22.766000E-03,16
-22.764000E-03,16
-22.762000E-03,16
-22.760000E-03,16
-22.758000E-03,16
-22.756000E-03,16
-22.754000E-03,16
-22.752000E-03,16
-22.750000E-03,16
-22.748000E-03,16
-22.746000E-03,16
-22.744000E-03,16
-22.742000E-03,16
-22.740000E-03,16
-22.738000E-03,16
-22.736000E-03,16
-22.734000E-03,16
-22.732000E-03,16
-22.730000E-03,16
-22.728000E-03,16
-22.726000E-03,16
-22.724000E-03,16
-22.722000E-03,16
-22.720000E-03,16
-22.718000E-03,16
-22.716000E-03,16
-22.714000E-03,16
-22.712000E-03,16
-22.710000E-03,16
-22.708000E-03,16
-22.706000E-03,16
-22.704000E-03,16
-22.702000E-03,16
-22.700000E-03,16
-22.698000E-03,16
-22.696000E-03,16
-22.694000E-03,16
-22.692000E-03,16
-22.690000E-03,16
-22.688000E-03,16
-22.686000E-03,16
-22.684000E-03,16
-22.682000E-03,16
-22.680000E-03,16
-22.678000E-03,16
-22.676000E-03,16
-22.674000E-03,16
-22.672000E-03,16
-22.670000E-03,16
-22.668000E-03,16
-22.666000E-03,16
-22.664000E-03,16
-22.662000E-03,16
-22.660000E-03,16
-22.658000E-03,16
-22.656000E-03,16
-22.654000E-03,16
-22.652000E-03,16
-22.650000E-03,16
-22.648000E-03,16
-22.646000E-03,16
-22.644000E-03,16
-22.642000E-03,16
-22.640000E-03,16
-22.638000E-03,16
-22.636000E-03,16
-22.634000E-03,16
-22.632000E-03,16
-22.630000E-03,16
-22.628000E-03,16
-22.626000E-03,16
-22.624000E-03,16
-22.622000E-03,16
-22.620000E-03,16
-22.618000E-03,16
-22.616000E-03,16
-22.614000E-03,16
-22.612000E-03,16
-22.610000E-03,16
-22.608000E-03,16
-22.606000E-03,16
-22.604000E-03,16
-22.602000E-03,16
-22.600000E-03,16
-22.598000E-03,16
-22.596000E-03,16
-22.594000E-03,16
-22.592000E-03,16
-22.590000E-03,16
-22.588000E-03,16
-22.586000E-03,16
-22.584000E-03,16
-22.582000E-03,16
-22.580000E-03,16
-22.578000E-03,16
-22.576000E-03,16
-22.574000E-03,16
-22.572000E-03,16
-22.570000E-03,16
-22.568000E-03,16
-22.566000E-03,16
-22.564000E-03,16
-22.562000E-03,16
-22.560000E-03,16
-22.558000E-03,16
-22.556000E-03,16
-22.554000E-03,16
-22.552000E-03,16
-22.550000E-03,16
-22.548000E-03,16
-22.546000E-03,16
-22.544000E-03,16
-22.542000E-03,16
-22.540000E-03,16
-22.538000E-03,16
-22.536000E-03,16
-22.534000E-03,16
-22.532000E-03,16
-22.530000E-03,16
-22.528000E-03,16
-22.526000E-03,16
-22.524000E-03,16
-22.522000E-03,16
-22.520000E-03,16
-22.518000E-03,16
-22.516000E-03,16
-22.514000E-03,16
-22.512000E-03,16
-22.510000E-03,16
-22.508000E-03,16
-22.506000E-03,16
-22.504000E-03,16
-22.502000E-03,16
-22.500000E-03,16
-22.498000E-03,16
-22.496000E-03,16
-22.494000E-03,16
-22.492000E-03,16
-22.490000E-03,16
-22.488000E-03,16
-22.486000E-03,16
-22.484000E-03,16
-22.482000E-03,16
-22.480000E-03,16
-22.478000E-03,16
-22.476000E-03,16
-22.474000E-03,16
-22.472000E-03,16
-22.470000E-03,16
-22.468000E-03,16
-22.466000E-03,16
-22.464000E-03,16
-22.462000E-03,16
-22.460000E-03,16
-22.458000E-03,16
-22.456000E-03,16
-22.454000E-03,16
-22.452000E-03,16
-22.450000E-03,16
-22.448000E-03,16
-22.446000E-03,16
-22.444000E-03,16
-22.442000E-03,16
-22.440000E-03,16
-22.438000E-03,16
-22.436000E-03,16
-22.434000E-03,16
-22.432000E-03,16
-22.430000E-03,16
-22.428000E-03,16
-22.426000E-03,16
-22.424000E-03,16
-22.422000E-03,16
-22.420000E-03,16
-22.418000E-03,16
-22.416000E-03,16
-22.414000E-03,16
-22.412000E-03,16
-22.410000E-03,16
-22.408000E-03,16
-22.406000E-03,16
-22.404000E-03,16
-22.402000E-03,16
-22.400000E-03,16
-22.398000E-03,16
-22.396000E-03,16
-22.394000E-03,16
-22.392000E-03,16
-22.390000E-03,16
-22.388000E-03,16
-22.386000E-03,16
-22.384000E-03,16
-22.382000E-03,16
-22.380000E-03,16
-22.378000E-03,16
-22.376000E-03,16
-22.374000E-03,16
-22.372000E-03,16
-22.370000E-03,16
-22.368000E-03,16
-22.366000E-03,16
-22.364000E-03,16
-22.362000E-03,16
-22.360000E-03,16
-22.358000E-03,16
-22.356000E-03,16
-22.354000E-03,16
-22.352000E-03,16
-22.350000E-03,16
-22.348000E-03,16
-22.346000E-03,16
-22.344000E-03,16
-22.342000E-03,16
-22.340000E-03,16
-22.338000E-03,16
-22.336000E-03,16
-22.334000E-03,16
-22.332000E-03,16
-22.330000E-03,16
-22.328000E-03,16
-22.326000E-03,16
-22.324000E-03,16
-22.322000E-03,16
-22.320000E-03,16
-22.318000E-03,16
-22.316000E-03,16
-22.314000E-03,16
-22.312000E-03,16
-22.310000E-03,16
-22.308000E-03,16
-22.306000E-03,16
-22.304000E-03,16
-22.302000E-03,16
-22.300000E-03,16
-22.298000E-03,16
-22.296000E-03,16
-22.294000E-03,16
-22.292000E-03,16
-22.290000E-03,16
-22.288000E-03,16
-22.286000E-03,16
-22.284000E-03,16
-22.282000E-03,16
-22.280000E-03,16
-22.278000E-03,16
-22.276000E-03,16
-22.274000E-03,16
-22.272000E-03,16
-22.270000E-03,16
-22.268000E-03,16
-22.266000E-03,16
-22.264000E-03,16
-22.262000E-03,16
-22.260000E-03,16
-22.258000E-03,16
-22.256000E-03,16
-22.254000E-03,16
-22.252000E-03,16
-22.250000E-03,16
-22.248000E-03,16
-22.246000E-03,16
-22.244000E-03,16
-22.242000E-03,16
-22.240000E-03,16
-22.238000E-03,16
-22.236000E-03,16
-22.234000E-03,16
-22.232000E-03,16
-22.230000E-03,16
-22.228000E-03,16
-22.226000E-03,16
-22.224000E-03,16
-22.222000E-03,16
-22.220000E-03,16
-22.218000E-03,16
-22.216000E-03,16
-22.214000E-03,16
-22.212000E-03,16
-22.210000E-03,16
-22.208000E-03,16
-22.206000E-03,16
-22.204000E-03,16
-22.202000E-03,16
-22.200000E-03,16
-22.198000E-03,16
-22.196000E-03,16
-22.194000E-03,16
-22.192000E-03,16
-22.190000E-03,16
-22.188000E-03,16
-22.186000E-03,16
-22.184000E-03,16
-22.182000E-03,16
-22.180000E-03,16
-22.178000E-03,16
-22.176000E-03,16
-22.174000E-03,16
-22.172000E-03,16
-22.170000E-03,16
-22.168000E-03,16
-22.166000E-03,16
-22.164000E-03,16
-22.162000E-03,16
-22.160000E-03,16
-22.158000E-03,16
-22.156000E-03,16
-22.154000E-03,16
-22.152000E-03,16
-22.150000E-03,16
-22.148000E-03,16
-22.146000E-03,16
-22.144000E-03,16
-22.142000E-03,16
-22.140000E-03,16
-22.138000E-03,16
-22.136000E-03,16
-22.134000E-03,16
-22.132000E-03,16
-22.130000E-03,16
-22.128000E-03,16
-22.126000E-03,16
-22.124000E-03,16
-22.122000E-03,16
-22.120000E-03,16
-22.118000E-03,16
-22.116000E-03,16
-22.114000E-03,16
-22.112000E-03,16
-22.110000E-03,16
-22.108000E-03,16
-22.106000E-03,16
-22.104000E-03,16
-22.102000E-03,16
-22.100000E-03,16
-22.098000E-03,16
-22.096000E-03,16
-22.094000E-03,16
-22.092000E-03,16
-22.090000E-03,16
-22.088000E-03,16
-22.086000E-03,16
-22.084000E-03,16
-22.082000E-03,16
-22.080000E-03,16
-22.078000E-03,16
-22.076000E-03,16
-22.074000E-03,16
-22.072000E-03,16
-22.070000E-03,16
-22.068000E-03,16
-22.066000E-03,16
-22.064000E-03,16
-22.062000E-03,16
-22.060000E-03,16
-22.058000E-03,16
-22.056000E-03,16
-22.054000E-03,16
-22.052000E-03,16
-22.050000E-03,16
-22.048000E-03,16
-22.046000E-03,16
-22.044000E-03,16
-22.042000E-03,16
-22.040000E-03,16
-22.038000E-03,16
-22.036000E-03,16
-22.034000E-03,16
-22.032000E-03,16
-22.030000E-03,16
-22.028000E-03,16
-22.026000E-03,16
-22.024000E-03,16
-22.022000E-03,16
-22.020000E-03,16
-22.018000E-03,16
-22.016000E-03,16
-22.014000E-03,16
-22.012000E-03,16
-22.010000E-03,16
-22.008000E-03,16
-22.006000E-03,16
-22.004000E-03,16
-22.002000E-03,16
-22.000000E-03,16
-21.998000E-03,16
-21.996000E-03,16
-21.994000E-03,16
-21.992000E-03,16
-21.990000E-03,16
-21.988000E-03,16
-21.986000E-03,16
-21.984000E-03,16
-21.982000E-03,16
-21.980000E-03,16
-21.978000E-03,16
-21.976000E-03,16
-21.974000E-03,16
-21.972000E-03,16
-21.970000E-03,16
-21.968000E-03,16
-21.966000E-03,16
-21.964000E-03,16
-21.962000E-03,16
-21.960000E-03,16
-21.958000E-03,16
-21.956000E-03,16
-21.954000E-03,16
-21.952000E-03,16
-21.950000E-03,16
-21.948000E-03,16
-21.946000E-03,16
-21.944000E-03,16
-21.942000E-03,16
-21.940000E-03,16
-21.938000E-03,16
-21.936000E-03,16
-21.934000E-03,16
-21.932000E-03,16
-21.930000E-03,16
-21.928000E-03,16
-21.926000E-03,16
-21.924000E-03,16
-21.922000E-03,16
-21.920000E-03,16
-21.918000E-03,16
-21.916000E-03,16
-21.914000E-03,16
-21.912000E-03,16
-21.910000E-03,16
-21.908000E-03,16
-21.906000E-03,16
-21.904000E-03,16
-21.902000E-03,16
-21.900000E-03,16
-21.898000E-03,16
-21.896000E-03,16
-21.894000E-03,16
-21.892000E-03,16
-21.890000E-03,16
-21.888000E-03,16
-21.886000E-03,16
-21.884000E-03,16
-21.882000E-03,16
-21.880000E-03,16
-21.878000E-03,16
-21.876000E-03,16
-21.874000E-03,16
-21.872000E-03,16
-21.870000E-03,16
-21.868000E-03,16
-21.866000E-03,16
-21.864000E-03,16
-21.862000E-03,16
-21.860000E-03,16
-21.858000E-03,16
-21.856000E-03,16
-21.854000E-03,16
-21.852000E-03,16
-21.850000E-03,16
-21.848000E-03,16
-21.846000E-03,16
-21.844000E-03,16
-21.842000E-03,16
-21.840000E-03,16
-21.838000E-03,16
-21.836000E-03,16
-21.834000E-03,16
-21.832000E-03,16
-21.830000E-03,16
-21.828000E-03,16
-21.826000E-03,16
-21.824000E-03,16
-21.822000E-03,16
-21.820000E-03,16
-21.818000E-03,16
-21.816000E-03,16
-21.814000E-03,16
-21.812000E-03,16
-21.810000E-03,16
-21.808000E-03,16
-21.806000E-03,16
-21.804000E-03,16
-21.802000E-03,16
-21.800000E-03,16
-21.798000E-03,16
-21.796000E-03,16
-21.794000E-03,16
-21.792000E-03,16
-21.790000E-03,16
-21.788000E-03,16
-21.786000E-03,16
-21.784000E-03,16
-21.782000E-03,16
-21.780000E-03,16
-21.778000E-03,16
-21.776000E-03,16
-21.774000E-03,16
-21.772000E-03,16
-21.770000E-03,16
-21.768000E-03,16
-21.766000E-03,16
-21.764000E-03,16
-21.762000E-03,16
-21.760000E-03,16
-21.758000E-03,16
-21.756000E-03,16
-21.754000E-03,16
-21.752000E-03,16
-21.750000E-03,16
-21.748000E-03,16
-21.746000E-03,16
-21.744000E-03,16
-21.742000E-03,16
-21.740000E-03,16
-21.738000E-03,16
-21.736000E-03,16
-21.734000E-03,16
-21.732000E-03,16
-21.730000E-03,16
-21.728000E-03,16
-21.726000E-03,16
-21.724000E-03,16
-21.722000E-03,16
-21.720000E-03,16
-21.718000E-03,16
-21.716000E-03,16
-21.714000E-03,16
-21.712000E-03,16
-21.710000E-03,16
-21.708000E-03,16
-21.706000E-03,16
-21.704000E-03,16
-21.702000E-03,16
-21.700000E-03,16
-21.698000E-03,16
-21.696000E-03,16
-21.694000E-03,16
-21.692000E-03,16
-21.690000E-03,16
-21.688000E-03,16
-21.686000E-03,16
-21.684000E-03,16
-21.682000E-03,16
-21.680000E-03,16
-21.678000E-03,16
-21.676000E-03,16
-21.674000E-03,16
-21.672000E-03,16
-21.670000E-03,16
-21.668000E-03,16
-21.666000E-03,16
-21.664000E-03,16
-21.662000E-03,16
-21.660000E-03,16
-21.658000E-03,16
-21.656000E-03,16
-21.654000E-03,16
-21.652000E-03,16
-21.650000E-03,16
-21.648000E-03,16
-21.646000E-03,16
-21.644000E-03,16
-21.642000E-03,16
-21.640000E-03,16
-21.638000E-03,16
-21.636000E-03,16
-21.634000E-03,16
-21.632000E-03,16
-21.630000E-03,16
-21.628000E-03,16
-21.626000E-03,16
-21.624000E-03,16
-21.622000E-03,16
-21.620000E-03,16
-21.618000E-03,16
-21.616000E-03,16
-21.614000E-03,16
-21.612000E-03,16
-21.610000E-03,16
-21.608000E-03,16
-21.606000E-03,16
-21.604000E-03,16
-21.602000E-03,16
-21.600000E-03,16
-21.598000E-03,16
-21.596000E-03,16
-21.594000E-03,16
-21.592000E-03,16
-21.590000E-03,16
-21.588000E-03,16
-21.586000E-03,16
-21.584000E-03,16
-21.582000E-03,16
-21.580000E-03,16
-21.578000E-03,16
-21.576000E-03,16
-21.574000E-03,16
-21.572000E-03,16
-21.570000E-03,16
-21.568000E-03,16
-21.566000E-03,16
-21.564000E-03,16
-21.562000E-03,16
-21.560000E-03,16
-21.558000E-03,16
-21.556000E-03,16
-21.554000E-03,16
-21.552000E-03,16
-21.550000E-03,16
-21.548000E-03,16
-21.546000E-03,16
-21.544000E-03,16
-21.542000E-03,16
-21.540000E-03,16
-21.538000E-03,16
-21.536000E-03,16
-21.534000E-03,16
-21.532000E-03,16
-21.530000E-03,16
-21.528000E-03,16
-21.526000E-03,16
-21.524000E-03,16
-21.522000E-03,16
-21.520000E-03,16
-21.518000E-03,16
-21.516000E-03,16
-21.514000E-03,16
-21.512000E-03,16
-21.510000E-03,16
-21.508000E-03,16
-21.506000E-03,16
-21.504000E-03,16
-21.502000E-03,16
-21.500000E-03,16
-21.498000E-03,16
-21.496000E-03,16
-21.494000E-03,16
-21.492000E-03,16
-21.490000E-03,16
-21.488000E-03,16
-21.486000E-03,16
-21.484000E-03,16
-21.482000E-03,16
-21.480000E-03,16
-21.478000E-03,16
-21.476000E-03,16
-21.474000E-03,16
-21.472000E-03,16
-21.470000E-03,16
-21.468000E-03,16
-21.466000E-03,16
-21.464000E-03,16
-21.462000E-03,16
-21.460000E-03,16
-21.458000E-03,16
-21.456000E-03,16
-21.454000E-03,16
-21.452000E-03,16
-21.450000E-03,16
-21.448000E-03,16
-21.446000E-03,16
-21.444000E-03,16
-21.442000E-03,16
-21.440000E-03,16
-21.438000E-03,16
-21.436000E-03,16
-21.434000E-03,16
-21.432000E-03,16
-21.430000E-03,16
-21.428000E-03,16
-21.426000E-03,16
-21.424000E-03,16
-21.422000E-03,16
-21.420000E-03,16
-21.418000E-03,16
-21.416000E-03,16
-21.414000E-03,16
-21.412000E-03,16
-21.410000E-03,16
-21.408000E-03,16
-21.406000E-03,16
-21.404000E-03,16
-21.402000E-03,16
-21.400000E-03,16
-21.398000E-03,16
-21.396000E-03,16
-21.394000E-03,16
-21.392000E-03,16
-21.390000E-03,16
-21.388000E-03,16
-21.386000E-03,16
-21.384000E-03,16
-21.382000E-03,16
-21.380000E-03,16
-21.378000E-03,16
-21.376000E-03,16
-21.374000E-03,16
-21.372000E-03,16
-21.370000E-03,16
-21.368000E-03,16
-21.366000E-03,16
-21.364000E-03,16
-21.362000E-03,16
-21.360000E-03,16
-21.358000E-03,16
-21.356000E-03,16
-21.354000E-03,16
-21.352000E-03,16
-21.350000E-03,16
-21.348000E-03,16
-21.346000E-03,16
-21.344000E-03,16
-21.342000E-03,16
-21.340000E-03,16
-21.338000E-03,16
-21.336000E-03,16
-21.334000E-03,16
-21.332000E-03,16
-21.330000E-03,16
-21.328000E-03,16
-21.326000E-03,16
-21.324000E-03,16
-21.322000E-03,16
-21.320000E-03,16
-21.318000E-03,16
-21.316000E-03,16
-21.314000E-03,16
-21.312000E-03,16
-21.310000E-03,16
-21.308000E-03,16
-21.306000E-03,16
-21.304000E-03,16
-21.302000E-03,16
-21.300000E-03,16
-21.298000E-03,16
-21.296000E-03,16
-21.294000E-03,16
-21.292000E-03,16
-21.290000E-03,16
-21.288000E-03,16
-21.286000E-03,16
-21.284000E-03,16
-21.282000E-03,16
-21.280000E-03,16
-21.278000E-03,16
-21.276000E-03,16
-21.274000E-03,16
-21.272000E-03,16
-21.270000E-03,16
-21.268000E-03,16
-21.266000E-03,16
-21.264000E-03,16
-21.262000E-03,16
-21.260000E-03,16
-21.258000E-03,16
-21.256000E-03,16
-21.254000E-03,16
-21.252000E-03,16
-21.250000E-03,16
-21.248000E-03,16
-21.246000E-03,16
-21.244000E-03,16
-21.242000E-03,16
-21.240000E-03,16
-21.238000E-03,16
-21.236000E-03,16
-21.234000E-03,16
-21.232000E-03,16
-21.230000E-03,16
-21.228000E-03,16
-21.226000E-03,16
-21.224000E-03,16
-21.222000E-03,16
-21.220000E-03,16
-21.218000E-03,16
-21.216000E-03,16
-21.214000E-03,16
-21.212000E-03,16
-21.210000E-03,16
-21.208000E-03,16
-21.206000E-03,16
-21.204000E-03,16
-21.202000E-03,16
-21.200000E-03,16
-21.198000E-03,16
-21.196000E-03,16
-21.194000E-03,16
-21.192000E-03,16
-21.190000E-03,16
-21.188000E-03,16
-21.186000E-03,16
-21.184000E-03,16
-21.182000E-03,16
-21.180000E-03,16
-21.178000E-03,16
-21.176000E-03,16
-21.174000E-03,16
-21.172000E-03,16
-21.170000E-03,16
-21.168000E-03,16
-21.166000E-03,16
-21.164000E-03,16
-21.162000E-03,16
-21.160000E-03,16
-21.158000E-03,16
-21.156000E-03,16
-21.154000E-03,16
-21.152000E-03,16
-21.150000E-03,16
-21.148000E-03,16
-21.146000E-03,16
-21.144000E-03,16
-21.142000E-03,16
-21.140000E-03,16
-21.138000E-03,16
-21.136000E-03,16
-21.134000E-03,16
-21.132000E-03,16
-21.130000E-03,16
-21.128000E-03,16
-21.126000E-03,16
-21.124000E-03,16
-21.122000E-03,16
-21.120000E-03,16
-21.118000E-03,16
-21.116000E-03,16
-21.114000E-03,16
-21.112000E-03,16
-21.110000E-03,16
-21.108000E-03,16
-21.106000E-03,16
-21.104000E-03,16
-21.102000E-03,16
-21.100000E-03,16
-21.098000E-03,16
-21.096000E-03,16
-21.094000E-03,16
-21.092000E-03,16
-21.090000E-03,16
-21.088000E-03,16
-21.086000E-03,16
-21.084000E-03,16
-21.082000E-03,16
-21.080000E-03,16
-21.078000E-03,16
-21.076000E-03,16
-21.074000E-03,16
-21.072000E-03,16
-21.070000E-03,16
-21.068000E-03,16
-21.066000E-03,16
-21.064000E-03,16
-21.062000E-03,16
-21.060000E-03,16
-21.058000E-03,16
-21.056000E-03,16
-21.054000E-03,16
-21.052000E-03,16
-21.050000E-03,16
-21.048000E-03,16
-21.046000E-03,16
-21.044000E-03,16
-21.042000E-03,16
-21.040000E-03,16
-21.038000E-03,16
-21.036000E-03,16
-21.034000E-03,16
-21.032000E-03,16
-21.030000E-03,16
-21.028000E-03,16
-21.026000E-03,16
-21.024000E-03,16
-21.022000E-03,16
-21.020000E-03,16
-21.018000E-03,16
-21.016000E-03,16
-21.014000E-03,16
-21.012000E-03,16
-21.010000E-03,16
-21.008000E-03,16
-21.006000E-03,16
-21.004000E-03,16
-21.002000E-03,16
-21.000000E-03,16
-20.998000E-03,16
-20.996000E-03,16
-20.994000E-03,16
-20.992000E-03,16
-20.990000E-03,16
-20.988000E-03,16
-20.986000E-03,16
-20.984000E-03,16
-20.982000E-03,16
-20.980000E-03,16
-20.978000E-03,16
-20.976000E-03,16
-20.974000E-03,16
-20.972000E-03,16
-20.970000E-03,16
-20.968000E-03,16
-20.966000E-03,16
-20.964000E-03,16
-20.962000E-03,16
-20.960000E-03,16
-20.958000E-03,16
-20.956000E-03,16
-20.954000E-03,16
-20.952000E-03,16
-20.950000E-03,16
-20.948000E-03,16
-20.946000E-03,16
-20.944000E-03,16
-20.942000E-03,16
-20.940000E-03,16
-20.938000E-03,16
-20.936000E-03,16
-20.934000E-03,16
-20.932000E-03,16
-20.930000E-03,16
-20.928000E-03,16
-20.926000E-03,16
-20.924000E-03,16
-20.922000E-03,16
-20.920000E-03,16
-20.918000E-03,16
-20.916000E-03,16
-20.914000E-03,16
-20.912000E-03,16
-20.910000E-03,16
-20.908000E-03,16
-20.906000E-03,16
-20.904000E-03,16
-20.902000E-03,16
-20.900000E-03,16
-20.898000E-03,16
-20.896000E-03,16
-20.894000E-03,16
-20.892000E-03,16
-20.890000E-03,16
-20.888000E-03,16
-20.886000E-03,16
-20.884000E-03,16
-20.882000E-03,16
-20.880000E-03,16
-20.878000E-03,16
-20.876000E-03,16
-20.874000E-03,16
-20.872000E-03,16
-20.870000E-03,16
-20.868000E-03,16
-20.866000E-03,16
-20.864000E-03,16
-20.862000E-03,16
-20.860000E-03,16
-20.858000E-03,16
-20.856000E-03,16
-20.854000E-03,16
-20.852000E-03,16
-20.850000E-03,16
-20.848000E-03,16
-20.846000E-03,16
-20.844000E-03,16
-20.842000E-03,16
-20.840000E-03,16
-20.838000E-03,16
-20.836000E-03,16
-20.834000E-03,16
-20.832000E-03,16
-20.830000E-03,16
-20.828000E-03,16
-20.826000E-03,16
-20.824000E-03,16
-20.822000E-03,16
-20.820000E-03,16
-20.818000E-03,16
-20.816000E-03,16
-20.814000E-03,16
-20.812000E-03,16
-20.810000E-03,16
-20.808000E-03,16
-20.806000E-03,16
-20.804000E-03,16
-20.802000E-03,16
-20.800000E-03,16
-20.798000E-03,16
-20.796000E-03,16
-20.794000E-03,16
-20.792000E-03,16
-20.790000E-03,16
-20.788000E-03,16
-20.786000E-03,16
-20.784000E-03,16
-20.782000E-03,16
-20.780000E-03,16
-20.778000E-03,16
-20.776000E-03,16
-20.774000E-03,16
-20.772000E-03,16
-20.770000E-03,16
-20.768000E-03,16
-20.766000E-03,16
-20.764000E-03,16
-20.762000E-03,16
-20.760000E-03,16
-20.758000E-03,16
-20.756000E-03,16
-20.754000E-03,16
-20.752000E-03,16
-20.750000E-03,16
-20.748000E-03,16
-20.746000E-03,16
-20.744000E-03,16
-20.742000E-03,16
-20.740000E-03,16
-20.738000E-03,16
-20.736000E-03,16
-20.734000E-03,16
-20.732000E-03,16
-20.730000E-03,16
-20.728000E-03,16
-20.726000E-03,16
-20.724000E-03,16
-20.722000E-03,16
-20.720000E-03,16
-20.718000E-03,16
-20.716000E-03,16
-20.714000E-03,16
-20.712000E-03,16
-20.710000E-03,16
-20.708000E-03,16
-20.706000E-03,16
-20.704000E-03,16
-20.702000E-03,16
-20.700000E-03,16
-20.698000E-03,16
-20.696000E-03,16
-20.694000E-03,16
-20.692000E-03,16
-20.690000E-03,16
-20.688000E-03,16
-20.686000E-03,16
-20.684000E-03,16
-20.682000E-03,16
-20.680000E-03,16
-20.678000E-03,16
-20.676000E-03,16
-20.674000E-03,16
-20.672000E-03,16
-20.670000E-03,16
-20.668000E-03,16
-20.666000E-03,16
-20.664000E-03,16
-20.662000E-03,16
-20.660000E-03,16
-20.658000E-03,16
-20.656000E-03,16
-20.654000E-03,16
-20.652000E-03,16
-20.650000E-03,16
-20.648000E-03,16
-20.646000E-03,16
-20.644000E-03,16
-20.642000E-03,16
-20.640000E-03,16
-20.638000E-03,16
-20.636000E-03,16
-20.634000E-03,16
-20.632000E-03,16
-20.630000E-03,16
-20.628000E-03,16
-20.626000E-03,16
-20.624000E-03,16
-20.622000E-03,16
-20.620000E-03,16
-20.618000E-03,16
-20.616000E-03,16
-20.614000E-03,16
-20.612000E-03,16
-20.610000E-03,16
-20.608000E-03,16
-20.606000E-03,16
-20.604000E-03,16
-20.602000E-03,16
-20.600000E-03,16
-20.598000E-03,16
-20.596000E-03,16
-20.594000E-03,16
-20.592000E-03,16
-20.590000E-03,16
-20.588000E-03,16
-20.586000E-03,16
-20.584000E-03,16
-20.582000E-03,16
-20.580000E-03,16
-20.578000E-03,16
-20.576000E-03,16
-20.574000E-03,16
-20.572000E-03,16
-20.570000E-03,16
-20.568000E-03,16
-20.566000E-03,16
-20.564000E-03,16
-20.562000E-03,16
-20.560000E-03,16
-20.558000E-03,16
-20.556000E-03,16
-20.554000E-03,16
-20.552000E-03,16
-20.550000E-03,16
-20.548000E-03,16
-20.546000E-03,16
-20.544000E-03,16
-20.542000E-03,16
-20.540000E-03,16
-20.538000E-03,16
-20.536000E-03,16
-20.534000E-03,16
-20.532000E-03,16
-20.530000E-03,16
-20.528000E-03,16
-20.526000E-03,16
-20.524000E-03,16
-20.522000E-03,16
-20.520000E-03,16
-20.518000E-03,16
-20.516000E-03,16
-20.514000E-03,16
-20.512000E-03,16
-20.510000E-03,16
-20.508000E-03,16
-20.506000E-03,16
-20.504000E-03,16
-20.502000E-03,16
-20.500000E-03,16
-20.498000E-03,16
-20.496000E-03,16
-20.494000E-03,16
-20.492000E-03,16
-20.490000E-03,16
-20.488000E-03,16
-20.486000E-03,16
-20.484000E-03,16
-20.482000E-03,16
-20.480000E-03,16
-20.478000E-03,16
-20.476000E-03,16
-20.474000E-03,16
-20.472000E-03,16
-20.470000E-03,16
-20.468000E-03,16
-20.466000E-03,16
-20.464000E-03,16
-20.462000E-03,16
-20.460000E-03,16
-20.458000E-03,16
-20.456000E-03,16
-20.454000E-03,16
-20.452000E-03,16
-20.450000E-03,16
-20.448000E-03,16
-20.446000E-03,16
-20.444000E-03,16
-20.442000E-03,16
-20.440000E-03,16
-20.438000E-03,16
-20.436000E-03,16
-20.434000E-03,16
-20.432000E-03,16
-20.430000E-03,16
-20.428000E-03,16
-20.426000E-03,16
-20.424000E-03,16
-20.422000E-03,16
-20.420000E-03,16
-20.418000E-03,16
-20.416000E-03,16
-20.414000E-03,16
-20.412000E-03,16
-20.410000E-03,16
-20.408000E-03,16
-20.406000E-03,16
-20.404000E-03,16
-20.402000E-03,16
-20.400000E-03,16
-20.398000E-03,16
-20.396000E-03,16
-20.394000E-03,16
-20.392000E-03,16
-20.390000E-03,16
-20.388000E-03,16
-20.386000E-03,16
-20.384000E-03,16
-20.382000E-03,16
-20.380000E-03,16
-20.378000E-03,16
-20.376000E-03,16
-20.374000E-03,16
-20.372000E-03,16
-20.370000E-03,16
-20.368000E-03,16
-20.366000E-03,16
-20.364000E-03,16
-20.362000E-03,16
-20.360000E-03,16
-20.358000E-03,16
-20.356000E-03,16
-20.354000E-03,16
-20.352000E-03,16
-20.350000E-03,16
-20.348000E-03,16
-20.346000E-03,16
-20.344000E-03,16
-20.342000E-03,16
-20.340000E-03,16
-20.338000E-03,16
-20.336000E-03,16
-20.334000E-03,16
-20.332000E-03,16
-20.330000E-03,16
-20.328000E-03,16
-20.326000E-03,16
-20.324000E-03,16
-20.322000E-03,16
-20.320000E-03,16
-20.318000E-03,16
-20.316000E-03,16
-20.314000E-03,16
-20.312000E-03,16
-20.310000E-03,16
-20.308000E-03,16
-20.306000E-03,16
-20.304000E-03,16
-20.302000E-03,16
-20.300000E-03,16
-20.298000E-03,16
-20.296000E-03,16
-20.294000E-03,16
-20.292000E-03,16
-20.290000E-03,16
-20.288000E-03,16
-20.286000E-03,16
-20.284000E-03,16
-20.282000E-03,16
-20.280000E-03,16
-20.278000E-03,16
-20.276000E-03,16
-20.274000E-03,16
-20.272000E-03,16
-20.270000E-03,16
-20.268000E-03,16
-20.266000E-03,16
-20.264000E-03,16
-20.262000E-03,16
-20.260000E-03,16
-20.258000E-03,16
-20.256000E-03,16
-20.254000E-03,16
-20.252000E-03,16
-20.250000E-03,16
-20.248000E-03,16
-20.246000E-03,16
-20.244000E-03,16
-20.242000E-03,16
-20.240000E-03,16
-20.238000E-03,16
-20.236000E-03,16
-20.234000E-03,16
-20.232000E-03,16
-20.230000E-03,16
-20.228000E-03,16
-20.226000E-03,16
-20.224000E-03,16
-20.222000E-03,16
-20.220000E-03,16
-20.218000E-03,16
-20.216000E-03,16
-20.214000E-03,16
-20.212000E-03,16
-20.210000E-03,16
-20.208000E-03,16
-20.206000E-03,16
-20.204000E-03,16
-20.202000E-03,16
-20.200000E-03,16
-20.198000E-03,16
-20.196000E-03,16
-20.194000E-03,16
-20.192000E-03,16
-20.190000E-03,16
-20.188000E-03,16
-20.186000E-03,16
-20.184000E-03,16
-20.182000E-03,16
-20.180000E-03,16
-20.178000E-03,16
-20.176000E-03,16
-20.174000E-03,16
-20.172000E-03,16
-20.170000E-03,16
-20.168000E-03,16
-20.166000E-03,16
-20.164000E-03,16
-20.162000E-03,16
-20.160000E-03,16
-20.158000E-03,16
-20.156000E-03,16
-20.154000E-03,16
-20.152000E-03,16
-20.150000E-03,16
-20.148000E-03,16
-20.146000E-03,16
-20.144000E-03,16
-20.142000E-03,16
-20.140000E-03,16
-20.138000E-03,16
-20.136000E-03,16
-20.134000E-03,16
-20.132000E-03,16
-20.130000E-03,16
-20.128000E-03,16
-20.126000E-03,16
-20.124000E-03,16
-20.122000E-03,16
-20.120000E-03,16
-20.118000E-03,16
-20.116000E-03,16
-20.114000E-03,16
-20.112000E-03,16
-20.110000E-03,16
-20.108000E-03,16
-20.106000E-03,16
-20.104000E-03,16
-20.102000E-03,16
-20.100000E-03,16
-20.098000E-03,16
-20.096000E-03,16
-20.094000E-03,16
-20.092000E-03,16
-20.090000E-03,16
-20.088000E-03,16
-20.086000E-03,16
-20.084000E-03,16
-20.082000E-03,16
-20.080000E-03,16
-20.078000E-03,16
-20.076000E-03,16
-20.074000E-03,16
-20.072000E-03,16
-20.070000E-03,16
-20.068000E-03,16
-20.066000E-03,16
-20.064000E-03,16
-20.062000E-03,16
-20.060000E-03,16
-20.058000E-03,16
-20.056000E-03,16
-20.054000E-03,16
-20.052000E-03,16
-20.050000E-03,16
-20.048000E-03,16
-20.046000E-03,16
-20.044000E-03,16
-20.042000E-03,16
-20.040000E-03,16
-20.038000E-03,16
-20.036000E-03,16
-20.034000E-03,16
-20.032000E-03,16
-20.030000E-03,16
-20.028000E-03,16
-20.026000E-03,16
-20.024000E-03,16
-20.022000E-03,16
-20.020000E-03,16
-20.018000E-03,16
-20.016000E-03,16
-20.014000E-03,16
-20.012000E-03,16
-20.010000E-03,16
-20.008000E-03,16
-20.006000E-03,16
-20.004000E-03,16
-20.002000E-03,16
-20.000000E-03,16
-19.998000E-03,16
-19.996000E-03,16
-19.994000E-03,16
-19.992000E-03,16
-19.990000E-03,16
-19.988000E-03,16
-19.986000E-03,16
-19.984000E-03,16
-19.982000E-03,16
-19.980000E-03,16
-19.978000E-03,16
-19.976000E-03,16
-19.974000E-03,16
-19.972000E-03,16
-19.970000E-03,16
-19.968000E-03,16
-19.966000E-03,16
-19.964000E-03,16
-19.962000E-03,16
-19.960000E-03,16
-19.958000E-03,16
-19.956000E-03,16
-19.954000E-03,16
-19.952000E-03,16
-19.950000E-03,16
-19.948000E-03,16
-19.946000E-03,16
-19.944000E-03,16
-19.942000E-03,16
-19.940000E-03,16
-19.938000E-03,16
-19.936000E-03,16
-19.934000E-03,16
-19.932000E-03,16
-19.930000E-03,16
-19.928000E-03,16
-19.926000E-03,16
-19.924000E-03,16
-19.922000E-03,16
-19.920000E-03,16
-19.918000E-03,16
-19.916000E-03,16
-19.914000E-03,16
-19.912000E-03,16
-19.910000E-03,16
-19.908000E-03,16
-19.906000E-03,16
-19.904000E-03,16
-19.902000E-03,16
-19.900000E-03,16
-19.898000E-03,16
-19.896000E-03,16
-19.894000E-03,16
-19.892000E-03,16
-19.890000E-03,16
-19.888000E-03,16
-19.886000E-03,16
-19.884000E-03,16
-19.882000E-03,16
-19.880000E-03,16
-19.878000E-03,16
-19.876000E-03,16
-19.874000E-03,16
-19.872000E-03,16
-19.870000E-03,16
-19.868000E-03,16
-19.866000E-03,16
-19.864000E-03,16
-19.862000E-03,16
-19.860000E-03,16
-19.858000E-03,16
-19.856000E-03,16
-19.854000E-03,16
-19.852000E-03,16
-19.850000E-03,16
-19.848000E-03,16
-19.846000E-03,16
-19.844000E-03,16
-19.842000E-03,16
-19.840000E-03,16
-19.838000E-03,16
-19.836000E-03,16
-19.834000E-03,16
-19.832000E-03,16
-19.830000E-03,16
-19.828000E-03,16
-19.826000E-03,16
-19.824000E-03,16
-19.822000E-03,16
-19.820000E-03,16
-19.818000E-03,16
-19.816000E-03,16
-19.814000E-03,16
-19.812000E-03,16
-19.810000E-03,16
-19.808000E-03,16
-19.806000E-03,16
-19.804000E-03,16
-19.802000E-03,16
-19.800000E-03,16
-19.798000E-03,16
-19.796000E-03,16
-19.794000E-03,16
-19.792000E-03,16
-19.790000E-03,16
-19.788000E-03,16
-19.786000E-03,16
-19.784000E-03,16
-19.782000E-03,16
-19.780000E-03,16
-19.778000E-03,16
-19.776000E-03,16
-19.774000E-03,16
-19.772000E-03,16
-19.770000E-03,16
-19.768000E-03,16
-19.766000E-03,16
-19.764000E-03,16
-19.762000E-03,16
-19.760000E-03,16
-19.758000E-03,16
-19.756000E-03,16
-19.754000E-03,16
-19.752000E-03,16
-19.750000E-03,16
-19.748000E-03,16
-19.746000E-03,16
-19.744000E-03,16
-19.742000E-03,16
-19.740000E-03,16
-19.738000E-03,16
-19.736000E-03,16
-19.734000E-03,16
-19.732000E-03,16
-19.730000E-03,16
-19.728000E-03,16
-19.726000E-03,16
-19.724000E-03,16
-19.722000E-03,16
-19.720000E-03,16
-19.718000E-03,16
-19.716000E-03,16
-19.714000E-03,16
-19.712000E-03,16
-19.710000E-03,16
-19.708000E-03,16
-19.706000E-03,16
-19.704000E-03,16
-19.702000E-03,16
-19.700000E-03,16
-19.698000E-03,16
-19.696000E-03,16
-19.694000E-03,16
-19.692000E-03,16
-19.690000E-03,16
-19.688000E-03,16
-19.686000E-03,16
-19.684000E-03,16
-19.682000E-03,16
-19.680000E-03,16
-19.678000E-03,16
-19.676000E-03,16
-19.674000E-03,16
-19.672000E-03,16
-19.670000E-03,16
-19.668000E-03,16
-19.666000E-03,16
-19.664000E-03,16
-19.662000E-03,16
-19.660000E-03,16
-19.658000E-03,16
-19.656000E-03,16
-19.654000E-03,16
-19.652000E-03,16
-19.650000E-03,16
-19.648000E-03,16
-19.646000E-03,16
-19.644000E-03,16
-19.642000E-03,16
-19.640000E-03,16
-19.638000E-03,16
-19.636000E-03,16
-19.634000E-03,16
-19.632000E-03,16
-19.630000E-03,16
-19.628000E-03,16
-19.626000E-03,16
-19.624000E-03,16
-19.622000E-03,16
-19.620000E-03,16
-19.618000E-03,16
-19.616000E-03,16
-19.614000E-03,16
-19.612000E-03,16
-19.610000E-03,16
-19.608000E-03,16
-19.606000E-03,16
-19.604000E-03,16
-19.602000E-03,16
-19.600000E-03,16
-19.598000E-03,16
-19.596000E-03,16
-19.594000E-03,16
-19.592000E-03,16
-19.590000E-03,16
-19.588000E-03,16
-19.586000E-03,16
-19.584000E-03,16
-19.582000E-03,16
-19.580000E-03,16
-19.578000E-03,16
-19.576000E-03,16
-19.574000E-03,16
-19.572000E-03,16
-19.570000E-03,16
-19.568000E-03,16
-19.566000E-03,16
-19.564000E-03,16
-19.562000E-03,16
-19.560000E-03,16
-19.558000E-03,16
-19.556000E-03,16
-19.554000E-03,16
-19.552000E-03,16
-19.550000E-03,16
-19.548000E-03,16
-19.546000E-03,16
-19.544000E-03,16
-19.542000E-03,16
-19.540000E-03,16
-19.538000E-03,16
-19.536000E-03,16
-19.534000E-03,16
-19.532000E-03,16
-19.530000E-03,16
-19.528000E-03,16
-19.526000E-03,16
-19.524000E-03,16
-19.522000E-03,16
-19.520000E-03,16
-19.518000E-03,16
-19.516000E-03,16
-19.514000E-03,16
-19.512000E-03,16
-19.510000E-03,16
-19.508000E-03,16
-19.506000E-03,16
-19.504000E-03,16
-19.502000E-03,16
-19.500000E-03,16
-19.498000E-03,16
-19.496000E-03,16
-19.494000E-03,16
-19.492000E-03,16
-19.490000E-03,16
-19.488000E-03,16
-19.486000E-03,16
-19.484000E-03,16
-19.482000E-03,16
-19.480000E-03,16
-19.478000E-03,16
-19.476000E-03,16
-19.474000E-03,16
-19.472000E-03,16
-19.470000E-03,16
-19.468000E-03,16
-19.466000E-03,16
-19.464000E-03,16
-19.462000E-03,16
-19.460000E-03,16
-19.458000E-03,16
-19.456000E-03,16
-19.454000E-03,16
-19.452000E-03,16
-19.450000E-03,16
-19.448000E-03,16
-19.446000E-03,16
-19.444000E-03,16
-19.442000E-03,16
-19.440000E-03,16
-19.438000E-03,16
-19.436000E-03,16
-19.434000E-03,16
-19.432000E-03,16
-19.430000E-03,16
-19.428000E-03,16
-19.426000E-03,16
-19.424000E-03,16
-19.422000E-03,16
-19.420000E-03,16
-19.418000E-03,16
-19.416000E-03,16
-19.414000E-03,16
-19.412000E-03,16
-19.410000E-03,16
-19.408000E-03,16
-19.406000E-03,16
-19.404000E-03,16
-19.402000E-03,16
-19.400000E-03,16
-19.398000E-03,16
-19.396000E-03,16
-19.394000E-03,16
-19.392000E-03,16
-19.390000E-03,16
-19.388000E-03,16
-19.386000E-03,16
-19.384000E-03,16
-19.382000E-03,16
-19.380000E-03,16
-19.378000E-03,16
-19.376000E-03,16
-19.374000E-03,16
-19.372000E-03,16
-19.370000E-03,16
-19.368000E-03,16
-19.366000E-03,16
-19.364000E-03,16
-19.362000E-03,16
-19.360000E-03,16
-19.358000E-03,16
-19.356000E-03,16
-19.354000E-03,16
-19.352000E-03,16
-19.350000E-03,16
-19.348000E-03,16
-19.346000E-03,16
-19.344000E-03,16
-19.342000E-03,16
-19.340000E-03,16
-19.338000E-03,16
-19.336000E-03,16
-19.334000E-03,16
-19.332000E-03,16
-19.330000E-03,16
-19.328000E-03,16
-19.326000E-03,16
-19.324000E-03,16
-19.322000E-03,16
-19.320000E-03,16
-19.318000E-03,16
-19.316000E-03,16
-19.314000E-03,16
-19.312000E-03,16
-19.310000E-03,16
-19.308000E-03,16
-19.306000E-03,16
-19.304000E-03,16
-19.302000E-03,16
-19.300000E-03,16
-19.298000E-03,16
-19.296000E-03,16
-19.294000E-03,16
-19.292000E-03,16
-19.290000E-03,16
-19.288000E-03,16
-19.286000E-03,16
-19.284000E-03,16
-19.282000E-03,16
-19.280000E-03,16
-19.278000E-03,16
-19.276000E-03,16
-19.274000E-03,16
-19.272000E-03,16
-19.270000E-03,16
-19.268000E-03,16
-19.266000E-03,16
-19.264000E-03,16
-19.262000E-03,16
-19.260000E-03,16
-19.258000E-03,16
-19.256000E-03,16
-19.254000E-03,16
-19.252000E-03,16
-19.250000E-03,16
-19.248000E-03,16
-19.246000E-03,16
-19.244000E-03,16
-19.242000E-03,16
-19.240000E-03,16
-19.238000E-03,16
-19.236000E-03,16
-19.234000E-03,16
-19.232000E-03,16
-19.230000E-03,16
-19.228000E-03,16
-19.226000E-03,16
-19.224000E-03,16
-19.222000E-03,16
-19.220000E-03,16
-19.218000E-03,16
-19.216000E-03,16
-19.214000E-03,16
-19.212000E-03,16
-19.210000E-03,16
-19.208000E-03,16
-19.206000E-03,16
-19.204000E-03,16
-19.202000E-03,16
-19.200000E-03,16
-19.198000E-03,16
-19.196000E-03,16
-19.194000E-03,16
-19.192000E-03,16
-19.190000E-03,16
-19.188000E-03,16
-19.186000E-03,16
-19.184000E-03,16
-19.182000E-03,16
-19.180000E-03,16
-19.178000E-03,16
-19.176000E-03,16
-19.174000E-03,16
-19.172000E-03,16
-19.170000E-03,16
-19.168000E-03,16
-19.166000E-03,16
-19.164000E-03,16
-19.162000E-03,16
-19.160000E-03,16
-19.158000E-03,16
-19.156000E-03,16
-19.154000E-03,16
-19.152000E-03,16
-19.150000E-03,16
-19.148000E-03,16
-19.146000E-03,16
-19.144000E-03,16
-19.142000E-03,16
-19.140000E-03,16
-19.138000E-03,16
-19.136000E-03,16
-19.134000E-03,16
-19.132000E-03,16
-19.130000E-03,16
-19.128000E-03,16
-19.126000E-03,16
-19.124000E-03,16
-19.122000E-03,16
-19.120000E-03,16
-19.118000E-03,16
-19.116000E-03,16
-19.114000E-03,16
-19.112000E-03,16
-19.110000E-03,16
-19.108000E-03,16
-19.106000E-03,16
-19.104000E-03,16
-19.102000E-03,16
-19.100000E-03,16
-19.098000E-03,16
-19.096000E-03,16
-19.094000E-03,16
-19.092000E-03,16
-19.090000E-03,16
-19.088000E-03,16
-19.086000E-03,16
-19.084000E-03,16
-19.082000E-03,16
-19.080000E-03,16
-19.078000E-03,16
-19.076000E-03,16
-19.074000E-03,16
-19.072000E-03,16
-19.070000E-03,16
-19.068000E-03,16
-19.066000E-03,16
-19.064000E-03,16
-19.062000E-03,16
-19.060000E-03,16
-19.058000E-03,16
-19.056000E-03,16
-19.054000E-03,16
-19.052000E-03,16
-19.050000E-03,16
-19.048000E-03,16
-19.046000E-03,16
-19.044000E-03,16
-19.042000E-03,16
-19.040000E-03,16
-19.038000E-03,16
-19.036000E-03,16
-19.034000E-03,16
-19.032000E-03,16
-19.030000E-03,16
-19.028000E-03,16
-19.026000E-03,16
-19.024000E-03,16
-19.022000E-03,16
-19.020000E-03,16
-19.018000E-03,16
-19.016000E-03,16
-19.014000E-03,16
-19.012000E-03,16
-19.010000E-03,16
-19.008000E-03,16
-19.006000E-03,16
-19.004000E-03,16
-19.002000E-03,16
-19.000000E-03,16
-18.998000E-03,16
-18.996000E-03,16
-18.994000E-03,16
-18.992000E-03,16
-18.990000E-03,16
-18.988000E-03,16
-18.986000E-03,16
-18.984000E-03,16
-18.982000E-03,16
-18.980000E-03,16
-18.978000E-03,16
-18.976000E-03,16
-18.974000E-03,16
-18.972000E-03,16
-18.970000E-03,16
-18.968000E-03,16
-18.966000E-03,16
-18.964000E-03,16
-18.962000E-03,16
-18.960000E-03,16
-18.958000E-03,16
-18.956000E-03,16
-18.954000E-03,16
-18.952000E-03,16
-18.950000E-03,16
-18.948000E-03,16
-18.946000E-03,16
-18.944000E-03,16
-18.942000E-03,16
-18.940000E-03,16
-18.938000E-03,16
-18.936000E-03,16
-18.934000E-03,16
-18.932000E-03,16
-18.930000E-03,16
-18.928000E-03,16
-18.926000E-03,16
-18.924000E-03,16
-18.922000E-03,16
-18.920000E-03,16
-18.918000E-03,16
-18.916000E-03,16
-18.914000E-03,16
-18.912000E-03,16
-18.910000E-03,16
-18.908000E-03,16
-18.906000E-03,16
-18.904000E-03,16
-18.902000E-03,16
-18.900000E-03,16
-18.898000E-03,16
-18.896000E-03,16
-18.894000E-03,16
-18.892000E-03,16
-18.890000E-03,16
-18.888000E-03,16
-18.886000E-03,16
-18.884000E-03,16
-18.882000E-03,16
-18.880000E-03,16
-18.878000E-03,16
-18.876000E-03,16
-18.874000E-03,16
-18.872000E-03,16
-18.870000E-03,16
-18.868000E-03,16
-18.866000E-03,16
-18.864000E-03,16
-18.862000E-03,16
-18.860000E-03,16
-18.858000E-03,16
-18.856000E-03,16
-18.854000E-03,16
-18.852000E-03,16
-18.850000E-03,16
-18.848000E-03,16
-18.846000E-03,16
-18.844000E-03,16
-18.842000E-03,16
-18.840000E-03,16
-18.838000E-03,16
-18.836000E-03,16
-18.834000E-03,16
-18.832000E-03,16
-18.830000E-03,16
-18.828000E-03,16
-18.826000E-03,16
-18.824000E-03,16
-18.822000E-03,16
-18.820000E-03,16
-18.818000E-03,16
-18.816000E-03,16
-18.814000E-03,16
-18.812000E-03,16
-18.810000E-03,16
-18.808000E-03,16
-18.806000E-03,16
-18.804000E-03,16
-18.802000E-03,16
-18.800000E-03,16
-18.798000E-03,16
-18.796000E-03,16
-18.794000E-03,16
-18.792000E-03,16
-18.790000E-03,16
-18.788000E-03,16
-18.786000E-03,16
-18.784000E-03,16
-18.782000E-03,16
-18.780000E-03,16
-18.778000E-03,16
-18.776000E-03,16
-18.774000E-03,16
-18.772000E-03,16
-18.770000E-03,16
-18.768000E-03,16
-18.766000E-03,16
-18.764000E-03,16
-18.762000E-03,16
-18.760000E-03,16
-18.758000E-03,16
-18.756000E-03,16
-18.754000E-03,16
-18.752000E-03,16
-18.750000E-03,16
-18.748000E-03,16
-18.746000E-03,16
-18.744000E-03,16
-18.742000E-03,16
-18.740000E-03,16
-18.738000E-03,16
-18.736000E-03,16
-18.734000E-03,16
-18.732000E-03,16
-18.730000E-03,16
-18.728000E-03,16
-18.726000E-03,16
-18.724000E-03,16
-18.722000E-03,16
-18.720000E-03,16
-18.718000E-03,16
-18.716000E-03,16
-18.714000E-03,16
-18.712000E-03,16
-18.710000E-03,16
-18.708000E-03,16
-18.706000E-03,16
-18.704000E-03,16
-18.702000E-03,16
-18.700000E-03,16
-18.698000E-03,16
-18.696000E-03,16
-18.694000E-03,16
-18.692000E-03,16
-18.690000E-03,16
-18.688000E-03,16
-18.686000E-03,16
-18.684000E-03,16
-18.682000E-03,16
-18.680000E-03,16
-18.678000E-03,16
-18.676000E-03,16
-18.674000E-03,16
-18.672000E-03,16
-18.670000E-03,16
-18.668000E-03,16
-18.666000E-03,16
-18.664000E-03,16
-18.662000E-03,16
-18.660000E-03,16
-18.658000E-03,16
-18.656000E-03,16
-18.654000E-03,16
-18.652000E-03,16
-18.650000E-03,16
-18.648000E-03,16
-18.646000E-03,16
-18.644000E-03,16
-18.642000E-03,16
-18.640000E-03,16
-18.638000E-03,16
-18.636000E-03,16
-18.634000E-03,16
-18.632000E-03,16
-18.630000E-03,16
-18.628000E-03,16
-18.626000E-03,16
-18.624000E-03,16
-18.622000E-03,16
-18.620000E-03,16
-18.618000E-03,16
-18.616000E-03,16
-18.614000E-03,16
-18.612000E-03,16
-18.610000E-03,16
-18.608000E-03,16
-18.606000E-03,16
-18.604000E-03,16
-18.602000E-03,16
-18.600000E-03,16
-18.598000E-03,16
-18.596000E-03,16
-18.594000E-03,16
-18.592000E-03,16
-18.590000E-03,16
-18.588000E-03,16
-18.586000E-03,16
-18.584000E-03,16
-18.582000E-03,16
-18.580000E-03,16
-18.578000E-03,16
-18.576000E-03,16
-18.574000E-03,16
-18.572000E-03,16
-18.570000E-03,16
-18.568000E-03,16
-18.566000E-03,16
-18.564000E-03,16
-18.562000E-03,16
-18.560000E-03,16
-18.558000E-03,16
-18.556000E-03,16
-18.554000E-03,16
-18.552000E-03,16
-18.550000E-03,16
-18.548000E-03,16
-18.546000E-03,16
-18.544000E-03,16
-18.542000E-03,16
-18.540000E-03,16
-18.538000E-03,16
-18.536000E-03,16
-18.534000E-03,16
-18.532000E-03,16
-18.530000E-03,16
-18.528000E-03,16
-18.526000E-03,16
-18.524000E-03,16
-18.522000E-03,16
-18.520000E-03,16
-18.518000E-03,16
-18.516000E-03,16
-18.514000E-03,16
-18.512000E-03,16
-18.510000E-03,16
-18.508000E-03,16
-18.506000E-03,16
-18.504000E-03,16
-18.502000E-03,16
-18.500000E-03,16
-18.498000E-03,16
-18.496000E-03,16
-18.494000E-03,16
-18.492000E-03,16
-18.490000E-03,16
-18.488000E-03,16
-18.486000E-03,16
-18.484000E-03,16
-18.482000E-03,16
-18.480000E-03,16
-18.478000E-03,16
-18.476000E-03,16
-18.474000E-03,16
-18.472000E-03,16
-18.470000E-03,16
-18.468000E-03,16
-18.466000E-03,16
-18.464000E-03,16
-18.462000E-03,16
-18.460000E-03,16
-18.458000E-03,16
-18.456000E-03,16
-18.454000E-03,16
-18.452000E-03,16
-18.450000E-03,16
-18.448000E-03,16
-18.446000E-03,16
-18.444000E-03,16
-18.442000E-03,16
-18.440000E-03,16
-18.438000E-03,16
-18.436000E-03,16
-18.434000E-03,16
-18.432000E-03,16
-18.430000E-03,16
-18.428000E-03,16
-18.426000E-03,16
-18.424000E-03,16
-18.422000E-03,16
-18.420000E-03,16
-18.418000E-03,16
-18.416000E-03,16
-18.414000E-03,16
-18.412000E-03,16
-18.410000E-03,16
-18.408000E-03,16
-18.406000E-03,16
-18.404000E-03,16
-18.402000E-03,16
-18.400000E-03,16
-18.398000E-03,16
-18.396000E-03,16
-18.394000E-03,16
-18.392000E-03,16
-18.390000E-03,16
-18.388000E-03,16
-18.386000E-03,16
-18.384000E-03,16
-18.382000E-03,16
-18.380000E-03,16
-18.378000E-03,16
-18.376000E-03,16
-18.374000E-03,16
-18.372000E-03,16
-18.370000E-03,16
-18.368000E-03,16
-18.366000E-03,16
-18.364000E-03,16
-18.362000E-03,16
-18.360000E-03,16
-18.358000E-03,16
-18.356000E-03,16
-18.354000E-03,16
-18.352000E-03,16
-18.350000E-03,16
-18.348000E-03,16
-18.346000E-03,16
-18.344000E-03,16
-18.342000E-03,16
-18.340000E-03,16
-18.338000E-03,16
-18.336000E-03,16
-18.334000E-03,16
-18.332000E-03,16
-18.330000E-03,16
-18.328000E-03,16
-18.326000E-03,16
-18.324000E-03,16
-18.322000E-03,16
-18.320000E-03,16
-18.318000E-03,16
-18.316000E-03,16
-18.314000E-03,16
-18.312000E-03,16
-18.310000E-03,16
-18.308000E-03,16
-18.306000E-03,16
-18.304000E-03,16
-18.302000E-03,16
-18.300000E-03,16
-18.298000E-03,16
-18.296000E-03,16
-18.294000E-03,16
-18.292000E-03,16
-18.290000E-03,16
-18.288000E-03,16
-18.286000E-03,16
-18.284000E-03,16
-18.282000E-03,16
-18.280000E-03,16
-18.278000E-03,16
-18.276000E-03,16
-18.274000E-03,16
-18.272000E-03,16
-18.270000E-03,16
-18.268000E-03,16
-18.266000E-03,16
-18.264000E-03,16
-18.262000E-03,16
-18.260000E-03,16
-18.258000E-03,16
-18.256000E-03,16
-18.254000E-03,16
-18.252000E-03,16
-18.250000E-03,16
-18.248000E-03,16
-18.246000E-03,16
-18.244000E-03,16
-18.242000E-03,16
-18.240000E-03,16
-18.238000E-03,16
-18.236000E-03,16
-18.234000E-03,16
-18.232000E-03,16
-18.230000E-03,16
-18.228000E-03,16
-18.226000E-03,16
-18.224000E-03,16
-18.222000E-03,16
-18.220000E-03,16
-18.218000E-03,16
-18.216000E-03,16
-18.214000E-03,16
-18.212000E-03,16
-18.210000E-03,16
-18.208000E-03,16
-18.206000E-03,16
-18.204000E-03,16
-18.202000E-03,16
-18.200000E-03,16
-18.198000E-03,16
-18.196000E-03,16
-18.194000E-03,16
-18.192000E-03,16
-18.190000E-03,16
-18.188000E-03,16
-18.186000E-03,16
-18.184000E-03,16
-18.182000E-03,16
-18.180000E-03,16
-18.178000E-03,16
-18.176000E-03,16
-18.174000E-03,16
-18.172000E-03,16
-18.170000E-03,16
-18.168000E-03,16
-18.166000E-03,16
-18.164000E-03,16
-18.162000E-03,16
-18.160000E-03,16
-18.158000E-03,16
-18.156000E-03,16
-18.154000E-03,16
-18.152000E-03,16
-18.150000E-03,16
-18.148000E-03,16
-18.146000E-03,16
-18.144000E-03,16
-18.142000E-03,16
-18.140000E-03,16
-18.138000E-03,16
-18.136000E-03,16
-18.134000E-03,16
-18.132000E-03,16
-18.130000E-03,16
-18.128000E-03,16
-18.126000E-03,16
-18.124000E-03,16
-18.122000E-03,16
-18.120000E-03,16
-18.118000E-03,16
-18.116000E-03,16
-18.114000E-03,16
-18.112000E-03,16
-18.110000E-03,16
-18.108000E-03,16
-18.106000E-03,16
-18.104000E-03,16
-18.102000E-03,16
-18.100000E-03,16
-18.098000E-03,16
-18.096000E-03,16
-18.094000E-03,16
-18.092000E-03,16
-18.090000E-03,16
-18.088000E-03,16
-18.086000E-03,16
-18.084000E-03,16
-18.082000E-03,16
-18.080000E-03,16
-18.078000E-03,16
-18.076000E-03,16
-18.074000E-03,16
-18.072000E-03,16
-18.070000E-03,16
-18.068000E-03,16
-18.066000E-03,16
-18.064000E-03,16
-18.062000E-03,16
-18.060000E-03,16
-18.058000E-03,16
-18.056000E-03,16
-18.054000E-03,16
-18.052000E-03,16
-18.050000E-03,16
-18.048000E-03,16
-18.046000E-03,16
-18.044000E-03,16
-18.042000E-03,16
-18.040000E-03,16
-18.038000E-03,16
-18.036000E-03,16
-18.034000E-03,16
-18.032000E-03,16
-18.030000E-03,16
-18.028000E-03,16
-18.026000E-03,16
-18.024000E-03,16
-18.022000E-03,16
-18.020000E-03,16
-18.018000E-03,16
-18.016000E-03,16
-18.014000E-03,16
-18.012000E-03,16
-18.010000E-03,16
-18.008000E-03,16
-18.006000E-03,16
-18.004000E-03,16
-18.002000E-03,16
-18.000000E-03,16
-17.998000E-03,16
-17.996000E-03,16
-17.994000E-03,16
-17.992000E-03,16
-17.990000E-03,16
-17.988000E-03,16
-17.986000E-03,16
-17.984000E-03,16
-17.982000E-03,16
-17.980000E-03,16
-17.978000E-03,16
-17.976000E-03,16
-17.974000E-03,16
-17.972000E-03,16
-17.970000E-03,16
-17.968000E-03,16
-17.966000E-03,16
-17.964000E-03,16
-17.962000E-03,16
-17.960000E-03,16
-17.958000E-03,16
-17.956000E-03,16
-17.954000E-03,16
-17.952000E-03,16
-17.950000E-03,16
-17.948000E-03,16
-17.946000E-03,16
-17.944000E-03,16
-17.942000E-03,16
-17.940000E-03,16
-17.938000E-03,16
-17.936000E-03,16
-17.934000E-03,16
-17.932000E-03,16
-17.930000E-03,16
-17.928000E-03,16
-17.926000E-03,16
-17.924000E-03,16
-17.922000E-03,16
-17.920000E-03,16
-17.918000E-03,16
-17.916000E-03,16
-17.914000E-03,16
-17.912000E-03,16
-17.910000E-03,16
-17.908000E-03,16
-17.906000E-03,16
-17.904000E-03,16
-17.902000E-03,16
-17.900000E-03,16
-17.898000E-03,16
-17.896000E-03,16
-17.894000E-03,16
-17.892000E-03,16
-17.890000E-03,16
-17.888000E-03,16
-17.886000E-03,16
-17.884000E-03,16
-17.882000E-03,16
-17.880000E-03,16
-17.878000E-03,16
-17.876000E-03,16
-17.874000E-03,16
-17.872000E-03,16
-17.870000E-03,16
-17.868000E-03,16
-17.866000E-03,16
-17.864000E-03,16
-17.862000E-03,16
-17.860000E-03,16
-17.858000E-03,16
-17.856000E-03,16
-17.854000E-03,16
-17.852000E-03,16
-17.850000E-03,16
-17.848000E-03,16
-17.846000E-03,16
-17.844000E-03,16
-17.842000E-03,16
-17.840000E-03,16
-17.838000E-03,16
-17.836000E-03,16
-17.834000E-03,16
-17.832000E-03,16
-17.830000E-03,16
-17.828000E-03,16
-17.826000E-03,16
-17.824000E-03,16
-17.822000E-03,16
-17.820000E-03,16
-17.818000E-03,16
-17.816000E-03,16
-17.814000E-03,16
-17.812000E-03,16
-17.810000E-03,16
-17.808000E-03,16
-17.806000E-03,16
-17.804000E-03,16
-17.802000E-03,16
-17.800000E-03,16
-17.798000E-03,16
-17.796000E-03,16
-17.794000E-03,16
-17.792000E-03,16
-17.790000E-03,16
-17.788000E-03,16
-17.786000E-03,16
-17.784000E-03,16
-17.782000E-03,16
-17.780000E-03,16
-17.778000E-03,16
-17.776000E-03,16
-17.774000E-03,16
-17.772000E-03,16
-17.770000E-03,16
-17.768000E-03,16
-17.766000E-03,16
-17.764000E-03,16
-17.762000E-03,16
-17.760000E-03,16
-17.758000E-03,16
-17.756000E-03,16
-17.754000E-03,16
-17.752000E-03,16
-17.750000E-03,16
-17.748000E-03,16
-17.746000E-03,16
-17.744000E-03,16
-17.742000E-03,16
-17.740000E-03,16
-17.738000E-03,16
-17.736000E-03,16
-17.734000E-03,16
-17.732000E-03,16
-17.730000E-03,16
-17.728000E-03,16
-17.726000E-03,16
-17.724000E-03,16
-17.722000E-03,16
-17.720000E-03,16
-17.718000E-03,16
-17.716000E-03,16
-17.714000E-03,16
-17.712000E-03,16
-17.710000E-03,16
-17.708000E-03,16
-17.706000E-03,16
-17.704000E-03,16
-17.702000E-03,16
-17.700000E-03,16
-17.698000E-03,16
-17.696000E-03,16
-17.694000E-03,16
-17.692000E-03,16
-17.690000E-03,16
-17.688000E-03,16
-17.686000E-03,16
-17.684000E-03,16
-17.682000E-03,16
-17.680000E-03,16
-17.678000E-03,16
-17.676000E-03,16
-17.674000E-03,16
-17.672000E-03,16
-17.670000E-03,16
-17.668000E-03,16
-17.666000E-03,16
-17.664000E-03,16
-17.662000E-03,16
-17.660000E-03,16
-17.658000E-03,16
-17.656000E-03,16
-17.654000E-03,16
-17.652000E-03,16
-17.650000E-03,16
-17.648000E-03,16
-17.646000E-03,16
-17.644000E-03,16
-17.642000E-03,16
-17.640000E-03,16
-17.638000E-03,16
-17.636000E-03,16
-17.634000E-03,16
-17.632000E-03,16
-17.630000E-03,16
-17.628000E-03,16
-17.626000E-03,16
-17.624000E-03,16
-17.622000E-03,16
-17.620000E-03,16
-17.618000E-03,16
-17.616000E-03,16
-17.614000E-03,16
-17.612000E-03,16
-17.610000E-03,16
-17.608000E-03,16
-17.606000E-03,16
-17.604000E-03,16
-17.602000E-03,16
-17.600000E-03,16
-17.598000E-03,16
-17.596000E-03,16
-17.594000E-03,16
-17.592000E-03,16
-17.590000E-03,16
-17.588000E-03,16
-17.586000E-03,16
-17.584000E-03,16
-17.582000E-03,16
-17.580000E-03,16
-17.578000E-03,16
-17.576000E-03,16
-17.574000E-03,16
-17.572000E-03,16
-17.570000E-03,16
-17.568000E-03,16
-17.566000E-03,16
-17.564000E-03,16
-17.562000E-03,16
-17.560000E-03,16
-17.558000E-03,16
-17.556000E-03,16
-17.554000E-03,16
-17.552000E-03,16
-17.550000E-03,16
-17.548000E-03,16
-17.546000E-03,16
-17.544000E-03,16
-17.542000E-03,16
-17.540000E-03,16
-17.538000E-03,16
-17.536000E-03,16
-17.534000E-03,16
-17.532000E-03,16
-17.530000E-03,16
-17.528000E-03,16
-17.526000E-03,16
-17.524000E-03,16
-17.522000E-03,16
-17.520000E-03,16
-17.518000E-03,16
-17.516000E-03,16
-17.514000E-03,16
-17.512000E-03,16
-17.510000E-03,16
-17.508000E-03,16
-17.506000E-03,16
-17.504000E-03,16
-17.502000E-03,16
-17.500000E-03,16
-17.498000E-03,16
-17.496000E-03,16
-17.494000E-03,16
-17.492000E-03,16
-17.490000E-03,16
-17.488000E-03,16
-17.486000E-03,16
-17.484000E-03,16
-17.482000E-03,16
-17.480000E-03,16
-17.478000E-03,16
-17.476000E-03,16
-17.474000E-03,16
-17.472000E-03,16
-17.470000E-03,16
-17.468000E-03,16
-17.466000E-03,16
-17.464000E-03,16
-17.462000E-03,16
-17.460000E-03,16
-17.458000E-03,16
-17.456000E-03,16
-17.454000E-03,16
-17.452000E-03,16
-17.450000E-03,16
-17.448000E-03,16
-17.446000E-03,16
-17.444000E-03,16
-17.442000E-03,16
-17.440000E-03,16
-17.438000E-03,16
-17.436000E-03,16
-17.434000E-03,16
-17.432000E-03,16
-17.430000E-03,16
-17.428000E-03,16
-17.426000E-03,16
-17.424000E-03,16
-17.422000E-03,16
-17.420000E-03,16
-17.418000E-03,16
-17.416000E-03,16
-17.414000E-03,16
-17.412000E-03,16
-17.410000E-03,16
-17.408000E-03,16
-17.406000E-03,16
-17.404000E-03,16
-17.402000E-03,16
-17.400000E-03,16
-17.398000E-03,16
-17.396000E-03,16
-17.394000E-03,16
-17.392000E-03,16
-17.390000E-03,16
-17.388000E-03,16
-17.386000E-03,16
-17.384000E-03,16
-17.382000E-03,16
-17.380000E-03,16
-17.378000E-03,16
-17.376000E-03,16
-17.374000E-03,16
-17.372000E-03,16
-17.370000E-03,16
-17.368000E-03,16
-17.366000E-03,16
-17.364000E-03,16
-17.362000E-03,16
-17.360000E-03,16
-17.358000E-03,16
-17.356000E-03,16
-17.354000E-03,16
-17.352000E-03,16
-17.350000E-03,16
-17.348000E-03,16
-17.346000E-03,16
-17.344000E-03,16
-17.342000E-03,16
-17.340000E-03,16
-17.338000E-03,16
-17.336000E-03,16
-17.334000E-03,16
-17.332000E-03,16
-17.330000E-03,16
-17.328000E-03,16
-17.326000E-03,16
-17.324000E-03,16
-17.322000E-03,16
-17.320000E-03,16
-17.318000E-03,16
-17.316000E-03,16
-17.314000E-03,16
-17.312000E-03,16
-17.310000E-03,16
-17.308000E-03,16
-17.306000E-03,16
-17.304000E-03,16
-17.302000E-03,16
-17.300000E-03,16
-17.298000E-03,16
-17.296000E-03,16
-17.294000E-03,16
-17.292000E-03,16
-17.290000E-03,16
-17.288000E-03,16
-17.286000E-03,16
-17.284000E-03,16
-17.282000E-03,16
-17.280000E-03,16
-17.278000E-03,16
-17.276000E-03,16
-17.274000E-03,16
-17.272000E-03,16
-17.270000E-03,16
-17.268000E-03,16
-17.266000E-03,16
-17.264000E-03,16
-17.262000E-03,16
-17.260000E-03,16
-17.258000E-03,16
-17.256000E-03,16
-17.254000E-03,16
-17.252000E-03,16
-17.250000E-03,16
-17.248000E-03,16
-17.246000E-03,16
-17.244000E-03,16
-17.242000E-03,16
-17.240000E-03,16
-17.238000E-03,16
-17.236000E-03,16
-17.234000E-03,16
-17.232000E-03,16
-17.230000E-03,16
-17.228000E-03,16
-17.226000E-03,16
-17.224000E-03,16
-17.222000E-03,16
-17.220000E-03,16
-17.218000E-03,16
-17.216000E-03,16
-17.214000E-03,16
-17.212000E-03,16
-17.210000E-03,16
-17.208000E-03,16
-17.206000E-03,16
-17.204000E-03,16
-17.202000E-03,16
-17.200000E-03,16
-17.198000E-03,16
-17.196000E-03,16
-17.194000E-03,16
-17.192000E-03,16
-17.190000E-03,16
-17.188000E-03,16
-17.186000E-03,16
-17.184000E-03,16
-17.182000E-03,16
-17.180000E-03,16
-17.178000E-03,16
-17.176000E-03,16
-17.174000E-03,16
-17.172000E-03,16
-17.170000E-03,16
-17.168000E-03,16
-17.166000E-03,16
-17.164000E-03,16
-17.162000E-03,16
-17.160000E-03,16
-17.158000E-03,16
-17.156000E-03,16
-17.154000E-03,16
-17.152000E-03,16
-17.150000E-03,16
-17.148000E-03,16
-17.146000E-03,16
-17.144000E-03,16
-17.142000E-03,16
-17.140000E-03,16
-17.138000E-03,16
-17.136000E-03,16
-17.134000E-03,16
-17.132000E-03,16
-17.130000E-03,16
-17.128000E-03,16
-17.126000E-03,16
-17.124000E-03,16
-17.122000E-03,16
-17.120000E-03,16
-17.118000E-03,16
-17.116000E-03,16
-17.114000E-03,16
-17.112000E-03,16
-17.110000E-03,16
-17.108000E-03,16
-17.106000E-03,16
-17.104000E-03,16
-17.102000E-03,16
-17.100000E-03,16
-17.098000E-03,16
-17.096000E-03,16
-17.094000E-03,16
-17.092000E-03,16
-17.090000E-03,16
-17.088000E-03,16
-17.086000E-03,16
-17.084000E-03,16
-17.082000E-03,16
-17.080000E-03,16
-17.078000E-03,16
-17.076000E-03,16
-17.074000E-03,16
-17.072000E-03,16
-17.070000E-03,16
-17.068000E-03,16
-17.066000E-03,16
-17.064000E-03,16
-17.062000E-03,16
-17.060000E-03,16
-17.058000E-03,16
-17.056000E-03,16
-17.054000E-03,16
-17.052000E-03,16
-17.050000E-03,16
-17.048000E-03,16
-17.046000E-03,16
-17.044000E-03,16
-17.042000E-03,16
-17.040000E-03,16
-17.038000E-03,16
-17.036000E-03,16
-17.034000E-03,16
-17.032000E-03,16
-17.030000E-03,16
-17.028000E-03,16
-17.026000E-03,16
-17.024000E-03,16
-17.022000E-03,16
-17.020000E-03,16
-17.018000E-03,16
-17.016000E-03,16
-17.014000E-03,16
-17.012000E-03,16
-17.010000E-03,16
-17.008000E-03,16
-17.006000E-03,16
-17.004000E-03,16
-17.002000E-03,16
-17.000000E-03,16
-16.998000E-03,16
-16.996000E-03,16
-16.994000E-03,16
-16.992000E-03,16
-16.990000E-03,16
-16.988000E-03,16
-16.986000E-03,16
-16.984000E-03,16
-16.982000E-03,16
-16.980000E-03,16
-16.978000E-03,16
-16.976000E-03,16
-16.974000E-03,16
-16.972000E-03,16
-16.970000E-03,16
-16.968000E-03,16
-16.966000E-03,16
-16.964000E-03,16
-16.962000E-03,16
-16.960000E-03,16
-16.958000E-03,16
-16.956000E-03,16
-16.954000E-03,16
-16.952000E-03,16
-16.950000E-03,16
-16.948000E-03,16
-16.946000E-03,16
-16.944000E-03,16
-16.942000E-03,16
-16.940000E-03,16
-16.938000E-03,16
-16.936000E-03,16
-16.934000E-03,16
-16.932000E-03,16
-16.930000E-03,16
-16.928000E-03,16
-16.926000E-03,16
-16.924000E-03,16
-16.922000E-03,16
-16.920000E-03,16
-16.918000E-03,16
-16.916000E-03,16
-16.914000E-03,16
-16.912000E-03,16
-16.910000E-03,16
-16.908000E-03,16
-16.906000E-03,16
-16.904000E-03,16
-16.902000E-03,16
-16.900000E-03,16
-16.898000E-03,16
-16.896000E-03,16
-16.894000E-03,16
-16.892000E-03,16
-16.890000E-03,16
-16.888000E-03,16
-16.886000E-03,16
-16.884000E-03,16
-16.882000E-03,16
-16.880000E-03,16
-16.878000E-03,16
-16.876000E-03,16
-16.874000E-03,16
-16.872000E-03,16
-16.870000E-03,16
-16.868000E-03,16
-16.866000E-03,16
-16.864000E-03,16
-16.862000E-03,16
-16.860000E-03,16
-16.858000E-03,16
-16.856000E-03,16
-16.854000E-03,16
-16.852000E-03,16
-16.850000E-03,16
-16.848000E-03,16
-16.846000E-03,16
-16.844000E-03,16
-16.842000E-03,16
-16.840000E-03,16
-16.838000E-03,16
-16.836000E-03,16
-16.834000E-03,16
-16.832000E-03,16
-16.830000E-03,16
-16.828000E-03,16
-16.826000E-03,16
-16.824000E-03,16
-16.822000E-03,16
-16.820000E-03,16
-16.818000E-03,16
-16.816000E-03,16
-16.814000E-03,16
-16.812000E-03,16
-16.810000E-03,16
-16.808000E-03,16
-16.806000E-03,16
-16.804000E-03,16
-16.802000E-03,16
-16.800000E-03,16
-16.798000E-03,16
-16.796000E-03,16
-16.794000E-03,16
-16.792000E-03,16
-16.790000E-03,16
-16.788000E-03,16
-16.786000E-03,16
-16.784000E-03,16
-16.782000E-03,16
-16.780000E-03,16
-16.778000E-03,16
-16.776000E-03,16
-16.774000E-03,16
-16.772000E-03,16
-16.770000E-03,16
-16.768000E-03,16
-16.766000E-03,16
-16.764000E-03,16
-16.762000E-03,16
-16.760000E-03,16
-16.758000E-03,16
-16.756000E-03,16
-16.754000E-03,16
-16.752000E-03,16
-16.750000E-03,16
-16.748000E-03,16
-16.746000E-03,16
-16.744000E-03,16
-16.742000E-03,16
-16.740000E-03,16
-16.738000E-03,16
-16.736000E-03,16
-16.734000E-03,16
-16.732000E-03,16
-16.730000E-03,16
-16.728000E-03,16
-16.726000E-03,16
-16.724000E-03,16
-16.722000E-03,16
-16.720000E-03,16
-16.718000E-03,16
-16.716000E-03,16
-16.714000E-03,16
-16.712000E-03,16
-16.710000E-03,16
-16.708000E-03,16
-16.706000E-03,16
-16.704000E-03,16
-16.702000E-03,16
-16.700000E-03,16
-16.698000E-03,16
-16.696000E-03,16
-16.694000E-03,16
-16.692000E-03,16
-16.690000E-03,16
-16.688000E-03,16
-16.686000E-03,16
-16.684000E-03,16
-16.682000E-03,16
-16.680000E-03,16
-16.678000E-03,16
-16.676000E-03,16
-16.674000E-03,16
-16.672000E-03,16
-16.670000E-03,16
-16.668000E-03,16
-16.666000E-03,16
-16.664000E-03,16
-16.662000E-03,16
-16.660000E-03,16
-16.658000E-03,16
-16.656000E-03,16
-16.654000E-03,16
-16.652000E-03,16
-16.650000E-03,16
-16.648000E-03,16
-16.646000E-03,16
-16.644000E-03,16
-16.642000E-03,16
-16.640000E-03,16
-16.638000E-03,16
-16.636000E-03,16
-16.634000E-03,16
-16.632000E-03,16
-16.630000E-03,16
-16.628000E-03,16
-16.626000E-03,16
-16.624000E-03,16
-16.622000E-03,16
-16.620000E-03,16
-16.618000E-03,16
-16.616000E-03,16
-16.614000E-03,16
-16.612000E-03,16
-16.610000E-03,16
-16.608000E-03,16
-16.606000E-03,16
-16.604000E-03,16
-16.602000E-03,16
-16.600000E-03,16
-16.598000E-03,16
-16.596000E-03,16
-16.594000E-03,16
-16.592000E-03,16
-16.590000E-03,16
-16.588000E-03,16
-16.586000E-03,16
-16.584000E-03,16
-16.582000E-03,16
-16.580000E-03,16
-16.578000E-03,16
-16.576000E-03,16
-16.574000E-03,16
-16.572000E-03,16
-16.570000E-03,16
-16.568000E-03,16
-16.566000E-03,16
-16.564000E-03,16
-16.562000E-03,16
-16.560000E-03,16
-16.558000E-03,16
-16.556000E-03,16
-16.554000E-03,16
-16.552000E-03,16
-16.550000E-03,16
-16.548000E-03,16
-16.546000E-03,16
-16.544000E-03,16
-16.542000E-03,16
-16.540000E-03,16
-16.538000E-03,16
-16.536000E-03,16
-16.534000E-03,16
-16.532000E-03,16
-16.530000E-03,16
-16.528000E-03,16
-16.526000E-03,16
-16.524000E-03,16
-16.522000E-03,16
-16.520000E-03,16
-16.518000E-03,16
-16.516000E-03,16
-16.514000E-03,16
-16.512000E-03,16
-16.510000E-03,16
-16.508000E-03,16
-16.506000E-03,16
-16.504000E-03,16
-16.502000E-03,16
-16.500000E-03,16
-16.498000E-03,16
-16.496000E-03,16
-16.494000E-03,16
-16.492000E-03,16
-16.490000E-03,16
-16.488000E-03,16
-16.486000E-03,16
-16.484000E-03,16
-16.482000E-03,16
-16.480000E-03,16
-16.478000E-03,16
-16.476000E-03,16
-16.474000E-03,16
-16.472000E-03,16
-16.470000E-03,16
-16.468000E-03,16
-16.466000E-03,16
-16.464000E-03,16
-16.462000E-03,16
-16.460000E-03,16
-16.458000E-03,16
-16.456000E-03,16
-16.454000E-03,16
-16.452000E-03,16
-16.450000E-03,16
-16.448000E-03,16
-16.446000E-03,16
-16.444000E-03,16
-16.442000E-03,16
-16.440000E-03,16
-16.438000E-03,16
-16.436000E-03,16
-16.434000E-03,16
-16.432000E-03,16
-16.430000E-03,16
-16.428000E-03,16
-16.426000E-03,16
-16.424000E-03,16
-16.422000E-03,16
-16.420000E-03,16
-16.418000E-03,16
-16.416000E-03,16
-16.414000E-03,16
-16.412000E-03,16
-16.410000E-03,16
-16.408000E-03,16
-16.406000E-03,16
-16.404000E-03,16
-16.402000E-03,16
-16.400000E-03,16
-16.398000E-03,16
-16.396000E-03,16
-16.394000E-03,16
-16.392000E-03,16
-16.390000E-03,16
-16.388000E-03,16
-16.386000E-03,16
-16.384000E-03,16
-16.382000E-03,16
-16.380000E-03,16
-16.378000E-03,16
-16.376000E-03,16
-16.374000E-03,16
-16.372000E-03,16
-16.370000E-03,16
-16.368000E-03,16
-16.366000E-03,16
-16.364000E-03,16
-16.362000E-03,16
-16.360000E-03,16
-16.358000E-03,16
-16.356000E-03,16
-16.354000E-03,16
-16.352000E-03,16
-16.350000E-03,16
-16.348000E-03,16
-16.346000E-03,16
-16.344000E-03,16
-16.342000E-03,16
-16.340000E-03,16
-16.338000E-03,16
-16.336000E-03,16
-16.334000E-03,16
-16.332000E-03,16
-16.330000E-03,16
-16.328000E-03,16
-16.326000E-03,16
-16.324000E-03,16
-16.322000E-03,16
-16.320000E-03,16
-16.318000E-03,16
-16.316000E-03,16
-16.314000E-03,16
-16.312000E-03,16
-16.310000E-03,16
-16.308000E-03,16
-16.306000E-03,16
-16.304000E-03,16
-16.302000E-03,16
-16.300000E-03,16
-16.298000E-03,16
-16.296000E-03,16
-16.294000E-03,16
-16.292000E-03,16
-16.290000E-03,16
-16.288000E-03,16
-16.286000E-03,16
-16.284000E-03,16
-16.282000E-03,16
-16.280000E-03,16
-16.278000E-03,16
-16.276000E-03,16
-16.274000E-03,16
-16.272000E-03,16
-16.270000E-03,16
-16.268000E-03,16
-16.266000E-03,16
-16.264000E-03,16
-16.262000E-03,16
-16.260000E-03,16
-16.258000E-03,16
-16.256000E-03,16
-16.254000E-03,16
-16.252000E-03,16
-16.250000E-03,16
-16.248000E-03,16
-16.246000E-03,16
-16.244000E-03,16
-16.242000E-03,16
-16.240000E-03,16
-16.238000E-03,16
-16.236000E-03,16
-16.234000E-03,16
-16.232000E-03,16
-16.230000E-03,16
-16.228000E-03,16
-16.226000E-03,16
-16.224000E-03,16
-16.222000E-03,16
-16.220000E-03,16
-16.218000E-03,16
-16.216000E-03,16
-16.214000E-03,16
-16.212000E-03,16
-16.210000E-03,16
-16.208000E-03,16
-16.206000E-03,16
-16.204000E-03,16
-16.202000E-03,16
-16.200000E-03,16
-16.198000E-03,16
-16.196000E-03,16
-16.194000E-03,16
-16.192000E-03,16
-16.190000E-03,16
-16.188000E-03,16
-16.186000E-03,16
-16.184000E-03,16
-16.182000E-03,16
-16.180000E-03,16
-16.178000E-03,16
-16.176000E-03,16
-16.174000E-03,16
-16.172000E-03,16
-16.170000E-03,16
-16.168000E-03,16
-16.166000E-03,16
-16.164000E-03,16
-16.162000E-03,16
-16.160000E-03,16
-16.158000E-03,16
-16.156000E-03,16
-16.154000E-03,16
-16.152000E-03,16
-16.150000E-03,16
-16.148000E-03,16
-16.146000E-03,16
-16.144000E-03,16
-16.142000E-03,16
-16.140000E-03,16
-16.138000E-03,16
-16.136000E-03,16
-16.134000E-03,16
-16.132000E-03,16
-16.130000E-03,16
-16.128000E-03,16
-16.126000E-03,16
-16.124000E-03,16
-16.122000E-03,16
-16.120000E-03,16
-16.118000E-03,16
-16.116000E-03,16
-16.114000E-03,16
-16.112000E-03,16
-16.110000E-03,16
-16.108000E-03,16
-16.106000E-03,16
-16.104000E-03,16
-16.102000E-03,16
-16.100000E-03,16
-16.098000E-03,16
-16.096000E-03,16
-16.094000E-03,16
-16.092000E-03,16
-16.090000E-03,16
-16.088000E-03,16
-16.086000E-03,16
-16.084000E-03,16
-16.082000E-03,16
-16.080000E-03,16
-16.078000E-03,16
-16.076000E-03,16
-16.074000E-03,16
-16.072000E-03,16
-16.070000E-03,16
-16.068000E-03,16
-16.066000E-03,16
-16.064000E-03,16
-16.062000E-03,16
-16.060000E-03,16
-16.058000E-03,16
-16.056000E-03,16
-16.054000E-03,16
-16.052000E-03,16
-16.050000E-03,16
-16.048000E-03,16
-16.046000E-03,16
-16.044000E-03,16
-16.042000E-03,16
-16.040000E-03,16
-16.038000E-03,16
-16.036000E-03,16
-16.034000E-03,16
-16.032000E-03,16
-16.030000E-03,16
-16.028000E-03,16
-16.026000E-03,16
-16.024000E-03,16
-16.022000E-03,16
-16.020000E-03,16
-16.018000E-03,16
-16.016000E-03,16
-16.014000E-03,16
-16.012000E-03,16
-16.010000E-03,16
-16.008000E-03,16
-16.006000E-03,16
-16.004000E-03,16
-16.002000E-03,16
-16.000000E-03,16
-15.998000E-03,16
-15.996000E-03,16
-15.994000E-03,16
-15.992000E-03,16
-15.990000E-03,16
-15.988000E-03,16
-15.986000E-03,16
-15.984000E-03,16
-15.982000E-03,16
-15.980000E-03,16
-15.978000E-03,16
-15.976000E-03,16
-15.974000E-03,16
-15.972000E-03,16
-15.970000E-03,16
-15.968000E-03,16
-15.966000E-03,16
-15.964000E-03,16
-15.962000E-03,16
-15.960000E-03,16
-15.958000E-03,16
-15.956000E-03,16
-15.954000E-03,16
-15.952000E-03,16
-15.950000E-03,16
-15.948000E-03,16
-15.946000E-03,16
-15.944000E-03,16
-15.942000E-03,16
-15.940000E-03,16
-15.938000E-03,16
-15.936000E-03,16
-15.934000E-03,16
-15.932000E-03,16
-15.930000E-03,16
-15.928000E-03,16
-15.926000E-03,16
-15.924000E-03,16
-15.922000E-03,16
-15.920000E-03,16
-15.918000E-03,16
-15.916000E-03,16
-15.914000E-03,16
-15.912000E-03,16
-15.910000E-03,16
-15.908000E-03,16
-15.906000E-03,16
-15.904000E-03,16
-15.902000E-03,16
-15.900000E-03,16
-15.898000E-03,16
-15.896000E-03,16
-15.894000E-03,16
-15.892000E-03,16
-15.890000E-03,16
-15.888000E-03,16
-15.886000E-03,16
-15.884000E-03,16
-15.882000E-03,16
-15.880000E-03,16
-15.878000E-03,16
-15.876000E-03,16
-15.874000E-03,16
-15.872000E-03,16
-15.870000E-03,16
-15.868000E-03,16
-15.866000E-03,16
-15.864000E-03,16
-15.862000E-03,16
-15.860000E-03,16
-15.858000E-03,16
-15.856000E-03,16
-15.854000E-03,16
-15.852000E-03,16
-15.850000E-03,16
-15.848000E-03,16
-15.846000E-03,16
-15.844000E-03,16
-15.842000E-03,16
-15.840000E-03,16
-15.838000E-03,16
-15.836000E-03,16
-15.834000E-03,16
-15.832000E-03,16
-15.830000E-03,16
-15.828000E-03,16
-15.826000E-03,16
-15.824000E-03,16
-15.822000E-03,16
-15.820000E-03,16
-15.818000E-03,16
-15.816000E-03,16
-15.814000E-03,16
-15.812000E-03,16
-15.810000E-03,16
-15.808000E-03,16
-15.806000E-03,16
-15.804000E-03,16
-15.802000E-03,16
-15.800000E-03,16
-15.798000E-03,16
-15.796000E-03,16
-15.794000E-03,16
-15.792000E-03,16
-15.790000E-03,16
-15.788000E-03,16
-15.786000E-03,16
-15.784000E-03,16
-15.782000E-03,16
-15.780000E-03,16
-15.778000E-03,16
-15.776000E-03,16
-15.774000E-03,16
-15.772000E-03,16
-15.770000E-03,16
-15.768000E-03,16
-15.766000E-03,16
-15.764000E-03,16
-15.762000E-03,16
-15.760000E-03,16
-15.758000E-03,16
-15.756000E-03,16
-15.754000E-03,16
-15.752000E-03,16
-15.750000E-03,16
-15.748000E-03,16
-15.746000E-03,16
-15.744000E-03,16
-15.742000E-03,16
-15.740000E-03,16
-15.738000E-03,16
-15.736000E-03,16
-15.734000E-03,16
-15.732000E-03,16
-15.730000E-03,16
-15.728000E-03,16
-15.726000E-03,16
-15.724000E-03,16
-15.722000E-03,16
-15.720000E-03,16
-15.718000E-03,16
-15.716000E-03,16
-15.714000E-03,16
-15.712000E-03,16
-15.710000E-03,16
-15.708000E-03,16
-15.706000E-03,16
-15.704000E-03,16
-15.702000E-03,16
-15.700000E-03,16
-15.698000E-03,16
-15.696000E-03,16
-15.694000E-03,16
-15.692000E-03,16
-15.690000E-03,16
-15.688000E-03,16
-15.686000E-03,16
-15.684000E-03,16
-15.682000E-03,16
-15.680000E-03,16
-15.678000E-03,16
-15.676000E-03,16
-15.674000E-03,16
-15.672000E-03,16
-15.670000E-03,16
-15.668000E-03,16
-15.666000E-03,16
-15.664000E-03,16
-15.662000E-03,16
-15.660000E-03,16
-15.658000E-03,16
-15.656000E-03,16
-15.654000E-03,16
-15.652000E-03,16
-15.650000E-03,16
-15.648000E-03,16
-15.646000E-03,16
-15.644000E-03,16
-15.642000E-03,16
-15.640000E-03,16
-15.638000E-03,16
-15.636000E-03,16
-15.634000E-03,16
-15.632000E-03,16
-15.630000E-03,16
-15.628000E-03,16
-15.626000E-03,16
-15.624000E-03,16
-15.622000E-03,16
-15.620000E-03,16
-15.618000E-03,16
-15.616000E-03,16
-15.614000E-03,16
-15.612000E-03,16
-15.610000E-03,16
-15.608000E-03,16
-15.606000E-03,16
-15.604000E-03,16
-15.602000E-03,16
-15.600000E-03,16
-15.598000E-03,16
-15.596000E-03,16
-15.594000E-03,16
-15.592000E-03,16
-15.590000E-03,16
-15.588000E-03,16
-15.586000E-03,16
-15.584000E-03,16
-15.582000E-03,16
-15.580000E-03,16
-15.578000E-03,16
-15.576000E-03,16
-15.574000E-03,16
-15.572000E-03,16
-15.570000E-03,16
-15.568000E-03,16
-15.566000E-03,16
-15.564000E-03,16
-15.562000E-03,16
-15.560000E-03,16
-15.558000E-03,16
-15.556000E-03,16
-15.554000E-03,16
-15.552000E-03,16
-15.550000E-03,16
-15.548000E-03,16
-15.546000E-03,16
-15.544000E-03,16
-15.542000E-03,16
-15.540000E-03,16
-15.538000E-03,16
-15.536000E-03,16
-15.534000E-03,16
-15.532000E-03,16
-15.530000E-03,16
-15.528000E-03,16
-15.526000E-03,16
-15.524000E-03,16
-15.522000E-03,16
-15.520000E-03,16
-15.518000E-03,16
-15.516000E-03,16
-15.514000E-03,16
-15.512000E-03,16
-15.510000E-03,16
-15.508000E-03,16
-15.506000E-03,16
-15.504000E-03,16
-15.502000E-03,16
-15.500000E-03,16
-15.498000E-03,16
-15.496000E-03,16
-15.494000E-03,16
-15.492000E-03,16
-15.490000E-03,16
-15.488000E-03,16
-15.486000E-03,16
-15.484000E-03,16
-15.482000E-03,16
-15.480000E-03,16
-15.478000E-03,16
-15.476000E-03,16
-15.474000E-03,16
-15.472000E-03,16
-15.470000E-03,16
-15.468000E-03,16
-15.466000E-03,16
-15.464000E-03,16
-15.462000E-03,16
-15.460000E-03,16
-15.458000E-03,16
-15.456000E-03,16
-15.454000E-03,16
-15.452000E-03,16
-15.450000E-03,16
-15.448000E-03,16
-15.446000E-03,16
-15.444000E-03,16
-15.442000E-03,16
-15.440000E-03,16
-15.438000E-03,16
-15.436000E-03,16
-15.434000E-03,16
-15.432000E-03,16
-15.430000E-03,16
-15.428000E-03,16
-15.426000E-03,16
-15.424000E-03,16
-15.422000E-03,16
-15.420000E-03,16
-15.418000E-03,16
-15.416000E-03,16
-15.414000E-03,16
-15.412000E-03,16
-15.410000E-03,16
-15.408000E-03,16
-15.406000E-03,16
-15.404000E-03,16
-15.402000E-03,16
-15.400000E-03,16
-15.398000E-03,16
-15.396000E-03,16
-15.394000E-03,16
-15.392000E-03,16
-15.390000E-03,16
-15.388000E-03,16
-15.386000E-03,16
-15.384000E-03,16
-15.382000E-03,16
-15.380000E-03,16
-15.378000E-03,16
-15.376000E-03,16
-15.374000E-03,16
-15.372000E-03,16
-15.370000E-03,16
-15.368000E-03,16
-15.366000E-03,16
-15.364000E-03,16
-15.362000E-03,16
-15.360000E-03,16
-15.358000E-03,16
-15.356000E-03,16
-15.354000E-03,16
-15.352000E-03,16
-15.350000E-03,16
-15.348000E-03,16
-15.346000E-03,16
-15.344000E-03,16
-15.342000E-03,16
-15.340000E-03,16
-15.338000E-03,16
-15.336000E-03,16
-15.334000E-03,16
-15.332000E-03,16
-15.330000E-03,16
-15.328000E-03,16
-15.326000E-03,16
-15.324000E-03,16
-15.322000E-03,16
-15.320000E-03,16
-15.318000E-03,16
-15.316000E-03,16
-15.314000E-03,16
-15.312000E-03,16
-15.310000E-03,16
-15.308000E-03,16
-15.306000E-03,16
-15.304000E-03,16
-15.302000E-03,16
-15.300000E-03,16
-15.298000E-03,16
-15.296000E-03,16
-15.294000E-03,16
-15.292000E-03,16
-15.290000E-03,16
-15.288000E-03,16
-15.286000E-03,16
-15.284000E-03,16
-15.282000E-03,16
-15.280000E-03,16
-15.278000E-03,16
-15.276000E-03,16
-15.274000E-03,16
-15.272000E-03,16
-15.270000E-03,16
-15.268000E-03,16
-15.266000E-03,16
-15.264000E-03,16
-15.262000E-03,16
-15.260000E-03,16
-15.258000E-03,16
-15.256000E-03,16
-15.254000E-03,16
-15.252000E-03,16
-15.250000E-03,16
-15.248000E-03,16
-15.246000E-03,16
-15.244000E-03,16
-15.242000E-03,16
-15.240000E-03,16
-15.238000E-03,16
-15.236000E-03,16
-15.234000E-03,16
-15.232000E-03,16
-15.230000E-03,16
-15.228000E-03,16
-15.226000E-03,16
-15.224000E-03,16
-15.222000E-03,16
-15.220000E-03,16
-15.218000E-03,16
-15.216000E-03,16
-15.214000E-03,16
-15.212000E-03,16
-15.210000E-03,16
-15.208000E-03,16
-15.206000E-03,16
-15.204000E-03,16
-15.202000E-03,16
-15.200000E-03,16
-15.198000E-03,16
-15.196000E-03,16
-15.194000E-03,16
-15.192000E-03,16
-15.190000E-03,16
-15.188000E-03,16
-15.186000E-03,16
-15.184000E-03,16
-15.182000E-03,16
-15.180000E-03,16
-15.178000E-03,16
-15.176000E-03,16
-15.174000E-03,16
-15.172000E-03,16
-15.170000E-03,16
-15.168000E-03,16
-15.166000E-03,16
-15.164000E-03,16
-15.162000E-03,16
-15.160000E-03,16
-15.158000E-03,16
-15.156000E-03,16
-15.154000E-03,16
-15.152000E-03,16
-15.150000E-03,16
-15.148000E-03,16
-15.146000E-03,16
-15.144000E-03,16
-15.142000E-03,16
-15.140000E-03,16
-15.138000E-03,16
-15.136000E-03,16
-15.134000E-03,16
-15.132000E-03,16
-15.130000E-03,16
-15.128000E-03,16
-15.126000E-03,16
-15.124000E-03,16
-15.122000E-03,16
-15.120000E-03,16
-15.118000E-03,16
-15.116000E-03,16
-15.114000E-03,16
-15.112000E-03,16
-15.110000E-03,16
-15.108000E-03,16
-15.106000E-03,16
-15.104000E-03,16
-15.102000E-03,16
-15.100000E-03,16
-15.098000E-03,16
-15.096000E-03,16
-15.094000E-03,16
-15.092000E-03,16
-15.090000E-03,16
-15.088000E-03,16
-15.086000E-03,16
-15.084000E-03,16
-15.082000E-03,16
-15.080000E-03,16
-15.078000E-03,16
-15.076000E-03,16
-15.074000E-03,16
-15.072000E-03,16
-15.070000E-03,16
-15.068000E-03,16
-15.066000E-03,16
-15.064000E-03,16
-15.062000E-03,16
-15.060000E-03,16
-15.058000E-03,16
-15.056000E-03,16
-15.054000E-03,16
-15.052000E-03,16
-15.050000E-03,16
-15.048000E-03,16
-15.046000E-03,16
-15.044000E-03,16
-15.042000E-03,16
-15.040000E-03,16
-15.038000E-03,16
-15.036000E-03,16
-15.034000E-03,16
-15.032000E-03,16
-15.030000E-03,16
-15.028000E-03,16
-15.026000E-03,16
-15.024000E-03,16
-15.022000E-03,16
-15.020000E-03,16
-15.018000E-03,16
-15.016000E-03,16
-15.014000E-03,16
-15.012000E-03,16
-15.010000E-03,16
-15.008000E-03,16
-15.006000E-03,16
-15.004000E-03,16
-15.002000E-03,16
-15.000000E-03,16
-14.998000E-03,16
-14.996000E-03,16
-14.994000E-03,16
-14.992000E-03,16
-14.990000E-03,16
-14.988000E-03,16
-14.986000E-03,16
-14.984000E-03,16
-14.982000E-03,16
-14.980000E-03,16
-14.978000E-03,16
-14.976000E-03,16
-14.974000E-03,16
-14.972000E-03,16
-14.970000E-03,16
-14.968000E-03,16
-14.966000E-03,16
-14.964000E-03,16
-14.962000E-03,16
-14.960000E-03,16
-14.958000E-03,16
-14.956000E-03,16
-14.954000E-03,16
-14.952000E-03,16
-14.950000E-03,16
-14.948000E-03,16
-14.946000E-03,16
-14.944000E-03,16
-14.942000E-03,16
-14.940000E-03,16
-14.938000E-03,16
-14.936000E-03,16
-14.934000E-03,16
-14.932000E-03,16
-14.930000E-03,16
-14.928000E-03,16
-14.926000E-03,16
-14.924000E-03,16
-14.922000E-03,16
-14.920000E-03,16
-14.918000E-03,16
-14.916000E-03,16
-14.914000E-03,16
-14.912000E-03,16
-14.910000E-03,16
-14.908000E-03,16
-14.906000E-03,16
-14.904000E-03,16
-14.902000E-03,16
-14.900000E-03,16
-14.898000E-03,16
-14.896000E-03,16
-14.894000E-03,16
-14.892000E-03,16
-14.890000E-03,16
-14.888000E-03,16
-14.886000E-03,16
-14.884000E-03,16
-14.882000E-03,16
-14.880000E-03,16
-14.878000E-03,16
-14.876000E-03,16
-14.874000E-03,16
-14.872000E-03,16
-14.870000E-03,16
-14.868000E-03,16
-14.866000E-03,16
-14.864000E-03,16
-14.862000E-03,16
-14.860000E-03,16
-14.858000E-03,16
-14.856000E-03,16
-14.854000E-03,16
-14.852000E-03,16
-14.850000E-03,16
-14.848000E-03,16
-14.846000E-03,16
-14.844000E-03,16
-14.842000E-03,16
-14.840000E-03,16
-14.838000E-03,16
-14.836000E-03,16
-14.834000E-03,16
-14.832000E-03,16
-14.830000E-03,16
-14.828000E-03,16
-14.826000E-03,16
-14.824000E-03,16
-14.822000E-03,16
-14.820000E-03,16
-14.818000E-03,16
-14.816000E-03,16
-14.814000E-03,16
-14.812000E-03,16
-14.810000E-03,16
-14.808000E-03,16
-14.806000E-03,16
-14.804000E-03,16
-14.802000E-03,16
-14.800000E-03,16
-14.798000E-03,16
-14.796000E-03,16
-14.794000E-03,16
-14.792000E-03,16
-14.790000E-03,16
-14.788000E-03,16
-14.786000E-03,16
-14.784000E-03,16
-14.782000E-03,16
-14.780000E-03,16
-14.778000E-03,16
-14.776000E-03,16
-14.774000E-03,16
-14.772000E-03,16
-14.770000E-03,16
-14.768000E-03,16
-14.766000E-03,16
-14.764000E-03,16
-14.762000E-03,16
-14.760000E-03,16
-14.758000E-03,16
-14.756000E-03,16
-14.754000E-03,16
-14.752000E-03,16
-14.750000E-03,16
-14.748000E-03,16
-14.746000E-03,16
-14.744000E-03,16
-14.742000E-03,16
-14.740000E-03,16
-14.738000E-03,16
-14.736000E-03,16
-14.734000E-03,16
-14.732000E-03,16
-14.730000E-03,16
-14.728000E-03,16
-14.726000E-03,16
-14.724000E-03,16
-14.722000E-03,16
-14.720000E-03,16
-14.718000E-03,16
-14.716000E-03,16
-14.714000E-03,16
-14.712000E-03,16
-14.710000E-03,16
-14.708000E-03,16
-14.706000E-03,16
-14.704000E-03,16
-14.702000E-03,16
-14.700000E-03,16
-14.698000E-03,16
-14.696000E-03,16
-14.694000E-03,16
-14.692000E-03,16
-14.690000E-03,16
-14.688000E-03,16
-14.686000E-03,16
-14.684000E-03,16
-14.682000E-03,16
-14.680000E-03,16
-14.678000E-03,16
-14.676000E-03,16
-14.674000E-03,16
-14.672000E-03,16
-14.670000E-03,16
-14.668000E-03,16
-14.666000E-03,16
-14.664000E-03,16
-14.662000E-03,16
-14.660000E-03,16
-14.658000E-03,16
-14.656000E-03,16
-14.654000E-03,16
-14.652000E-03,16
-14.650000E-03,16
-14.648000E-03,16
-14.646000E-03,16
-14.644000E-03,16
-14.642000E-03,16
-14.640000E-03,16
-14.638000E-03,16
-14.636000E-03,16
-14.634000E-03,16
-14.632000E-03,16
-14.630000E-03,16
-14.628000E-03,16
-14.626000E-03,16
-14.624000E-03,16
-14.622000E-03,16
-14.620000E-03,16
-14.618000E-03,16
-14.616000E-03,16
-14.614000E-03,16
-14.612000E-03,16
-14.610000E-03,16
-14.608000E-03,16
-14.606000E-03,16
-14.604000E-03,16
-14.602000E-03,16
-14.600000E-03,16
-14.598000E-03,16
-14.596000E-03,16
-14.594000E-03,16
-14.592000E-03,16
-14.590000E-03,16
-14.588000E-03,16
-14.586000E-03,16
-14.584000E-03,16
-14.582000E-03,16
-14.580000E-03,16
-14.578000E-03,16
-14.576000E-03,16
-14.574000E-03,16
-14.572000E-03,16
-14.570000E-03,16
-14.568000E-03,16
-14.566000E-03,16
-14.564000E-03,16
-14.562000E-03,16
-14.560000E-03,16
-14.558000E-03,16
-14.556000E-03,16
-14.554000E-03,16
-14.552000E-03,16
-14.550000E-03,16
-14.548000E-03,16
-14.546000E-03,16
-14.544000E-03,16
-14.542000E-03,16
-14.540000E-03,16
-14.538000E-03,16
-14.536000E-03,16
-14.534000E-03,16
-14.532000E-03,16
-14.530000E-03,16
-14.528000E-03,16
-14.526000E-03,16
-14.524000E-03,16
-14.522000E-03,16
-14.520000E-03,16
-14.518000E-03,16
-14.516000E-03,16
-14.514000E-03,16
-14.512000E-03,16
-14.510000E-03,16
-14.508000E-03,16
-14.506000E-03,16
-14.504000E-03,16
-14.502000E-03,16
-14.500000E-03,16
-14.498000E-03,16
-14.496000E-03,16
-14.494000E-03,16
-14.492000E-03,16
-14.490000E-03,16
-14.488000E-03,16
-14.486000E-03,16
-14.484000E-03,16
-14.482000E-03,16
-14.480000E-03,16
-14.478000E-03,16
-14.476000E-03,16
-14.474000E-03,16
-14.472000E-03,16
-14.470000E-03,16
-14.468000E-03,16
-14.466000E-03,16
-14.464000E-03,16
-14.462000E-03,16
-14.460000E-03,16
-14.458000E-03,16
-14.456000E-03,16
-14.454000E-03,16
-14.452000E-03,16
-14.450000E-03,16
-14.448000E-03,16
-14.446000E-03,16
-14.444000E-03,16
-14.442000E-03,16
-14.440000E-03,16
-14.438000E-03,16
-14.436000E-03,16
-14.434000E-03,16
-14.432000E-03,16
-14.430000E-03,16
-14.428000E-03,16
-14.426000E-03,16
-14.424000E-03,16
-14.422000E-03,16
-14.420000E-03,16
-14.418000E-03,16
-14.416000E-03,16
-14.414000E-03,16
-14.412000E-03,16
-14.410000E-03,16
-14.408000E-03,16
-14.406000E-03,16
-14.404000E-03,16
-14.402000E-03,16
-14.400000E-03,16
-14.398000E-03,16
-14.396000E-03,16
-14.394000E-03,16
-14.392000E-03,16
-14.390000E-03,16
-14.388000E-03,16
-14.386000E-03,16
-14.384000E-03,16
-14.382000E-03,16
-14.380000E-03,16
-14.378000E-03,16
-14.376000E-03,16
-14.374000E-03,16
-14.372000E-03,16
-14.370000E-03,16
-14.368000E-03,16
-14.366000E-03,16
-14.364000E-03,16
-14.362000E-03,16
-14.360000E-03,16
-14.358000E-03,16
-14.356000E-03,16
-14.354000E-03,16
-14.352000E-03,16
-14.350000E-03,16
-14.348000E-03,16
-14.346000E-03,16
-14.344000E-03,16
-14.342000E-03,16
-14.340000E-03,16
-14.338000E-03,16
-14.336000E-03,16
-14.334000E-03,16
-14.332000E-03,16
-14.330000E-03,16
-14.328000E-03,16
-14.326000E-03,16
-14.324000E-03,16
-14.322000E-03,16
-14.320000E-03,16
-14.318000E-03,16
-14.316000E-03,16
-14.314000E-03,16
-14.312000E-03,16
-14.310000E-03,16
-14.308000E-03,16
-14.306000E-03,16
-14.304000E-03,16
-14.302000E-03,16
-14.300000E-03,16
-14.298000E-03,16
-14.296000E-03,16
-14.294000E-03,16
-14.292000E-03,16
-14.290000E-03,16
-14.288000E-03,16
-14.286000E-03,16
-14.284000E-03,16
-14.282000E-03,16
-14.280000E-03,16
-14.278000E-03,16
-14.276000E-03,16
-14.274000E-03,16
-14.272000E-03,16
-14.270000E-03,16
-14.268000E-03,16
-14.266000E-03,16
-14.264000E-03,16
-14.262000E-03,16
-14.260000E-03,16
-14.258000E-03,16
-14.256000E-03,16
-14.254000E-03,16
-14.252000E-03,16
-14.250000E-03,16
-14.248000E-03,16
-14.246000E-03,16
-14.244000E-03,16
-14.242000E-03,16
-14.240000E-03,16
-14.238000E-03,16
-14.236000E-03,16
-14.234000E-03,16
-14.232000E-03,16
-14.230000E-03,16
-14.228000E-03,16
-14.226000E-03,16
-14.224000E-03,16
-14.222000E-03,16
-14.220000E-03,16
-14.218000E-03,16
-14.216000E-03,16
-14.214000E-03,16
-14.212000E-03,16
-14.210000E-03,16
-14.208000E-03,16
-14.206000E-03,16
-14.204000E-03,16
-14.202000E-03,16
-14.200000E-03,16
-14.198000E-03,16
-14.196000E-03,16
-14.194000E-03,16
-14.192000E-03,16
-14.190000E-03,16
-14.188000E-03,16
-14.186000E-03,16
-14.184000E-03,16
-14.182000E-03,16
-14.180000E-03,16
-14.178000E-03,16
-14.176000E-03,16
-14.174000E-03,16
-14.172000E-03,16
-14.170000E-03,16
-14.168000E-03,16
-14.166000E-03,16
-14.164000E-03,16
-14.162000E-03,16
-14.160000E-03,16
-14.158000E-03,16
-14.156000E-03,16
-14.154000E-03,16
-14.152000E-03,16
-14.150000E-03,16
-14.148000E-03,16
-14.146000E-03,16
-14.144000E-03,16
-14.142000E-03,16
-14.140000E-03,16
-14.138000E-03,16
-14.136000E-03,16
-14.134000E-03,16
-14.132000E-03,16
-14.130000E-03,16
-14.128000E-03,16
-14.126000E-03,16
-14.124000E-03,16
-14.122000E-03,16
-14.120000E-03,16
-14.118000E-03,16
-14.116000E-03,16
-14.114000E-03,16
-14.112000E-03,16
-14.110000E-03,16
-14.108000E-03,16
-14.106000E-03,16
-14.104000E-03,16
-14.102000E-03,16
-14.100000E-03,16
-14.098000E-03,16
-14.096000E-03,16
-14.094000E-03,16
-14.092000E-03,16
-14.090000E-03,16
-14.088000E-03,16
-14.086000E-03,16
-14.084000E-03,16
-14.082000E-03,16
-14.080000E-03,16
-14.078000E-03,16
-14.076000E-03,16
-14.074000E-03,16
-14.072000E-03,16
-14.070000E-03,16
-14.068000E-03,16
-14.066000E-03,16
-14.064000E-03,16
-14.062000E-03,16
-14.060000E-03,16
-14.058000E-03,16
-14.056000E-03,16
-14.054000E-03,16
-14.052000E-03,16
-14.050000E-03,16
-14.048000E-03,16
-14.046000E-03,16
-14.044000E-03,16
-14.042000E-03,16
-14.040000E-03,16
-14.038000E-03,16
-14.036000E-03,16
-14.034000E-03,16
-14.032000E-03,16
-14.030000E-03,16
-14.028000E-03,16
-14.026000E-03,16
-14.024000E-03,16
-14.022000E-03,16
-14.020000E-03,16
-14.018000E-03,16
-14.016000E-03,16
-14.014000E-03,16
-14.012000E-03,16
-14.010000E-03,16
-14.008000E-03,16
-14.006000E-03,16
-14.004000E-03,16
-14.002000E-03,16
-14.000000E-03,16
-13.998000E-03,16
-13.996000E-03,16
-13.994000E-03,16
-13.992000E-03,16
-13.990000E-03,16
-13.988000E-03,16
-13.986000E-03,16
-13.984000E-03,16
-13.982000E-03,16
-13.980000E-03,16
-13.978000E-03,16
-13.976000E-03,16
-13.974000E-03,16
-13.972000E-03,16
-13.970000E-03,16
-13.968000E-03,16
-13.966000E-03,16
-13.964000E-03,16
-13.962000E-03,16
-13.960000E-03,16
-13.958000E-03,16
-13.956000E-03,16
-13.954000E-03,16
-13.952000E-03,16
-13.950000E-03,16
-13.948000E-03,16
-13.946000E-03,16
-13.944000E-03,16
-13.942000E-03,16
-13.940000E-03,16
-13.938000E-03,16
-13.936000E-03,16
-13.934000E-03,16
-13.932000E-03,16
-13.930000E-03,16
-13.928000E-03,16
-13.926000E-03,16
-13.924000E-03,16
-13.922000E-03,16
-13.920000E-03,16
-13.918000E-03,16
-13.916000E-03,16
-13.914000E-03,16
-13.912000E-03,16
-13.910000E-03,16
-13.908000E-03,16
-13.906000E-03,16
-13.904000E-03,16
-13.902000E-03,16
-13.900000E-03,16
-13.898000E-03,16
-13.896000E-03,16
-13.894000E-03,16
-13.892000E-03,16
-13.890000E-03,16
-13.888000E-03,16
-13.886000E-03,16
-13.884000E-03,16
-13.882000E-03,16
-13.880000E-03,16
-13.878000E-03,16
-13.876000E-03,16
-13.874000E-03,16
-13.872000E-03,16
-13.870000E-03,16
-13.868000E-03,16
-13.866000E-03,16
-13.864000E-03,16
-13.862000E-03,16
-13.860000E-03,16
-13.858000E-03,16
-13.856000E-03,16
-13.854000E-03,16
-13.852000E-03,16
-13.850000E-03,16
-13.848000E-03,16
-13.846000E-03,16
-13.844000E-03,16
-13.842000E-03,16
-13.840000E-03,16
-13.838000E-03,16
-13.836000E-03,16
-13.834000E-03,16
-13.832000E-03,16
-13.830000E-03,16
-13.828000E-03,16
-13.826000E-03,16
-13.824000E-03,16
-13.822000E-03,16
-13.820000E-03,16
-13.818000E-03,16
-13.816000E-03,16
-13.814000E-03,16
-13.812000E-03,16
-13.810000E-03,16
-13.808000E-03,16
-13.806000E-03,16
-13.804000E-03,16
-13.802000E-03,16
-13.800000E-03,16
-13.798000E-03,16
-13.796000E-03,16
-13.794000E-03,16
-13.792000E-03,16
-13.790000E-03,16
-13.788000E-03,16
-13.786000E-03,16
-13.784000E-03,16
-13.782000E-03,16
-13.780000E-03,16
-13.778000E-03,16
-13.776000E-03,16
-13.774000E-03,16
-13.772000E-03,16
-13.770000E-03,16
-13.768000E-03,16
-13.766000E-03,16
-13.764000E-03,16
-13.762000E-03,16
-13.760000E-03,16
-13.758000E-03,16
-13.756000E-03,16
-13.754000E-03,16
-13.752000E-03,16
-13.750000E-03,16
-13.748000E-03,16
-13.746000E-03,16
-13.744000E-03,16
-13.742000E-03,16
-13.740000E-03,16
-13.738000E-03,16
-13.736000E-03,16
-13.734000E-03,16
-13.732000E-03,16
-13.730000E-03,16
-13.728000E-03,16
-13.726000E-03,16
-13.724000E-03,16
-13.722000E-03,16
-13.720000E-03,16
-13.718000E-03,16
-13.716000E-03,16
-13.714000E-03,16
-13.712000E-03,16
-13.710000E-03,16
-13.708000E-03,16
-13.706000E-03,16
-13.704000E-03,16
-13.702000E-03,16
-13.700000E-03,16
-13.698000E-03,16
-13.696000E-03,16
-13.694000E-03,16
-13.692000E-03,16
-13.690000E-03,16
-13.688000E-03,16
-13.686000E-03,16
-13.684000E-03,16
-13.682000E-03,16
-13.680000E-03,16
-13.678000E-03,16
-13.676000E-03,16
-13.674000E-03,16
-13.672000E-03,16
-13.670000E-03,16
-13.668000E-03,16
-13.666000E-03,16
-13.664000E-03,16
-13.662000E-03,16
-13.660000E-03,16
-13.658000E-03,16
-13.656000E-03,16
-13.654000E-03,16
-13.652000E-03,16
-13.650000E-03,16
-13.648000E-03,16
-13.646000E-03,16
-13.644000E-03,16
-13.642000E-03,16
-13.640000E-03,16
-13.638000E-03,16
-13.636000E-03,16
-13.634000E-03,16
-13.632000E-03,16
-13.630000E-03,16
-13.628000E-03,16
-13.626000E-03,16
-13.624000E-03,16
-13.622000E-03,16
-13.620000E-03,16
-13.618000E-03,16
-13.616000E-03,16
-13.614000E-03,16
-13.612000E-03,16
-13.610000E-03,16
-13.608000E-03,16
-13.606000E-03,16
-13.604000E-03,16
-13.602000E-03,16
-13.600000E-03,16
-13.598000E-03,16
-13.596000E-03,16
-13.594000E-03,16
-13.592000E-03,16
-13.590000E-03,16
-13.588000E-03,16
-13.586000E-03,16
-13.584000E-03,16
-13.582000E-03,16
-13.580000E-03,16
-13.578000E-03,16
-13.576000E-03,16
-13.574000E-03,16
-13.572000E-03,16
-13.570000E-03,16
-13.568000E-03,16
-13.566000E-03,16
-13.564000E-03,16
-13.562000E-03,16
-13.560000E-03,16
-13.558000E-03,16
-13.556000E-03,16
-13.554000E-03,16
-13.552000E-03,16
-13.550000E-03,16
-13.548000E-03,16
-13.546000E-03,16
-13.544000E-03,16
-13.542000E-03,16
-13.540000E-03,16
-13.538000E-03,16
-13.536000E-03,16
-13.534000E-03,16
-13.532000E-03,16
-13.530000E-03,16
-13.528000E-03,16
-13.526000E-03,16
-13.524000E-03,16
-13.522000E-03,16
-13.520000E-03,16
-13.518000E-03,16
-13.516000E-03,16
-13.514000E-03,16
-13.512000E-03,16
-13.510000E-03,16
-13.508000E-03,16
-13.506000E-03,16
-13.504000E-03,16
-13.502000E-03,16
-13.500000E-03,16
-13.498000E-03,16
-13.496000E-03,16
-13.494000E-03,16
-13.492000E-03,16
-13.490000E-03,16
-13.488000E-03,16
-13.486000E-03,16
-13.484000E-03,16
-13.482000E-03,16
-13.480000E-03,16
-13.478000E-03,16
-13.476000E-03,16
-13.474000E-03,16
-13.472000E-03,16
-13.470000E-03,16
-13.468000E-03,16
-13.466000E-03,16
-13.464000E-03,16
-13.462000E-03,16
-13.460000E-03,16
-13.458000E-03,16
-13.456000E-03,16
-13.454000E-03,16
-13.452000E-03,16
-13.450000E-03,16
-13.448000E-03,16
-13.446000E-03,16
-13.444000E-03,16
-13.442000E-03,16
-13.440000E-03,16
-13.438000E-03,16
-13.436000E-03,16
-13.434000E-03,16
-13.432000E-03,16
-13.430000E-03,16
-13.428000E-03,16
-13.426000E-03,16
-13.424000E-03,16
-13.422000E-03,16
-13.420000E-03,16
-13.418000E-03,16
-13.416000E-03,16
-13.414000E-03,16
-13.412000E-03,16
-13.410000E-03,16
-13.408000E-03,16
-13.406000E-03,16
-13.404000E-03,16
-13.402000E-03,16
-13.400000E-03,16
-13.398000E-03,16
-13.396000E-03,16
-13.394000E-03,16
-13.392000E-03,16
-13.390000E-03,16
-13.388000E-03,16
-13.386000E-03,16
-13.384000E-03,16
-13.382000E-03,16
-13.380000E-03,16
-13.378000E-03,16
-13.376000E-03,16
-13.374000E-03,16
-13.372000E-03,16
-13.370000E-03,16
-13.368000E-03,16
-13.366000E-03,16
-13.364000E-03,16
-13.362000E-03,16
-13.360000E-03,16
-13.358000E-03,16
-13.356000E-03,16
-13.354000E-03,16
-13.352000E-03,16
-13.350000E-03,16
-13.348000E-03,16
-13.346000E-03,16
-13.344000E-03,16
-13.342000E-03,16
-13.340000E-03,16
-13.338000E-03,16
-13.336000E-03,16
-13.334000E-03,16
-13.332000E-03,16
-13.330000E-03,16
-13.328000E-03,16
-13.326000E-03,16
-13.324000E-03,16
-13.322000E-03,16
-13.320000E-03,16
-13.318000E-03,16
-13.316000E-03,16
-13.314000E-03,16
-13.312000E-03,16
-13.310000E-03,16
-13.308000E-03,16
-13.306000E-03,16
-13.304000E-03,16
-13.302000E-03,16
-13.300000E-03,16
-13.298000E-03,16
-13.296000E-03,16
-13.294000E-03,16
-13.292000E-03,16
-13.290000E-03,16
-13.288000E-03,16
-13.286000E-03,16
-13.284000E-03,16
-13.282000E-03,16
-13.280000E-03,16
-13.278000E-03,16
-13.276000E-03,16
-13.274000E-03,16
-13.272000E-03,16
-13.270000E-03,16
-13.268000E-03,16
-13.266000E-03,16
-13.264000E-03,16
-13.262000E-03,16
-13.260000E-03,16
-13.258000E-03,16
-13.256000E-03,16
-13.254000E-03,16
-13.252000E-03,16
-13.250000E-03,16
-13.248000E-03,16
-13.246000E-03,16
-13.244000E-03,16
-13.242000E-03,16
-13.240000E-03,16
-13.238000E-03,16
-13.236000E-03,16
-13.234000E-03,16
-13.232000E-03,16
-13.230000E-03,16
-13.228000E-03,16
-13.226000E-03,16
-13.224000E-03,16
-13.222000E-03,16
-13.220000E-03,16
-13.218000E-03,16
-13.216000E-03,16
-13.214000E-03,16
-13.212000E-03,16
-13.210000E-03,16
-13.208000E-03,16
-13.206000E-03,16
-13.204000E-03,16
-13.202000E-03,16
-13.200000E-03,16
-13.198000E-03,16
-13.196000E-03,16
-13.194000E-03,16
-13.192000E-03,16
-13.190000E-03,16
-13.188000E-03,16
-13.186000E-03,16
-13.184000E-03,16
-13.182000E-03,16
-13.180000E-03,16
-13.178000E-03,16
-13.176000E-03,16
-13.174000E-03,16
-13.172000E-03,16
-13.170000E-03,16
-13.168000E-03,16
-13.166000E-03,16
-13.164000E-03,16
-13.162000E-03,16
-13.160000E-03,16
-13.158000E-03,16
-13.156000E-03,16
-13.154000E-03,16
-13.152000E-03,16
-13.150000E-03,16
-13.148000E-03,16
-13.146000E-03,16
-13.144000E-03,16
-13.142000E-03,16
-13.140000E-03,16
-13.138000E-03,16
-13.136000E-03,16
-13.134000E-03,16
-13.132000E-03,16
-13.130000E-03,16
-13.128000E-03,16
-13.126000E-03,16
-13.124000E-03,16
-13.122000E-03,16
-13.120000E-03,16
-13.118000E-03,16
-13.116000E-03,16
-13.114000E-03,16
-13.112000E-03,16
-13.110000E-03,16
-13.108000E-03,16
-13.106000E-03,16
-13.104000E-03,16
-13.102000E-03,16
-13.100000E-03,16
-13.098000E-03,16
-13.096000E-03,16
-13.094000E-03,16
-13.092000E-03,16
-13.090000E-03,16
-13.088000E-03,16
-13.086000E-03,16
-13.084000E-03,16
-13.082000E-03,16
-13.080000E-03,16
-13.078000E-03,16
-13.076000E-03,16
-13.074000E-03,16
-13.072000E-03,16
-13.070000E-03,16
-13.068000E-03,16
-13.066000E-03,16
-13.064000E-03,16
-13.062000E-03,16
-13.060000E-03,16
-13.058000E-03,16
-13.056000E-03,16
-13.054000E-03,16
-13.052000E-03,16
-13.050000E-03,16
-13.048000E-03,16
-13.046000E-03,16
-13.044000E-03,16
-13.042000E-03,16
-13.040000E-03,16
-13.038000E-03,16
-13.036000E-03,16
-13.034000E-03,16
-13.032000E-03,16
-13.030000E-03,16
-13.028000E-03,16
-13.026000E-03,16
-13.024000E-03,16
-13.022000E-03,16
-13.020000E-03,16
-13.018000E-03,16
-13.016000E-03,16
-13.014000E-03,16
-13.012000E-03,16
-13.010000E-03,16
-13.008000E-03,16
-13.006000E-03,16
-13.004000E-03,16
-13.002000E-03,16
-13.000000E-03,16
-12.998000E-03,16
-12.996000E-03,16
-12.994000E-03,16
-12.992000E-03,16
-12.990000E-03,16
-12.988000E-03,16
-12.986000E-03,16
-12.984000E-03,16
-12.982000E-03,16
-12.980000E-03,16
-12.978000E-03,16
-12.976000E-03,16
-12.974000E-03,16
-12.972000E-03,16
-12.970000E-03,16
-12.968000E-03,16
-12.966000E-03,16
-12.964000E-03,16
-12.962000E-03,16
-12.960000E-03,16
-12.958000E-03,16
-12.956000E-03,16
-12.954000E-03,16
-12.952000E-03,16
-12.950000E-03,16
-12.948000E-03,16
-12.946000E-03,16
-12.944000E-03,16
-12.942000E-03,16
-12.940000E-03,16
-12.938000E-03,16
-12.936000E-03,16
-12.934000E-03,16
-12.932000E-03,16
-12.930000E-03,16
-12.928000E-03,16
-12.926000E-03,16
-12.924000E-03,16
-12.922000E-03,16
-12.920000E-03,16
-12.918000E-03,16
-12.916000E-03,16
-12.914000E-03,16
-12.912000E-03,16
-12.910000E-03,16
-12.908000E-03,16
-12.906000E-03,16
-12.904000E-03,16
-12.902000E-03,16
-12.900000E-03,16
-12.898000E-03,16
-12.896000E-03,16
-12.894000E-03,16
-12.892000E-03,16
-12.890000E-03,16
-12.888000E-03,16
-12.886000E-03,16
-12.884000E-03,16
-12.882000E-03,16
-12.880000E-03,16
-12.878000E-03,16
-12.876000E-03,16
-12.874000E-03,16
-12.872000E-03,16
-12.870000E-03,16
-12.868000E-03,16
-12.866000E-03,16
-12.864000E-03,16
-12.862000E-03,16
-12.860000E-03,16
-12.858000E-03,16
-12.856000E-03,16
-12.854000E-03,16
-12.852000E-03,16
-12.850000E-03,16
-12.848000E-03,16
-12.846000E-03,16
-12.844000E-03,16
-12.842000E-03,16
-12.840000E-03,16
-12.838000E-03,16
-12.836000E-03,16
-12.834000E-03,16
-12.832000E-03,16
-12.830000E-03,16
-12.828000E-03,16
-12.826000E-03,16
-12.824000E-03,16
-12.822000E-03,16
-12.820000E-03,16
-12.818000E-03,16
-12.816000E-03,16
-12.814000E-03,16
-12.812000E-03,16
-12.810000E-03,16
-12.808000E-03,16
-12.806000E-03,16
-12.804000E-03,16
-12.802000E-03,16
-12.800000E-03,16
-12.798000E-03,16
-12.796000E-03,16
-12.794000E-03,16
-12.792000E-03,16
-12.790000E-03,16
-12.788000E-03,16
-12.786000E-03,16
-12.784000E-03,16
-12.782000E-03,16
-12.780000E-03,16
-12.778000E-03,16
-12.776000E-03,16
-12.774000E-03,16
-12.772000E-03,16
-12.770000E-03,16
-12.768000E-03,16
-12.766000E-03,16
-12.764000E-03,16
-12.762000E-03,16
-12.760000E-03,16
-12.758000E-03,16
-12.756000E-03,16
-12.754000E-03,16
-12.752000E-03,16
-12.750000E-03,16
-12.748000E-03,16
-12.746000E-03,16
-12.744000E-03,16
-12.742000E-03,16
-12.740000E-03,16
-12.738000E-03,16
-12.736000E-03,16
-12.734000E-03,16
-12.732000E-03,16
-12.730000E-03,16
-12.728000E-03,16
-12.726000E-03,16
-12.724000E-03,16
-12.722000E-03,16
-12.720000E-03,16
-12.718000E-03,16
-12.716000E-03,16
-12.714000E-03,16
-12.712000E-03,16
-12.710000E-03,16
-12.708000E-03,16
-12.706000E-03,16
-12.704000E-03,16
-12.702000E-03,16
-12.700000E-03,16
-12.698000E-03,16
-12.696000E-03,16
-12.694000E-03,16
-12.692000E-03,16
-12.690000E-03,16
-12.688000E-03,16
-12.686000E-03,16
-12.684000E-03,16
-12.682000E-03,16
-12.680000E-03,16
-12.678000E-03,16
-12.676000E-03,16
-12.674000E-03,16
-12.672000E-03,16
-12.670000E-03,16
-12.668000E-03,16
-12.666000E-03,16
-12.664000E-03,16
-12.662000E-03,16
-12.660000E-03,16
-12.658000E-03,16
-12.656000E-03,16
-12.654000E-03,16
-12.652000E-03,16
-12.650000E-03,16
-12.648000E-03,16
-12.646000E-03,16
-12.644000E-03,16
-12.642000E-03,16
-12.640000E-03,16
-12.638000E-03,16
-12.636000E-03,16
-12.634000E-03,16
-12.632000E-03,16
-12.630000E-03,16
-12.628000E-03,16
-12.626000E-03,16
-12.624000E-03,16
-12.622000E-03,16
-12.620000E-03,16
-12.618000E-03,16
-12.616000E-03,16
-12.614000E-03,16
-12.612000E-03,16
-12.610000E-03,16
-12.608000E-03,16
-12.606000E-03,16
-12.604000E-03,16
-12.602000E-03,16
-12.600000E-03,16
-12.598000E-03,16
-12.596000E-03,16
-12.594000E-03,16
-12.592000E-03,16
-12.590000E-03,16
-12.588000E-03,16
-12.586000E-03,16
-12.584000E-03,16
-12.582000E-03,16
-12.580000E-03,16
-12.578000E-03,16
-12.576000E-03,16
-12.574000E-03,16
-12.572000E-03,16
-12.570000E-03,16
-12.568000E-03,16
-12.566000E-03,16
-12.564000E-03,16
-12.562000E-03,16
-12.560000E-03,16
-12.558000E-03,16
-12.556000E-03,16
-12.554000E-03,16
-12.552000E-03,16
-12.550000E-03,16
-12.548000E-03,16
-12.546000E-03,16
-12.544000E-03,16
-12.542000E-03,16
-12.540000E-03,16
-12.538000E-03,16
-12.536000E-03,16
-12.534000E-03,16
-12.532000E-03,16
-12.530000E-03,16
-12.528000E-03,16
-12.526000E-03,16
-12.524000E-03,16
-12.522000E-03,16
-12.520000E-03,16
-12.518000E-03,16
-12.516000E-03,16
-12.514000E-03,16
-12.512000E-03,16
-12.510000E-03,16
-12.508000E-03,16
-12.506000E-03,16
-12.504000E-03,16
-12.502000E-03,16
-12.500000E-03,16
-12.498000E-03,16
-12.496000E-03,16
-12.494000E-03,16
-12.492000E-03,16
-12.490000E-03,16
-12.488000E-03,16
-12.486000E-03,16
-12.484000E-03,16
-12.482000E-03,16
-12.480000E-03,16
-12.478000E-03,16
-12.476000E-03,16
-12.474000E-03,16
-12.472000E-03,16
-12.470000E-03,16
-12.468000E-03,16
-12.466000E-03,16
-12.464000E-03,16
-12.462000E-03,16
-12.460000E-03,16
-12.458000E-03,16
-12.456000E-03,16
-12.454000E-03,16
-12.452000E-03,16
-12.450000E-03,16
-12.448000E-03,16
-12.446000E-03,16
-12.444000E-03,16
-12.442000E-03,16
-12.440000E-03,16
-12.438000E-03,16
-12.436000E-03,16
-12.434000E-03,16
-12.432000E-03,16
-12.430000E-03,16
-12.428000E-03,16
-12.426000E-03,16
-12.424000E-03,16
-12.422000E-03,16
-12.420000E-03,16
-12.418000E-03,16
-12.416000E-03,16
-12.414000E-03,16
-12.412000E-03,16
-12.410000E-03,16
-12.408000E-03,16
-12.406000E-03,16
-12.404000E-03,16
-12.402000E-03,16
-12.400000E-03,16
-12.398000E-03,16
-12.396000E-03,16
-12.394000E-03,16
-12.392000E-03,16
-12.390000E-03,16
-12.388000E-03,16
-12.386000E-03,16
-12.384000E-03,16
-12.382000E-03,16
-12.380000E-03,16
-12.378000E-03,16
-12.376000E-03,16
-12.374000E-03,16
-12.372000E-03,16
-12.370000E-03,16
-12.368000E-03,16
-12.366000E-03,16
-12.364000E-03,16
-12.362000E-03,16
-12.360000E-03,16
-12.358000E-03,16
-12.356000E-03,16
-12.354000E-03,16
-12.352000E-03,16
-12.350000E-03,16
-12.348000E-03,16
-12.346000E-03,16
-12.344000E-03,16
-12.342000E-03,16
-12.340000E-03,16
-12.338000E-03,16
-12.336000E-03,16
-12.334000E-03,16
-12.332000E-03,16
-12.330000E-03,16
-12.328000E-03,16
-12.326000E-03,16
-12.324000E-03,16
-12.322000E-03,16
-12.320000E-03,16
-12.318000E-03,16
-12.316000E-03,16
-12.314000E-03,16
-12.312000E-03,16
-12.310000E-03,16
-12.308000E-03,16
-12.306000E-03,16
-12.304000E-03,16
-12.302000E-03,16
-12.300000E-03,16
-12.298000E-03,16
-12.296000E-03,16
-12.294000E-03,16
-12.292000E-03,16
-12.290000E-03,16
-12.288000E-03,16
-12.286000E-03,16
-12.284000E-03,16
-12.282000E-03,16
-12.280000E-03,16
-12.278000E-03,16
-12.276000E-03,16
-12.274000E-03,16
-12.272000E-03,16
-12.270000E-03,16
-12.268000E-03,16
-12.266000E-03,16
-12.264000E-03,16
-12.262000E-03,16
-12.260000E-03,16
-12.258000E-03,16
-12.256000E-03,16
-12.254000E-03,16
-12.252000E-03,16
-12.250000E-03,16
-12.248000E-03,16
-12.246000E-03,16
-12.244000E-03,16
-12.242000E-03,16
-12.240000E-03,16
-12.238000E-03,16
-12.236000E-03,16
-12.234000E-03,16
-12.232000E-03,16
-12.230000E-03,16
-12.228000E-03,16
-12.226000E-03,16
-12.224000E-03,16
-12.222000E-03,16
-12.220000E-03,16
-12.218000E-03,16
-12.216000E-03,16
-12.214000E-03,16
-12.212000E-03,16
-12.210000E-03,16
-12.208000E-03,16
-12.206000E-03,16
-12.204000E-03,16
-12.202000E-03,16
-12.200000E-03,16
-12.198000E-03,16
-12.196000E-03,16
-12.194000E-03,16
-12.192000E-03,16
-12.190000E-03,16
-12.188000E-03,16
-12.186000E-03,16
-12.184000E-03,16
-12.182000E-03,16
-12.180000E-03,16
-12.178000E-03,16
-12.176000E-03,16
-12.174000E-03,16
-12.172000E-03,16
-12.170000E-03,16
-12.168000E-03,16
-12.166000E-03,16
-12.164000E-03,16
-12.162000E-03,16
-12.160000E-03,16
-12.158000E-03,16
-12.156000E-03,16
-12.154000E-03,16
-12.152000E-03,16
-12.150000E-03,16
-12.148000E-03,16
-12.146000E-03,16
-12.144000E-03,16
-12.142000E-03,16
-12.140000E-03,16
-12.138000E-03,16
-12.136000E-03,16
-12.134000E-03,16
-12.132000E-03,16
-12.130000E-03,16
-12.128000E-03,16
-12.126000E-03,16
-12.124000E-03,16
-12.122000E-03,16
-12.120000E-03,16
-12.118000E-03,16
-12.116000E-03,16
-12.114000E-03,16
-12.112000E-03,16
-12.110000E-03,16
-12.108000E-03,16
-12.106000E-03,16
-12.104000E-03,16
-12.102000E-03,16
-12.100000E-03,16
-12.098000E-03,16
-12.096000E-03,16
-12.094000E-03,16
-12.092000E-03,16
-12.090000E-03,16
-12.088000E-03,16
-12.086000E-03,16
-12.084000E-03,16
-12.082000E-03,16
-12.080000E-03,16
-12.078000E-03,16
-12.076000E-03,16
-12.074000E-03,16
-12.072000E-03,16
-12.070000E-03,16
-12.068000E-03,16
-12.066000E-03,16
-12.064000E-03,16
-12.062000E-03,16
-12.060000E-03,16
-12.058000E-03,16
-12.056000E-03,16
-12.054000E-03,16
-12.052000E-03,16
-12.050000E-03,16
-12.048000E-03,16
-12.046000E-03,16
-12.044000E-03,16
-12.042000E-03,16
-12.040000E-03,16
-12.038000E-03,16
-12.036000E-03,16
-12.034000E-03,16
-12.032000E-03,16
-12.030000E-03,16
-12.028000E-03,16
-12.026000E-03,16
-12.024000E-03,16
-12.022000E-03,16
-12.020000E-03,16
-12.018000E-03,16
-12.016000E-03,16
-12.014000E-03,16
-12.012000E-03,16
-12.010000E-03,16
-12.008000E-03,16
-12.006000E-03,16
-12.004000E-03,16
-12.002000E-03,16
-12.000000E-03,16
-11.998000E-03,16
-11.996000E-03,16
-11.994000E-03,16
-11.992000E-03,16
-11.990000E-03,16
-11.988000E-03,16
-11.986000E-03,16
-11.984000E-03,16
-11.982000E-03,16
-11.980000E-03,16
-11.978000E-03,16
-11.976000E-03,16
-11.974000E-03,16
-11.972000E-03,16
-11.970000E-03,16
-11.968000E-03,16
-11.966000E-03,16
-11.964000E-03,16
-11.962000E-03,16
-11.960000E-03,16
-11.958000E-03,16
-11.956000E-03,16
-11.954000E-03,16
-11.952000E-03,16
-11.950000E-03,16
-11.948000E-03,16
-11.946000E-03,16
-11.944000E-03,16
-11.942000E-03,16
-11.940000E-03,16
-11.938000E-03,16
-11.936000E-03,16
-11.934000E-03,16
-11.932000E-03,16
-11.930000E-03,16
-11.928000E-03,16
-11.926000E-03,16
-11.924000E-03,16
-11.922000E-03,16
-11.920000E-03,16
-11.918000E-03,16
-11.916000E-03,16
-11.914000E-03,16
-11.912000E-03,16
-11.910000E-03,16
-11.908000E-03,16
-11.906000E-03,16
-11.904000E-03,16
-11.902000E-03,16
-11.900000E-03,16
-11.898000E-03,16
-11.896000E-03,16
-11.894000E-03,16
-11.892000E-03,16
-11.890000E-03,16
-11.888000E-03,16
-11.886000E-03,16
-11.884000E-03,16
-11.882000E-03,16
-11.880000E-03,16
-11.878000E-03,16
-11.876000E-03,16
-11.874000E-03,16
-11.872000E-03,16
-11.870000E-03,16
-11.868000E-03,16
-11.866000E-03,16
-11.864000E-03,16
-11.862000E-03,16
-11.860000E-03,16
-11.858000E-03,16
-11.856000E-03,16
-11.854000E-03,16
-11.852000E-03,16
-11.850000E-03,16
-11.848000E-03,16
-11.846000E-03,16
-11.844000E-03,16
-11.842000E-03,16
-11.840000E-03,16
-11.838000E-03,16
-11.836000E-03,16
-11.834000E-03,16
-11.832000E-03,16
-11.830000E-03,16
-11.828000E-03,16
-11.826000E-03,16
-11.824000E-03,16
-11.822000E-03,16
-11.820000E-03,16
-11.818000E-03,16
-11.816000E-03,16
-11.814000E-03,16
-11.812000E-03,16
-11.810000E-03,16
-11.808000E-03,16
-11.806000E-03,16
-11.804000E-03,16
-11.802000E-03,16
-11.800000E-03,16
-11.798000E-03,16
-11.796000E-03,16
-11.794000E-03,16
-11.792000E-03,16
-11.790000E-03,16
-11.788000E-03,16
-11.786000E-03,16
-11.784000E-03,16
-11.782000E-03,16
-11.780000E-03,16
-11.778000E-03,16
-11.776000E-03,16
-11.774000E-03,16
-11.772000E-03,16
-11.770000E-03,16
-11.768000E-03,16
-11.766000E-03,16
-11.764000E-03,16
-11.762000E-03,16
-11.760000E-03,16
-11.758000E-03,16
-11.756000E-03,16
-11.754000E-03,16
-11.752000E-03,16
-11.750000E-03,16
-11.748000E-03,16
-11.746000E-03,16
-11.744000E-03,16
-11.742000E-03,16
-11.740000E-03,16
-11.738000E-03,16
-11.736000E-03,16
-11.734000E-03,16
-11.732000E-03,16
-11.730000E-03,16
-11.728000E-03,16
-11.726000E-03,16
-11.724000E-03,16
-11.722000E-03,16
-11.720000E-03,16
-11.718000E-03,16
-11.716000E-03,16
-11.714000E-03,16
-11.712000E-03,16
-11.710000E-03,16
-11.708000E-03,16
-11.706000E-03,16
-11.704000E-03,16
-11.702000E-03,16
-11.700000E-03,16
-11.698000E-03,16
-11.696000E-03,16
-11.694000E-03,16
-11.692000E-03,16
-11.690000E-03,16
-11.688000E-03,16
-11.686000E-03,16
-11.684000E-03,16
-11.682000E-03,16
-11.680000E-03,16
-11.678000E-03,16
-11.676000E-03,16
-11.674000E-03,16
-11.672000E-03,16
-11.670000E-03,16
-11.668000E-03,16
-11.666000E-03,16
-11.664000E-03,16
-11.662000E-03,16
-11.660000E-03,16
-11.658000E-03,16
-11.656000E-03,16
-11.654000E-03,16
-11.652000E-03,16
-11.650000E-03,16
-11.648000E-03,16
-11.646000E-03,16
-11.644000E-03,16
-11.642000E-03,16
-11.640000E-03,16
-11.638000E-03,16
-11.636000E-03,16
-11.634000E-03,16
-11.632000E-03,16
-11.630000E-03,16
-11.628000E-03,16
-11.626000E-03,16
-11.624000E-03,16
-11.622000E-03,16
-11.620000E-03,16
-11.618000E-03,16
-11.616000E-03,16
-11.614000E-03,16
-11.612000E-03,16
-11.610000E-03,16
-11.608000E-03,16
-11.606000E-03,16
-11.604000E-03,16
-11.602000E-03,16
-11.600000E-03,16
-11.598000E-03,16
-11.596000E-03,16
-11.594000E-03,16
-11.592000E-03,16
-11.590000E-03,16
-11.588000E-03,16
-11.586000E-03,16
-11.584000E-03,16
-11.582000E-03,16
-11.580000E-03,16
-11.578000E-03,16
-11.576000E-03,16
-11.574000E-03,16
-11.572000E-03,16
-11.570000E-03,16
-11.568000E-03,16
-11.566000E-03,16
-11.564000E-03,16
-11.562000E-03,16
-11.560000E-03,16
-11.558000E-03,16
-11.556000E-03,16
-11.554000E-03,16
-11.552000E-03,16
-11.550000E-03,16
-11.548000E-03,16
-11.546000E-03,16
-11.544000E-03,16
-11.542000E-03,16
-11.540000E-03,16
-11.538000E-03,16
-11.536000E-03,16
-11.534000E-03,16
-11.532000E-03,16
-11.530000E-03,16
-11.528000E-03,16
-11.526000E-03,16
-11.524000E-03,16
-11.522000E-03,16
-11.520000E-03,16
-11.518000E-03,16
-11.516000E-03,16
-11.514000E-03,16
-11.512000E-03,16
-11.510000E-03,16
-11.508000E-03,16
-11.506000E-03,16
-11.504000E-03,16
-11.502000E-03,16
-11.500000E-03,16
-11.498000E-03,16
-11.496000E-03,16
-11.494000E-03,16
-11.492000E-03,16
-11.490000E-03,16
-11.488000E-03,16
-11.486000E-03,16
-11.484000E-03,16
-11.482000E-03,16
-11.480000E-03,16
-11.478000E-03,16
-11.476000E-03,16
-11.474000E-03,16
-11.472000E-03,16
-11.470000E-03,16
-11.468000E-03,16
-11.466000E-03,16
-11.464000E-03,16
-11.462000E-03,16
-11.460000E-03,16
-11.458000E-03,16
-11.456000E-03,16
-11.454000E-03,16
-11.452000E-03,16
-11.450000E-03,16
-11.448000E-03,16
-11.446000E-03,16
-11.444000E-03,16
-11.442000E-03,16
-11.440000E-03,16
-11.438000E-03,16
-11.436000E-03,16
-11.434000E-03,16
-11.432000E-03,16
-11.430000E-03,16
-11.428000E-03,16
-11.426000E-03,16
-11.424000E-03,16
-11.422000E-03,16
-11.420000E-03,16
-11.418000E-03,16
-11.416000E-03,16
-11.414000E-03,16
-11.412000E-03,16
-11.410000E-03,16
-11.408000E-03,16
-11.406000E-03,16
-11.404000E-03,16
-11.402000E-03,16
-11.400000E-03,16
-11.398000E-03,16
-11.396000E-03,16
-11.394000E-03,16
-11.392000E-03,16
-11.390000E-03,16
-11.388000E-03,16
-11.386000E-03,16
-11.384000E-03,16
-11.382000E-03,16
-11.380000E-03,16
-11.378000E-03,16
-11.376000E-03,16
-11.374000E-03,16
-11.372000E-03,16
-11.370000E-03,16
-11.368000E-03,16
-11.366000E-03,16
-11.364000E-03,16
-11.362000E-03,16
-11.360000E-03,16
-11.358000E-03,16
-11.356000E-03,16
-11.354000E-03,16
-11.352000E-03,16
-11.350000E-03,16
-11.348000E-03,16
-11.346000E-03,16
-11.344000E-03,16
-11.342000E-03,16
-11.340000E-03,16
-11.338000E-03,16
-11.336000E-03,16
-11.334000E-03,16
-11.332000E-03,16
-11.330000E-03,16
-11.328000E-03,16
-11.326000E-03,16
-11.324000E-03,16
-11.322000E-03,16
-11.320000E-03,16
-11.318000E-03,16
-11.316000E-03,16
-11.314000E-03,16
-11.312000E-03,16
-11.310000E-03,16
-11.308000E-03,16
-11.306000E-03,16
-11.304000E-03,16
-11.302000E-03,16
-11.300000E-03,16
-11.298000E-03,16
-11.296000E-03,16
-11.294000E-03,16
-11.292000E-03,16
-11.290000E-03,16
-11.288000E-03,16
-11.286000E-03,16
-11.284000E-03,16
-11.282000E-03,16
-11.280000E-03,16
-11.278000E-03,16
-11.276000E-03,16
-11.274000E-03,16
-11.272000E-03,16
-11.270000E-03,16
-11.268000E-03,16
-11.266000E-03,16
-11.264000E-03,16
-11.262000E-03,16
-11.260000E-03,16
-11.258000E-03,16
-11.256000E-03,16
-11.254000E-03,16
-11.252000E-03,16
-11.250000E-03,16
-11.248000E-03,16
-11.246000E-03,16
-11.244000E-03,16
-11.242000E-03,16
-11.240000E-03,16
-11.238000E-03,16
-11.236000E-03,16
-11.234000E-03,16
-11.232000E-03,16
-11.230000E-03,16
-11.228000E-03,16
-11.226000E-03,16
-11.224000E-03,16
-11.222000E-03,16
-11.220000E-03,16
-11.218000E-03,16
-11.216000E-03,16
-11.214000E-03,16
-11.212000E-03,16
-11.210000E-03,16
-11.208000E-03,16
-11.206000E-03,16
-11.204000E-03,16
-11.202000E-03,16
-11.200000E-03,16
-11.198000E-03,16
-11.196000E-03,16
-11.194000E-03,16
-11.192000E-03,16
-11.190000E-03,16
-11.188000E-03,16
-11.186000E-03,16
-11.184000E-03,16
-11.182000E-03,16
-11.180000E-03,16
-11.178000E-03,16
-11.176000E-03,16
-11.174000E-03,16
-11.172000E-03,16
-11.170000E-03,16
-11.168000E-03,16
-11.166000E-03,16
-11.164000E-03,16
-11.162000E-03,16
-11.160000E-03,16
-11.158000E-03,16
-11.156000E-03,16
-11.154000E-03,16
-11.152000E-03,16
-11.150000E-03,16
-11.148000E-03,16
-11.146000E-03,16
-11.144000E-03,16
-11.142000E-03,16
-11.140000E-03,16
-11.138000E-03,16
-11.136000E-03,16
-11.134000E-03,16
-11.132000E-03,16
-11.130000E-03,16
-11.128000E-03,16
-11.126000E-03,16
-11.124000E-03,16
-11.122000E-03,16
-11.120000E-03,16
-11.118000E-03,16
-11.116000E-03,16
-11.114000E-03,16
-11.112000E-03,16
-11.110000E-03,16
-11.108000E-03,16
-11.106000E-03,16
-11.104000E-03,16
-11.102000E-03,16
-11.100000E-03,16
-11.098000E-03,16
-11.096000E-03,16
-11.094000E-03,16
-11.092000E-03,16
-11.090000E-03,16
-11.088000E-03,16
-11.086000E-03,16
-11.084000E-03,16
-11.082000E-03,16
-11.080000E-03,16
-11.078000E-03,16
-11.076000E-03,16
-11.074000E-03,16
-11.072000E-03,16
-11.070000E-03,16
-11.068000E-03,16
-11.066000E-03,16
-11.064000E-03,16
-11.062000E-03,16
-11.060000E-03,16
-11.058000E-03,16
-11.056000E-03,16
-11.054000E-03,16
-11.052000E-03,16
-11.050000E-03,16
-11.048000E-03,16
-11.046000E-03,16
-11.044000E-03,16
-11.042000E-03,16
-11.040000E-03,16
-11.038000E-03,16
-11.036000E-03,16
-11.034000E-03,16
-11.032000E-03,16
-11.030000E-03,16
-11.028000E-03,16
-11.026000E-03,16
-11.024000E-03,16
-11.022000E-03,16
-11.020000E-03,16
-11.018000E-03,16
-11.016000E-03,16
-11.014000E-03,16
-11.012000E-03,16
-11.010000E-03,16
-11.008000E-03,16
-11.006000E-03,16
-11.004000E-03,16
-11.002000E-03,16
-11.000000E-03,16
-10.998000E-03,16
-10.996000E-03,16
-10.994000E-03,16
-10.992000E-03,16
-10.990000E-03,16
-10.988000E-03,16
-10.986000E-03,16
-10.984000E-03,16
-10.982000E-03,16
-10.980000E-03,16
-10.978000E-03,16
-10.976000E-03,16
-10.974000E-03,16
-10.972000E-03,16
-10.970000E-03,16
-10.968000E-03,16
-10.966000E-03,16
-10.964000E-03,16
-10.962000E-03,16
-10.960000E-03,16
-10.958000E-03,16
-10.956000E-03,16
-10.954000E-03,16
-10.952000E-03,16
-10.950000E-03,16
-10.948000E-03,16
-10.946000E-03,16
-10.944000E-03,16
-10.942000E-03,16
-10.940000E-03,16
-10.938000E-03,16
-10.936000E-03,16
-10.934000E-03,16
-10.932000E-03,16
-10.930000E-03,16
-10.928000E-03,16
-10.926000E-03,16
-10.924000E-03,16
-10.922000E-03,16
-10.920000E-03,16
-10.918000E-03,16
-10.916000E-03,16
-10.914000E-03,16
-10.912000E-03,16
-10.910000E-03,16
-10.908000E-03,16
-10.906000E-03,16
-10.904000E-03,16
-10.902000E-03,16
-10.900000E-03,16
-10.898000E-03,16
-10.896000E-03,16
-10.894000E-03,16
-10.892000E-03,16
-10.890000E-03,16
-10.888000E-03,16
-10.886000E-03,16
-10.884000E-03,16
-10.882000E-03,16
-10.880000E-03,16
-10.878000E-03,16
-10.876000E-03,16
-10.874000E-03,16
-10.872000E-03,16
-10.870000E-03,16
-10.868000E-03,16
-10.866000E-03,16
-10.864000E-03,16
-10.862000E-03,16
-10.860000E-03,16
-10.858000E-03,16
-10.856000E-03,16
-10.854000E-03,16
-10.852000E-03,16
-10.850000E-03,16
-10.848000E-03,16
-10.846000E-03,16
-10.844000E-03,16
-10.842000E-03,16
-10.840000E-03,16
-10.838000E-03,16
-10.836000E-03,16
-10.834000E-03,16
-10.832000E-03,16
-10.830000E-03,16
-10.828000E-03,16
-10.826000E-03,16
-10.824000E-03,16
-10.822000E-03,16
-10.820000E-03,16
-10.818000E-03,16
-10.816000E-03,16
-10.814000E-03,16
-10.812000E-03,16
-10.810000E-03,16
-10.808000E-03,16
-10.806000E-03,16
-10.804000E-03,16
-10.802000E-03,16
-10.800000E-03,16
-10.798000E-03,16
-10.796000E-03,16
-10.794000E-03,16
-10.792000E-03,16
-10.790000E-03,16
-10.788000E-03,16
-10.786000E-03,16
-10.784000E-03,16
-10.782000E-03,16
-10.780000E-03,16
-10.778000E-03,16
-10.776000E-03,16
-10.774000E-03,16
-10.772000E-03,16
-10.770000E-03,16
-10.768000E-03,16
-10.766000E-03,16
-10.764000E-03,16
-10.762000E-03,16
-10.760000E-03,16
-10.758000E-03,16
-10.756000E-03,16
-10.754000E-03,16
-10.752000E-03,16
-10.750000E-03,16
-10.748000E-03,16
-10.746000E-03,16
-10.744000E-03,16
-10.742000E-03,16
-10.740000E-03,16
-10.738000E-03,16
-10.736000E-03,16
-10.734000E-03,16
-10.732000E-03,16
-10.730000E-03,16
-10.728000E-03,16
-10.726000E-03,16
-10.724000E-03,16
-10.722000E-03,16
-10.720000E-03,16
-10.718000E-03,16
-10.716000E-03,16
-10.714000E-03,16
-10.712000E-03,16
-10.710000E-03,16
-10.708000E-03,16
-10.706000E-03,16
-10.704000E-03,16
-10.702000E-03,16
-10.700000E-03,16
-10.698000E-03,16
-10.696000E-03,16
-10.694000E-03,16
-10.692000E-03,16
-10.690000E-03,16
-10.688000E-03,16
-10.686000E-03,16
-10.684000E-03,16
-10.682000E-03,16
-10.680000E-03,16
-10.678000E-03,16
-10.676000E-03,16
-10.674000E-03,16
-10.672000E-03,16
-10.670000E-03,16
-10.668000E-03,16
-10.666000E-03,16
-10.664000E-03,16
-10.662000E-03,16
-10.660000E-03,16
-10.658000E-03,16
-10.656000E-03,16
-10.654000E-03,16
-10.652000E-03,16
-10.650000E-03,16
-10.648000E-03,16
-10.646000E-03,16
-10.644000E-03,16
-10.642000E-03,16
-10.640000E-03,16
-10.638000E-03,16
-10.636000E-03,16
-10.634000E-03,16
-10.632000E-03,16
-10.630000E-03,16
-10.628000E-03,16
-10.626000E-03,16
-10.624000E-03,16
-10.622000E-03,16
-10.620000E-03,16
-10.618000E-03,16
-10.616000E-03,16
-10.614000E-03,16
-10.612000E-03,16
-10.610000E-03,16
-10.608000E-03,16
-10.606000E-03,16
-10.604000E-03,16
-10.602000E-03,16
-10.600000E-03,16
-10.598000E-03,16
-10.596000E-03,16
-10.594000E-03,16
-10.592000E-03,16
-10.590000E-03,16
-10.588000E-03,16
-10.586000E-03,16
-10.584000E-03,16
-10.582000E-03,16
-10.580000E-03,16
-10.578000E-03,16
-10.576000E-03,16
-10.574000E-03,16
-10.572000E-03,16
-10.570000E-03,16
-10.568000E-03,16
-10.566000E-03,16
-10.564000E-03,16
-10.562000E-03,16
-10.560000E-03,16
-10.558000E-03,16
-10.556000E-03,16
-10.554000E-03,16
-10.552000E-03,16
-10.550000E-03,16
-10.548000E-03,16
-10.546000E-03,16
-10.544000E-03,16
-10.542000E-03,16
-10.540000E-03,16
-10.538000E-03,16
-10.536000E-03,16
-10.534000E-03,16
-10.532000E-03,16
-10.530000E-03,16
-10.528000E-03,16
-10.526000E-03,16
-10.524000E-03,16
-10.522000E-03,16
-10.520000E-03,16
-10.518000E-03,16
-10.516000E-03,16
-10.514000E-03,16
-10.512000E-03,16
-10.510000E-03,16
-10.508000E-03,16
-10.506000E-03,16
-10.504000E-03,16
-10.502000E-03,16
-10.500000E-03,16
-10.498000E-03,16
-10.496000E-03,16
-10.494000E-03,16
-10.492000E-03,16
-10.490000E-03,16
-10.488000E-03,16
-10.486000E-03,16
-10.484000E-03,16
-10.482000E-03,16
-10.480000E-03,16
-10.478000E-03,16
-10.476000E-03,16
-10.474000E-03,16
-10.472000E-03,16
-10.470000E-03,16
-10.468000E-03,16
-10.466000E-03,16
-10.464000E-03,16
-10.462000E-03,16
-10.460000E-03,16
-10.458000E-03,16
-10.456000E-03,16
-10.454000E-03,16
-10.452000E-03,16
-10.450000E-03,16
-10.448000E-03,16
-10.446000E-03,16
-10.444000E-03,16
-10.442000E-03,16
-10.440000E-03,16
-10.438000E-03,16
-10.436000E-03,16
-10.434000E-03,16
-10.432000E-03,16
-10.430000E-03,16
-10.428000E-03,16
-10.426000E-03,16
-10.424000E-03,16
-10.422000E-03,16
-10.420000E-03,16
-10.418000E-03,16
-10.416000E-03,16
-10.414000E-03,16
-10.412000E-03,16
-10.410000E-03,16
-10.408000E-03,16
-10.406000E-03,16
-10.404000E-03,16
-10.402000E-03,16
-10.400000E-03,16
-10.398000E-03,16
-10.396000E-03,16
-10.394000E-03,16
-10.392000E-03,16
-10.390000E-03,16
-10.388000E-03,16
-10.386000E-03,16
-10.384000E-03,16
-10.382000E-03,16
-10.380000E-03,16
-10.378000E-03,16
-10.376000E-03,16
-10.374000E-03,16
-10.372000E-03,16
-10.370000E-03,16
-10.368000E-03,16
-10.366000E-03,16
-10.364000E-03,16
-10.362000E-03,16
-10.360000E-03,16
-10.358000E-03,16
-10.356000E-03,16
-10.354000E-03,16
-10.352000E-03,16
-10.350000E-03,16
-10.348000E-03,16
-10.346000E-03,16
-10.344000E-03,16
-10.342000E-03,16
-10.340000E-03,16
-10.338000E-03,16
-10.336000E-03,16
-10.334000E-03,16
-10.332000E-03,16
-10.330000E-03,16
-10.328000E-03,16
-10.326000E-03,16
-10.324000E-03,16
-10.322000E-03,16
-10.320000E-03,16
-10.318000E-03,16
-10.316000E-03,16
-10.314000E-03,16
-10.312000E-03,16
-10.310000E-03,16
-10.308000E-03,16
-10.306000E-03,16
-10.304000E-03,16
-10.302000E-03,16
-10.300000E-03,16
-10.298000E-03,16
-10.296000E-03,16
-10.294000E-03,16
-10.292000E-03,16
-10.290000E-03,16
-10.288000E-03,16
-10.286000E-03,16
-10.284000E-03,16
-10.282000E-03,16
-10.280000E-03,16
-10.278000E-03,16
-10.276000E-03,16
-10.274000E-03,16
-10.272000E-03,16
-10.270000E-03,16
-10.268000E-03,16
-10.266000E-03,16
-10.264000E-03,16
-10.262000E-03,16
-10.260000E-03,16
-10.258000E-03,16
-10.256000E-03,16
-10.254000E-03,16
-10.252000E-03,16
-10.250000E-03,16
-10.248000E-03,16
-10.246000E-03,16
-10.244000E-03,16
-10.242000E-03,16
-10.240000E-03,16
-10.238000E-03,16
-10.236000E-03,16
-10.234000E-03,16
-10.232000E-03,16
-10.230000E-03,16
-10.228000E-03,16
-10.226000E-03,16
-10.224000E-03,16
-10.222000E-03,16
-10.220000E-03,16
-10.218000E-03,16
-10.216000E-03,16
-10.214000E-03,16
-10.212000E-03,16
-10.210000E-03,16
-10.208000E-03,16
-10.206000E-03,16
-10.204000E-03,16
-10.202000E-03,16
-10.200000E-03,16
-10.198000E-03,16
-10.196000E-03,16
-10.194000E-03,16
-10.192000E-03,16
-10.190000E-03,16
-10.188000E-03,16
-10.186000E-03,16
-10.184000E-03,16
-10.182000E-03,16
-10.180000E-03,16
-10.178000E-03,16
-10.176000E-03,16
-10.174000E-03,16
-10.172000E-03,16
-10.170000E-03,16
-10.168000E-03,16
-10.166000E-03,16
-10.164000E-03,16
-10.162000E-03,16
-10.160000E-03,16
-10.158000E-03,16
-10.156000E-03,16
-10.154000E-03,16
-10.152000E-03,16
-10.150000E-03,16
-10.148000E-03,16
-10.146000E-03,16
-10.144000E-03,16
-10.142000E-03,16
-10.140000E-03,16
-10.138000E-03,16
-10.136000E-03,16
-10.134000E-03,16
-10.132000E-03,16
-10.130000E-03,16
-10.128000E-03,16
-10.126000E-03,16
-10.124000E-03,16
-10.122000E-03,16
-10.120000E-03,16
-10.118000E-03,16
-10.116000E-03,16
-10.114000E-03,16
-10.112000E-03,16
-10.110000E-03,16
-10.108000E-03,16
-10.106000E-03,16
-10.104000E-03,16
-10.102000E-03,16
-10.100000E-03,16
-10.098000E-03,16
-10.096000E-03,16
-10.094000E-03,16
-10.092000E-03,16
-10.090000E-03,16
-10.088000E-03,16
-10.086000E-03,16
-10.084000E-03,16
-10.082000E-03,16
-10.080000E-03,16
-10.078000E-03,16
-10.076000E-03,16
-10.074000E-03,16
-10.072000E-03,16
-10.070000E-03,16
-10.068000E-03,16
-10.066000E-03,16
-10.064000E-03,16
-10.062000E-03,16
-10.060000E-03,16
-10.058000E-03,16
-10.056000E-03,16
-10.054000E-03,16
-10.052000E-03,16
-10.050000E-03,16
-10.048000E-03,16
-10.046000E-03,16
-10.044000E-03,16
-10.042000E-03,16
-10.040000E-03,16
-10.038000E-03,16
-10.036000E-03,16
-10.034000E-03,16
-10.032000E-03,16
-10.030000E-03,16
-10.028000E-03,16
-10.026000E-03,16
-10.024000E-03,16
-10.022000E-03,16
-10.020000E-03,16
-10.018000E-03,16
-10.016000E-03,16
-10.014000E-03,16
-10.012000E-03,16
-10.010000E-03,16
-10.008000E-03,16
-10.006000E-03,16
-10.004000E-03,16
-10.002000E-03,16
-10.000000E-03,16
-9.998000E-03,16
-9.996000E-03,16
-9.994000E-03,16
-9.992000E-03,16
-9.990000E-03,16
-9.988000E-03,16
-9.986000E-03,16
-9.984000E-03,16
-9.982000E-03,16
-9.980000E-03,16
-9.978000E-03,16
-9.976000E-03,16
-9.974000E-03,16
-9.972000E-03,16
-9.970000E-03,16
-9.968000E-03,16
-9.966000E-03,16
-9.964000E-03,16
-9.962000E-03,16
-9.960000E-03,16
-9.958000E-03,16
-9.956000E-03,16
-9.954000E-03,16
-9.952000E-03,16
-9.950000E-03,16
-9.948000E-03,16
-9.946000E-03,16
-9.944000E-03,16
-9.942000E-03,16
-9.940000E-03,16
-9.938000E-03,16
-9.936000E-03,16
-9.934000E-03,16
-9.932000E-03,16
-9.930000E-03,16
-9.928000E-03,16
-9.926000E-03,16
-9.924000E-03,16
-9.922000E-03,16
-9.920000E-03,16
-9.918000E-03,16
-9.916000E-03,16
-9.914000E-03,16
-9.912000E-03,16
-9.910000E-03,16
-9.908000E-03,16
-9.906000E-03,16
-9.904000E-03,16
-9.902000E-03,16
-9.900000E-03,16
-9.898000E-03,16
-9.896000E-03,16
-9.894000E-03,16
-9.892000E-03,16
-9.890000E-03,16
-9.888000E-03,16
-9.886000E-03,16
-9.884000E-03,16
-9.882000E-03,16
-9.880000E-03,16
-9.878000E-03,16
-9.876000E-03,16
-9.874000E-03,16
-9.872000E-03,16
-9.870000E-03,16
-9.868000E-03,16
-9.866000E-03,16
-9.864000E-03,16
-9.862000E-03,16
-9.860000E-03,16
-9.858000E-03,16
-9.856000E-03,16
-9.854000E-03,16
-9.852000E-03,16
-9.850000E-03,16
-9.848000E-03,16
-9.846000E-03,16
-9.844000E-03,16
-9.842000E-03,16
-9.840000E-03,16
-9.838000E-03,16
-9.836000E-03,16
-9.834000E-03,16
-9.832000E-03,16
-9.830000E-03,16
-9.828000E-03,16
-9.826000E-03,16
-9.824000E-03,16
-9.822000E-03,16
-9.820000E-03,16
-9.818000E-03,16
-9.816000E-03,16
-9.814000E-03,16
-9.812000E-03,16
-9.810000E-03,16
-9.808000E-03,16
-9.806000E-03,16
-9.804000E-03,16
-9.802000E-03,16
-9.800000E-03,16
-9.798000E-03,16
-9.796000E-03,16
-9.794000E-03,16
-9.792000E-03,16
-9.790000E-03,16
-9.788000E-03,16
-9.786000E-03,16
-9.784000E-03,16
-9.782000E-03,16
-9.780000E-03,16
-9.778000E-03,16
-9.776000E-03,16
-9.774000E-03,16
-9.772000E-03,16
-9.770000E-03,16
-9.768000E-03,16
-9.766000E-03,16
-9.764000E-03,16
-9.762000E-03,16
-9.760000E-03,16
-9.758000E-03,16
-9.756000E-03,16
-9.754000E-03,16
-9.752000E-03,16
-9.750000E-03,16
-9.748000E-03,16
-9.746000E-03,16
-9.744000E-03,16
-9.742000E-03,16
-9.740000E-03,16
-9.738000E-03,16
-9.736000E-03,16
-9.734000E-03,16
-9.732000E-03,16
-9.730000E-03,16
-9.728000E-03,16
-9.726000E-03,16
-9.724000E-03,16
-9.722000E-03,16
-9.720000E-03,16
-9.718000E-03,16
-9.716000E-03,16
-9.714000E-03,16
-9.712000E-03,16
-9.710000E-03,16
-9.708000E-03,16
-9.706000E-03,16
-9.704000E-03,16
-9.702000E-03,16
-9.700000E-03,16
-9.698000E-03,16
-9.696000E-03,16
-9.694000E-03,16
-9.692000E-03,16
-9.690000E-03,16
-9.688000E-03,16
-9.686000E-03,16
-9.684000E-03,16
-9.682000E-03,16
-9.680000E-03,16
-9.678000E-03,16
-9.676000E-03,16
-9.674000E-03,16
-9.672000E-03,16
-9.670000E-03,16
-9.668000E-03,16
-9.666000E-03,16
-9.664000E-03,16
-9.662000E-03,16
-9.660000E-03,16
-9.658000E-03,16
-9.656000E-03,16
-9.654000E-03,16
-9.652000E-03,16
-9.650000E-03,16
-9.648000E-03,16
-9.646000E-03,16
-9.644000E-03,16
-9.642000E-03,16
-9.640000E-03,16
-9.638000E-03,16
-9.636000E-03,16
-9.634000E-03,16
-9.632000E-03,16
-9.630000E-03,16
-9.628000E-03,16
-9.626000E-03,16
-9.624000E-03,16
-9.622000E-03,16
-9.620000E-03,16
-9.618000E-03,16
-9.616000E-03,16
-9.614000E-03,16
-9.612000E-03,16
-9.610000E-03,16
-9.608000E-03,16
-9.606000E-03,16
-9.604000E-03,16
-9.602000E-03,16
-9.600000E-03,16
-9.598000E-03,16
-9.596000E-03,16
-9.594000E-03,16
-9.592000E-03,16
-9.590000E-03,16
-9.588000E-03,16
-9.586000E-03,16
-9.584000E-03,16
-9.582000E-03,16
-9.580000E-03,16
-9.578000E-03,16
-9.576000E-03,16
-9.574000E-03,16
-9.572000E-03,16
-9.570000E-03,16
-9.568000E-03,16
-9.566000E-03,16
-9.564000E-03,16
-9.562000E-03,16
-9.560000E-03,16
-9.558000E-03,16
-9.556000E-03,16
-9.554000E-03,16
-9.552000E-03,16
-9.550000E-03,16
-9.548000E-03,16
-9.546000E-03,16
-9.544000E-03,16
-9.542000E-03,16
-9.540000E-03,16
-9.538000E-03,16
-9.536000E-03,16
-9.534000E-03,16
-9.532000E-03,16
-9.530000E-03,16
-9.528000E-03,16
-9.526000E-03,16
-9.524000E-03,16
-9.522000E-03,16
-9.520000E-03,16
-9.518000E-03,16
-9.516000E-03,16
-9.514000E-03,16
-9.512000E-03,16
-9.510000E-03,16
-9.508000E-03,16
-9.506000E-03,16
-9.504000E-03,16
-9.502000E-03,16
-9.500000E-03,16
-9.498000E-03,16
-9.496000E-03,16
-9.494000E-03,16
-9.492000E-03,16
-9.490000E-03,16
-9.488000E-03,16
-9.486000E-03,16
-9.484000E-03,16
-9.482000E-03,16
-9.480000E-03,16
-9.478000E-03,16
-9.476000E-03,16
-9.474000E-03,16
-9.472000E-03,16
-9.470000E-03,16
-9.468000E-03,16
-9.466000E-03,16
-9.464000E-03,16
-9.462000E-03,16
-9.460000E-03,16
-9.458000E-03,16
-9.456000E-03,16
-9.454000E-03,16
-9.452000E-03,16
-9.450000E-03,16
-9.448000E-03,16
-9.446000E-03,16
-9.444000E-03,16
-9.442000E-03,16
-9.440000E-03,16
-9.438000E-03,16
-9.436000E-03,16
-9.434000E-03,16
-9.432000E-03,16
-9.430000E-03,16
-9.428000E-03,16
-9.426000E-03,16
-9.424000E-03,16
-9.422000E-03,16
-9.420000E-03,16
-9.418000E-03,16
-9.416000E-03,16
-9.414000E-03,16
-9.412000E-03,16
-9.410000E-03,16
-9.408000E-03,16
-9.406000E-03,16
-9.404000E-03,16
-9.402000E-03,16
-9.400000E-03,16
-9.398000E-03,16
-9.396000E-03,16
-9.394000E-03,16
-9.392000E-03,16
-9.390000E-03,16
-9.388000E-03,16
-9.386000E-03,16
-9.384000E-03,16
-9.382000E-03,16
-9.380000E-03,16
-9.378000E-03,16
-9.376000E-03,16
-9.374000E-03,16
-9.372000E-03,16
-9.370000E-03,16
-9.368000E-03,16
-9.366000E-03,16
-9.364000E-03,16
-9.362000E-03,16
-9.360000E-03,16
-9.358000E-03,16
-9.356000E-03,16
-9.354000E-03,16
-9.352000E-03,16
-9.350000E-03,16
-9.348000E-03,16
-9.346000E-03,16
-9.344000E-03,16
-9.342000E-03,16
-9.340000E-03,16
-9.338000E-03,16
-9.336000E-03,16
-9.334000E-03,16
-9.332000E-03,16
-9.330000E-03,16
-9.328000E-03,16
-9.326000E-03,16
-9.324000E-03,16
-9.322000E-03,16
-9.320000E-03,16
-9.318000E-03,16
-9.316000E-03,16
-9.314000E-03,16
-9.312000E-03,16
-9.310000E-03,16
-9.308000E-03,16
-9.306000E-03,16
-9.304000E-03,16
-9.302000E-03,16
-9.300000E-03,16
-9.298000E-03,16
-9.296000E-03,16
-9.294000E-03,16
-9.292000E-03,16
-9.290000E-03,16
-9.288000E-03,16
-9.286000E-03,16
-9.284000E-03,16
-9.282000E-03,16
-9.280000E-03,16
-9.278000E-03,16
-9.276000E-03,16
-9.274000E-03,16
-9.272000E-03,16
-9.270000E-03,16
-9.268000E-03,16
-9.266000E-03,16
-9.264000E-03,16
-9.262000E-03,16
-9.260000E-03,16
-9.258000E-03,16
-9.256000E-03,16
-9.254000E-03,16
-9.252000E-03,16
-9.250000E-03,16
-9.248000E-03,16
-9.246000E-03,16
-9.244000E-03,16
-9.242000E-03,16
-9.240000E-03,16
-9.238000E-03,16
-9.236000E-03,16
-9.234000E-03,16
-9.232000E-03,16
-9.230000E-03,16
-9.228000E-03,16
-9.226000E-03,16
-9.224000E-03,16
-9.222000E-03,16
-9.220000E-03,16
-9.218000E-03,16
-9.216000E-03,16
-9.214000E-03,16
-9.212000E-03,16
-9.210000E-03,16
-9.208000E-03,16
-9.206000E-03,16
-9.204000E-03,16
-9.202000E-03,16
-9.200000E-03,16
-9.198000E-03,16
-9.196000E-03,16
-9.194000E-03,16
-9.192000E-03,16
-9.190000E-03,16
-9.188000E-03,16
-9.186000E-03,16
-9.184000E-03,16
-9.182000E-03,16
-9.180000E-03,16
-9.178000E-03,16
-9.176000E-03,16
-9.174000E-03,16
-9.172000E-03,16
-9.170000E-03,16
-9.168000E-03,16
-9.166000E-03,16
-9.164000E-03,16
-9.162000E-03,16
-9.160000E-03,16
-9.158000E-03,16
-9.156000E-03,16
-9.154000E-03,16
-9.152000E-03,16
-9.150000E-03,16
-9.148000E-03,16
-9.146000E-03,16
-9.144000E-03,16
-9.142000E-03,16
-9.140000E-03,16
-9.138000E-03,16
-9.136000E-03,16
-9.134000E-03,16
-9.132000E-03,16
-9.130000E-03,16
-9.128000E-03,16
-9.126000E-03,16
-9.124000E-03,16
-9.122000E-03,16
-9.120000E-03,16
-9.118000E-03,16
-9.116000E-03,16
-9.114000E-03,16
-9.112000E-03,16
-9.110000E-03,16
-9.108000E-03,16
-9.106000E-03,16
-9.104000E-03,16
-9.102000E-03,16
-9.100000E-03,16
-9.098000E-03,16
-9.096000E-03,16
-9.094000E-03,16
-9.092000E-03,16
-9.090000E-03,16
-9.088000E-03,16
-9.086000E-03,16
-9.084000E-03,16
-9.082000E-03,16
-9.080000E-03,16
-9.078000E-03,16
-9.076000E-03,16
-9.074000E-03,16
-9.072000E-03,16
-9.070000E-03,16
-9.068000E-03,16
-9.066000E-03,16
-9.064000E-03,16
-9.062000E-03,16
-9.060000E-03,16
-9.058000E-03,16
-9.056000E-03,16
-9.054000E-03,16
-9.052000E-03,16
-9.050000E-03,16
-9.048000E-03,16
-9.046000E-03,16
-9.044000E-03,16
-9.042000E-03,16
-9.040000E-03,16
-9.038000E-03,16
-9.036000E-03,16
-9.034000E-03,16
-9.032000E-03,16
-9.030000E-03,16
-9.028000E-03,16
-9.026000E-03,16
-9.024000E-03,16
-9.022000E-03,16
-9.020000E-03,16
-9.018000E-03,16
-9.016000E-03,16
-9.014000E-03,16
-9.012000E-03,16
-9.010000E-03,16
-9.008000E-03,16
-9.006000E-03,16
-9.004000E-03,16
-9.002000E-03,16
-9.000000E-03,16
-8.998000E-03,16
-8.996000E-03,16
-8.994000E-03,16
-8.992000E-03,16
-8.990000E-03,16
-8.988000E-03,16
-8.986000E-03,16
-8.984000E-03,16
-8.982000E-03,16
-8.980000E-03,16
-8.978000E-03,16
-8.976000E-03,16
-8.974000E-03,16
-8.972000E-03,16
-8.970000E-03,16
-8.968000E-03,16
-8.966000E-03,16
-8.964000E-03,16
-8.962000E-03,16
-8.960000E-03,16
-8.958000E-03,16
-8.956000E-03,16
-8.954000E-03,16
-8.952000E-03,16
-8.950000E-03,16
-8.948000E-03,16
-8.946000E-03,16
-8.944000E-03,16
-8.942000E-03,16
-8.940000E-03,16
-8.938000E-03,16
-8.936000E-03,16
-8.934000E-03,16
-8.932000E-03,16
-8.930000E-03,16
-8.928000E-03,16
-8.926000E-03,16
-8.924000E-03,16
-8.922000E-03,16
-8.920000E-03,16
-8.918000E-03,16
-8.916000E-03,16
-8.914000E-03,16
-8.912000E-03,16
-8.910000E-03,16
-8.908000E-03,16
-8.906000E-03,16
-8.904000E-03,16
-8.902000E-03,16
-8.900000E-03,16
-8.898000E-03,16
-8.896000E-03,16
-8.894000E-03,16
-8.892000E-03,16
-8.890000E-03,16
-8.888000E-03,16
-8.886000E-03,16
-8.884000E-03,16
-8.882000E-03,16
-8.880000E-03,16
-8.878000E-03,16
-8.876000E-03,16
-8.874000E-03,16
-8.872000E-03,16
-8.870000E-03,16
-8.868000E-03,16
-8.866000E-03,16
-8.864000E-03,16
-8.862000E-03,16
-8.860000E-03,16
-8.858000E-03,16
-8.856000E-03,16
-8.854000E-03,16
-8.852000E-03,16
-8.850000E-03,16
-8.848000E-03,16
-8.846000E-03,16
-8.844000E-03,16
-8.842000E-03,16
-8.840000E-03,16
-8.838000E-03,16
-8.836000E-03,16
-8.834000E-03,16
-8.832000E-03,16
-8.830000E-03,16
-8.828000E-03,16
-8.826000E-03,16
-8.824000E-03,16
-8.822000E-03,16
-8.820000E-03,16
-8.818000E-03,16
-8.816000E-03,16
-8.814000E-03,16
-8.812000E-03,16
-8.810000E-03,16
-8.808000E-03,16
-8.806000E-03,16
-8.804000E-03,16
-8.802000E-03,16
-8.800000E-03,16
-8.798000E-03,16
-8.796000E-03,16
-8.794000E-03,16
-8.792000E-03,16
-8.790000E-03,16
-8.788000E-03,16
-8.786000E-03,16
-8.784000E-03,16
-8.782000E-03,16
-8.780000E-03,16
-8.778000E-03,16
-8.776000E-03,16
-8.774000E-03,16
-8.772000E-03,16
-8.770000E-03,16
-8.768000E-03,16
-8.766000E-03,16
-8.764000E-03,16
-8.762000E-03,16
-8.760000E-03,16
-8.758000E-03,16
-8.756000E-03,16
-8.754000E-03,16
-8.752000E-03,16
-8.750000E-03,16
-8.748000E-03,16
-8.746000E-03,16
-8.744000E-03,16
-8.742000E-03,16
-8.740000E-03,16
-8.738000E-03,16
-8.736000E-03,16
-8.734000E-03,16
-8.732000E-03,16
-8.730000E-03,16
-8.728000E-03,16
-8.726000E-03,16
-8.724000E-03,16
-8.722000E-03,16
-8.720000E-03,16
-8.718000E-03,16
-8.716000E-03,16
-8.714000E-03,16
-8.712000E-03,16
-8.710000E-03,16
-8.708000E-03,16
-8.706000E-03,16
-8.704000E-03,16
-8.702000E-03,16
-8.700000E-03,16
-8.698000E-03,16
-8.696000E-03,16
-8.694000E-03,16
-8.692000E-03,16
-8.690000E-03,16
-8.688000E-03,16
-8.686000E-03,16
-8.684000E-03,16
-8.682000E-03,16
-8.680000E-03,16
-8.678000E-03,16
-8.676000E-03,16
-8.674000E-03,16
-8.672000E-03,16
-8.670000E-03,16
-8.668000E-03,16
-8.666000E-03,16
-8.664000E-03,16
-8.662000E-03,16
-8.660000E-03,16
-8.658000E-03,16
-8.656000E-03,16
-8.654000E-03,16
-8.652000E-03,16
-8.650000E-03,16
-8.648000E-03,16
-8.646000E-03,16
-8.644000E-03,16
-8.642000E-03,16
-8.640000E-03,16
-8.638000E-03,16
-8.636000E-03,16
-8.634000E-03,16
-8.632000E-03,16
-8.630000E-03,16
-8.628000E-03,16
-8.626000E-03,16
-8.624000E-03,16
-8.622000E-03,16
-8.620000E-03,16
-8.618000E-03,16
-8.616000E-03,16
-8.614000E-03,16
-8.612000E-03,16
-8.610000E-03,16
-8.608000E-03,16
-8.606000E-03,16
-8.604000E-03,16
-8.602000E-03,16
-8.600000E-03,16
-8.598000E-03,16
-8.596000E-03,16
-8.594000E-03,16
-8.592000E-03,16
-8.590000E-03,16
-8.588000E-03,16
-8.586000E-03,16
-8.584000E-03,16
-8.582000E-03,16
-8.580000E-03,16
-8.578000E-03,16
-8.576000E-03,16
-8.574000E-03,16
-8.572000E-03,16
-8.570000E-03,16
-8.568000E-03,16
-8.566000E-03,16
-8.564000E-03,16
-8.562000E-03,16
-8.560000E-03,16
-8.558000E-03,16
-8.556000E-03,16
-8.554000E-03,16
-8.552000E-03,16
-8.550000E-03,16
-8.548000E-03,16
-8.546000E-03,16
-8.544000E-03,16
-8.542000E-03,16
-8.540000E-03,16
-8.538000E-03,16
-8.536000E-03,16
-8.534000E-03,16
-8.532000E-03,16
-8.530000E-03,16
-8.528000E-03,16
-8.526000E-03,16
-8.524000E-03,16
-8.522000E-03,16
-8.520000E-03,16
-8.518000E-03,16
-8.516000E-03,16
-8.514000E-03,16
-8.512000E-03,16
-8.510000E-03,16
-8.508000E-03,16
-8.506000E-03,16
-8.504000E-03,16
-8.502000E-03,16
-8.500000E-03,16
-8.498000E-03,16
-8.496000E-03,16
-8.494000E-03,16
-8.492000E-03,16
-8.490000E-03,16
-8.488000E-03,16
-8.486000E-03,16
-8.484000E-03,16
-8.482000E-03,16
-8.480000E-03,16
-8.478000E-03,16
-8.476000E-03,16
-8.474000E-03,16
-8.472000E-03,16
-8.470000E-03,16
-8.468000E-03,16
-8.466000E-03,16
-8.464000E-03,16
-8.462000E-03,16
-8.460000E-03,16
-8.458000E-03,16
-8.456000E-03,16
-8.454000E-03,16
-8.452000E-03,16
-8.450000E-03,16
-8.448000E-03,16
-8.446000E-03,16
-8.444000E-03,16
-8.442000E-03,16
-8.440000E-03,16
-8.438000E-03,16
-8.436000E-03,16
-8.434000E-03,16
-8.432000E-03,16
-8.430000E-03,16
-8.428000E-03,16
-8.426000E-03,16
-8.424000E-03,16
-8.422000E-03,16
-8.420000E-03,16
-8.418000E-03,16
-8.416000E-03,16
-8.414000E-03,16
-8.412000E-03,16
-8.410000E-03,16
-8.408000E-03,16
-8.406000E-03,16
-8.404000E-03,16
-8.402000E-03,16
-8.400000E-03,16
-8.398000E-03,16
-8.396000E-03,16
-8.394000E-03,16
-8.392000E-03,16
-8.390000E-03,16
-8.388000E-03,16
-8.386000E-03,16
-8.384000E-03,16
-8.382000E-03,16
-8.380000E-03,16
-8.378000E-03,16
-8.376000E-03,16
-8.374000E-03,16
-8.372000E-03,16
-8.370000E-03,16
-8.368000E-03,16
-8.366000E-03,16
-8.364000E-03,16
-8.362000E-03,16
-8.360000E-03,16
-8.358000E-03,16
-8.356000E-03,16
-8.354000E-03,16
-8.352000E-03,16
-8.350000E-03,16
-8.348000E-03,16
-8.346000E-03,16
-8.344000E-03,16
-8.342000E-03,16
-8.340000E-03,16
-8.338000E-03,16
-8.336000E-03,16
-8.334000E-03,16
-8.332000E-03,16
-8.330000E-03,16
-8.328000E-03,16
-8.326000E-03,16
-8.324000E-03,16
-8.322000E-03,16
-8.320000E-03,16
-8.318000E-03,16
-8.316000E-03,16
-8.314000E-03,16
-8.312000E-03,16
-8.310000E-03,16
-8.308000E-03,16
-8.306000E-03,16
-8.304000E-03,16
-8.302000E-03,16
-8.300000E-03,16
-8.298000E-03,16
-8.296000E-03,16
-8.294000E-03,16
-8.292000E-03,16
-8.290000E-03,16
-8.288000E-03,16
-8.286000E-03,16
-8.284000E-03,16
-8.282000E-03,16
-8.280000E-03,16
-8.278000E-03,16
-8.276000E-03,16
-8.274000E-03,16
-8.272000E-03,16
-8.270000E-03,16
-8.268000E-03,16
-8.266000E-03,16
-8.264000E-03,16
-8.262000E-03,16
-8.260000E-03,16
-8.258000E-03,16
-8.256000E-03,16
-8.254000E-03,16
-8.252000E-03,16
-8.250000E-03,16
-8.248000E-03,16
-8.246000E-03,16
-8.244000E-03,16
-8.242000E-03,16
-8.240000E-03,16
-8.238000E-03,16
-8.236000E-03,16
-8.234000E-03,16
-8.232000E-03,16
-8.230000E-03,16
-8.228000E-03,16
-8.226000E-03,16
-8.224000E-03,16
-8.222000E-03,16
-8.220000E-03,16
-8.218000E-03,16
-8.216000E-03,16
-8.214000E-03,16
-8.212000E-03,16
-8.210000E-03,16
-8.208000E-03,16
-8.206000E-03,16
-8.204000E-03,16
-8.202000E-03,16
-8.200000E-03,16
-8.198000E-03,16
-8.196000E-03,16
-8.194000E-03,16
-8.192000E-03,16
-8.190000E-03,16
-8.188000E-03,16
-8.186000E-03,16
-8.184000E-03,16
-8.182000E-03,16
-8.180000E-03,16
-8.178000E-03,16
-8.176000E-03,16
-8.174000E-03,16
-8.172000E-03,16
-8.170000E-03,16
-8.168000E-03,16
-8.166000E-03,16
-8.164000E-03,16
-8.162000E-03,16
-8.160000E-03,16
-8.158000E-03,16
-8.156000E-03,16
-8.154000E-03,16
-8.152000E-03,16
-8.150000E-03,16
-8.148000E-03,16
-8.146000E-03,16
-8.144000E-03,16
-8.142000E-03,16
-8.140000E-03,16
-8.138000E-03,16
-8.136000E-03,16
-8.134000E-03,16
-8.132000E-03,16
-8.130000E-03,16
-8.128000E-03,16
-8.126000E-03,16
-8.124000E-03,16
-8.122000E-03,16
-8.120000E-03,16
-8.118000E-03,16
-8.116000E-03,16
-8.114000E-03,16
-8.112000E-03,16
-8.110000E-03,16
-8.108000E-03,16
-8.106000E-03,16
-8.104000E-03,16
-8.102000E-03,16
-8.100000E-03,16
-8.098000E-03,16
-8.096000E-03,16
-8.094000E-03,16
-8.092000E-03,16
-8.090000E-03,16
-8.088000E-03,16
-8.086000E-03,16
-8.084000E-03,16
-8.082000E-03,16
-8.080000E-03,16
-8.078000E-03,16
-8.076000E-03,16
-8.074000E-03,16
-8.072000E-03,16
-8.070000E-03,16
-8.068000E-03,16
-8.066000E-03,16
-8.064000E-03,16
-8.062000E-03,16
-8.060000E-03,16
-8.058000E-03,16
-8.056000E-03,16
-8.054000E-03,16
-8.052000E-03,16
-8.050000E-03,16
-8.048000E-03,16
-8.046000E-03,16
-8.044000E-03,16
-8.042000E-03,16
-8.040000E-03,16
-8.038000E-03,16
-8.036000E-03,16
-8.034000E-03,16
-8.032000E-03,16
-8.030000E-03,16
-8.028000E-03,16
-8.026000E-03,16
-8.024000E-03,16
-8.022000E-03,16
-8.020000E-03,16
-8.018000E-03,16
-8.016000E-03,16
-8.014000E-03,16
-8.012000E-03,16
-8.010000E-03,16
-8.008000E-03,16
-8.006000E-03,16
-8.004000E-03,16
-8.002000E-03,16
-8.000000E-03,16
-7.998000E-03,16
-7.996000E-03,16
-7.994000E-03,16
-7.992000E-03,16
-7.990000E-03,16
-7.988000E-03,16
-7.986000E-03,16
-7.984000E-03,16
-7.982000E-03,16
-7.980000E-03,16
-7.978000E-03,16
-7.976000E-03,16
-7.974000E-03,16
-7.972000E-03,16
-7.970000E-03,16
-7.968000E-03,16
-7.966000E-03,16
-7.964000E-03,16
-7.962000E-03,16
-7.960000E-03,16
-7.958000E-03,16
-7.956000E-03,16
-7.954000E-03,16
-7.952000E-03,16
-7.950000E-03,16
-7.948000E-03,16
-7.946000E-03,16
-7.944000E-03,16
-7.942000E-03,16
-7.940000E-03,16
-7.938000E-03,16
-7.936000E-03,16
-7.934000E-03,16
-7.932000E-03,16
-7.930000E-03,16
-7.928000E-03,16
-7.926000E-03,16
-7.924000E-03,16
-7.922000E-03,16
-7.920000E-03,16
-7.918000E-03,16
-7.916000E-03,16
-7.914000E-03,16
-7.912000E-03,16
-7.910000E-03,16
-7.908000E-03,16
-7.906000E-03,16
-7.904000E-03,16
-7.902000E-03,16
-7.900000E-03,16
-7.898000E-03,16
-7.896000E-03,16
-7.894000E-03,16
-7.892000E-03,16
-7.890000E-03,16
-7.888000E-03,16
-7.886000E-03,16
-7.884000E-03,16
-7.882000E-03,16
-7.880000E-03,16
-7.878000E-03,16
-7.876000E-03,16
-7.874000E-03,16
-7.872000E-03,16
-7.870000E-03,16
-7.868000E-03,16
-7.866000E-03,16
-7.864000E-03,16
-7.862000E-03,16
-7.860000E-03,16
-7.858000E-03,16
-7.856000E-03,16
-7.854000E-03,16
-7.852000E-03,16
-7.850000E-03,16
-7.848000E-03,16
-7.846000E-03,16
-7.844000E-03,16
-7.842000E-03,16
-7.840000E-03,16
-7.838000E-03,16
-7.836000E-03,16
-7.834000E-03,16
-7.832000E-03,16
-7.830000E-03,16
-7.828000E-03,16
-7.826000E-03,16
-7.824000E-03,16
-7.822000E-03,16
-7.820000E-03,16
-7.818000E-03,16
-7.816000E-03,16
-7.814000E-03,16
-7.812000E-03,16
-7.810000E-03,16
-7.808000E-03,16
-7.806000E-03,16
-7.804000E-03,16
-7.802000E-03,16
-7.800000E-03,16
-7.798000E-03,16
-7.796000E-03,16
-7.794000E-03,16
-7.792000E-03,16
-7.790000E-03,16
-7.788000E-03,16
-7.786000E-03,16
-7.784000E-03,16
-7.782000E-03,16
-7.780000E-03,16
-7.778000E-03,16
-7.776000E-03,16
-7.774000E-03,16
-7.772000E-03,16
-7.770000E-03,16
-7.768000E-03,16
-7.766000E-03,16
-7.764000E-03,16
-7.762000E-03,16
-7.760000E-03,16
-7.758000E-03,16
-7.756000E-03,16
-7.754000E-03,16
-7.752000E-03,16
-7.750000E-03,16
-7.748000E-03,16
-7.746000E-03,16
-7.744000E-03,16
-7.742000E-03,16
-7.740000E-03,16
-7.738000E-03,16
-7.736000E-03,16
-7.734000E-03,16
-7.732000E-03,16
-7.730000E-03,16
-7.728000E-03,16
-7.726000E-03,16
-7.724000E-03,16
-7.722000E-03,16
-7.720000E-03,16
-7.718000E-03,16
-7.716000E-03,16
-7.714000E-03,16
-7.712000E-03,16
-7.710000E-03,16
-7.708000E-03,16
-7.706000E-03,16
-7.704000E-03,16
-7.702000E-03,16
-7.700000E-03,16
-7.698000E-03,16
-7.696000E-03,16
-7.694000E-03,16
-7.692000E-03,16
-7.690000E-03,16
-7.688000E-03,16
-7.686000E-03,16
-7.684000E-03,16
-7.682000E-03,16
-7.680000E-03,16
-7.678000E-03,16
-7.676000E-03,16
-7.674000E-03,16
-7.672000E-03,16
-7.670000E-03,16
-7.668000E-03,16
-7.666000E-03,16
-7.664000E-03,16
-7.662000E-03,16
-7.660000E-03,16
-7.658000E-03,16
-7.656000E-03,16
-7.654000E-03,16
-7.652000E-03,16
-7.650000E-03,16
-7.648000E-03,16
-7.646000E-03,16
-7.644000E-03,16
-7.642000E-03,16
-7.640000E-03,16
-7.638000E-03,16
-7.636000E-03,16
-7.634000E-03,16
-7.632000E-03,16
-7.630000E-03,16
-7.628000E-03,16
-7.626000E-03,16
-7.624000E-03,16
-7.622000E-03,16
-7.620000E-03,16
-7.618000E-03,16
-7.616000E-03,16
-7.614000E-03,16
-7.612000E-03,16
-7.610000E-03,16
-7.608000E-03,16
-7.606000E-03,16
-7.604000E-03,16
-7.602000E-03,16
-7.600000E-03,16
-7.598000E-03,16
-7.596000E-03,16
-7.594000E-03,16
-7.592000E-03,16
-7.590000E-03,16
-7.588000E-03,16
-7.586000E-03,16
-7.584000E-03,16
-7.582000E-03,16
-7.580000E-03,16
-7.578000E-03,16
-7.576000E-03,16
-7.574000E-03,16
-7.572000E-03,16
-7.570000E-03,16
-7.568000E-03,16
-7.566000E-03,16
-7.564000E-03,16
-7.562000E-03,16
-7.560000E-03,16
-7.558000E-03,16
-7.556000E-03,16
-7.554000E-03,16
-7.552000E-03,16
-7.550000E-03,16
-7.548000E-03,16
-7.546000E-03,16
-7.544000E-03,16
-7.542000E-03,16
-7.540000E-03,16
-7.538000E-03,16
-7.536000E-03,16
-7.534000E-03,16
-7.532000E-03,16
-7.530000E-03,16
-7.528000E-03,16
-7.526000E-03,16
-7.524000E-03,16
-7.522000E-03,16
-7.520000E-03,16
-7.518000E-03,16
-7.516000E-03,16
-7.514000E-03,16
-7.512000E-03,16
-7.510000E-03,16
-7.508000E-03,16
-7.506000E-03,16
-7.504000E-03,16
-7.502000E-03,16
-7.500000E-03,16
-7.498000E-03,16
-7.496000E-03,16
-7.494000E-03,16
-7.492000E-03,16
-7.490000E-03,16
-7.488000E-03,16
-7.486000E-03,16
-7.484000E-03,16
-7.482000E-03,16
-7.480000E-03,16
-7.478000E-03,16
-7.476000E-03,16
-7.474000E-03,16
-7.472000E-03,16
-7.470000E-03,16
-7.468000E-03,16
-7.466000E-03,16
-7.464000E-03,16
-7.462000E-03,16
-7.460000E-03,16
-7.458000E-03,16
-7.456000E-03,16
-7.454000E-03,16
-7.452000E-03,16
-7.450000E-03,16
-7.448000E-03,16
-7.446000E-03,16
-7.444000E-03,16
-7.442000E-03,16
-7.440000E-03,16
-7.438000E-03,16
-7.436000E-03,16
-7.434000E-03,16
-7.432000E-03,16
-7.430000E-03,16
-7.428000E-03,16
-7.426000E-03,16
-7.424000E-03,16
-7.422000E-03,16
-7.420000E-03,16
-7.418000E-03,16
-7.416000E-03,16
-7.414000E-03,16
-7.412000E-03,16
-7.410000E-03,16
-7.408000E-03,16
-7.406000E-03,16
-7.404000E-03,16
-7.402000E-03,16
-7.400000E-03,16
-7.398000E-03,16
-7.396000E-03,16
-7.394000E-03,16
-7.392000E-03,16
-7.390000E-03,16
-7.388000E-03,16
-7.386000E-03,16
-7.384000E-03,16
-7.382000E-03,16
-7.380000E-03,16
-7.378000E-03,16
-7.376000E-03,16
-7.374000E-03,16
-7.372000E-03,16
-7.370000E-03,16
-7.368000E-03,16
-7.366000E-03,16
-7.364000E-03,16
-7.362000E-03,16
-7.360000E-03,16
-7.358000E-03,16
-7.356000E-03,16
-7.354000E-03,16
-7.352000E-03,16
-7.350000E-03,16
-7.348000E-03,16
-7.346000E-03,16
-7.344000E-03,16
-7.342000E-03,16
-7.340000E-03,16
-7.338000E-03,16
-7.336000E-03,16
-7.334000E-03,16
-7.332000E-03,16
-7.330000E-03,16
-7.328000E-03,16
-7.326000E-03,16
-7.324000E-03,16
-7.322000E-03,16
-7.320000E-03,16
-7.318000E-03,16
-7.316000E-03,16
-7.314000E-03,16
-7.312000E-03,16
-7.310000E-03,16
-7.308000E-03,16
-7.306000E-03,16
-7.304000E-03,16
-7.302000E-03,16
-7.300000E-03,16
-7.298000E-03,16
-7.296000E-03,16
-7.294000E-03,16
-7.292000E-03,16
-7.290000E-03,16
-7.288000E-03,16
-7.286000E-03,16
-7.284000E-03,16
-7.282000E-03,16
-7.280000E-03,16
-7.278000E-03,16
-7.276000E-03,16
-7.274000E-03,16
-7.272000E-03,16
-7.270000E-03,16
-7.268000E-03,16
-7.266000E-03,16
-7.264000E-03,16
-7.262000E-03,16
-7.260000E-03,16
-7.258000E-03,16
-7.256000E-03,16
-7.254000E-03,16
-7.252000E-03,16
-7.250000E-03,16
-7.248000E-03,16
-7.246000E-03,16
-7.244000E-03,16
-7.242000E-03,16
-7.240000E-03,16
-7.238000E-03,16
-7.236000E-03,16
-7.234000E-03,16
-7.232000E-03,16
-7.230000E-03,16
-7.228000E-03,16
-7.226000E-03,16
-7.224000E-03,16
-7.222000E-03,16
-7.220000E-03,16
-7.218000E-03,16
-7.216000E-03,16
-7.214000E-03,16
-7.212000E-03,16
-7.210000E-03,16
-7.208000E-03,16
-7.206000E-03,16
-7.204000E-03,16
-7.202000E-03,16
-7.200000E-03,16
-7.198000E-03,16
-7.196000E-03,16
-7.194000E-03,16
-7.192000E-03,16
-7.190000E-03,16
-7.188000E-03,16
-7.186000E-03,16
-7.184000E-03,16
-7.182000E-03,16
-7.180000E-03,16
-7.178000E-03,16
-7.176000E-03,16
-7.174000E-03,16
-7.172000E-03,16
-7.170000E-03,16
-7.168000E-03,16
-7.166000E-03,16
-7.164000E-03,16
-7.162000E-03,16
-7.160000E-03,16
-7.158000E-03,16
-7.156000E-03,16
-7.154000E-03,16
-7.152000E-03,16
-7.150000E-03,16
-7.148000E-03,16
-7.146000E-03,16
-7.144000E-03,16
-7.142000E-03,16
-7.140000E-03,16
-7.138000E-03,16
-7.136000E-03,16
-7.134000E-03,16
-7.132000E-03,16
-7.130000E-03,16
-7.128000E-03,16
-7.126000E-03,16
-7.124000E-03,16
-7.122000E-03,16
-7.120000E-03,16
-7.118000E-03,16
-7.116000E-03,16
-7.114000E-03,16
-7.112000E-03,16
-7.110000E-03,16
-7.108000E-03,16
-7.106000E-03,16
-7.104000E-03,16
-7.102000E-03,16
-7.100000E-03,16
-7.098000E-03,16
-7.096000E-03,16
-7.094000E-03,16
-7.092000E-03,16
-7.090000E-03,16
-7.088000E-03,16
-7.086000E-03,16
-7.084000E-03,16
-7.082000E-03,16
-7.080000E-03,16
-7.078000E-03,16
-7.076000E-03,16
-7.074000E-03,16
-7.072000E-03,16
-7.070000E-03,16
-7.068000E-03,16
-7.066000E-03,16
-7.064000E-03,16
-7.062000E-03,16
-7.060000E-03,16
-7.058000E-03,16
-7.056000E-03,16
-7.054000E-03,16
-7.052000E-03,16
-7.050000E-03,16
-7.048000E-03,16
-7.046000E-03,16
-7.044000E-03,16
-7.042000E-03,16
-7.040000E-03,16
-7.038000E-03,16
-7.036000E-03,16
-7.034000E-03,16
-7.032000E-03,16
-7.030000E-03,16
-7.028000E-03,16
-7.026000E-03,16
-7.024000E-03,16
-7.022000E-03,16
-7.020000E-03,16
-7.018000E-03,16
-7.016000E-03,16
-7.014000E-03,16
-7.012000E-03,16
-7.010000E-03,16
-7.008000E-03,16
-7.006000E-03,16
-7.004000E-03,16
-7.002000E-03,16
-7.000000E-03,16
-6.998000E-03,16
-6.996000E-03,16
-6.994000E-03,16
-6.992000E-03,16
-6.990000E-03,16
-6.988000E-03,16
-6.986000E-03,16
-6.984000E-03,16
-6.982000E-03,16
-6.980000E-03,16
-6.978000E-03,16
-6.976000E-03,16
-6.974000E-03,16
-6.972000E-03,16
-6.970000E-03,16
-6.968000E-03,16
-6.966000E-03,16
-6.964000E-03,16
-6.962000E-03,16
-6.960000E-03,16
-6.958000E-03,16
-6.956000E-03,16
-6.954000E-03,16
-6.952000E-03,16
-6.950000E-03,16
-6.948000E-03,16
-6.946000E-03,16
-6.944000E-03,16
-6.942000E-03,16
-6.940000E-03,16
-6.938000E-03,16
-6.936000E-03,16
-6.934000E-03,16
-6.932000E-03,16
-6.930000E-03,16
-6.928000E-03,16
-6.926000E-03,16
-6.924000E-03,16
-6.922000E-03,16
-6.920000E-03,16
-6.918000E-03,16
-6.916000E-03,16
-6.914000E-03,16
-6.912000E-03,16
-6.910000E-03,16
-6.908000E-03,16
-6.906000E-03,16
-6.904000E-03,16
-6.902000E-03,16
-6.900000E-03,16
-6.898000E-03,16
-6.896000E-03,16
-6.894000E-03,16
-6.892000E-03,16
-6.890000E-03,16
-6.888000E-03,16
-6.886000E-03,16
-6.884000E-03,16
-6.882000E-03,16
-6.880000E-03,16
-6.878000E-03,16
-6.876000E-03,16
-6.874000E-03,16
-6.872000E-03,16
-6.870000E-03,16
-6.868000E-03,16
-6.866000E-03,16
-6.864000E-03,16
-6.862000E-03,16
-6.860000E-03,16
-6.858000E-03,16
-6.856000E-03,16
-6.854000E-03,16
-6.852000E-03,16
-6.850000E-03,16
-6.848000E-03,16
-6.846000E-03,16
-6.844000E-03,16
-6.842000E-03,16
-6.840000E-03,16
-6.838000E-03,16
-6.836000E-03,16
-6.834000E-03,16
-6.832000E-03,16
-6.830000E-03,16
-6.828000E-03,16
-6.826000E-03,16
-6.824000E-03,16
-6.822000E-03,16
-6.820000E-03,16
-6.818000E-03,16
-6.816000E-03,16
-6.814000E-03,16
-6.812000E-03,16
-6.810000E-03,16
-6.808000E-03,16
-6.806000E-03,16
-6.804000E-03,16
-6.802000E-03,16
-6.800000E-03,16
-6.798000E-03,16
-6.796000E-03,16
-6.794000E-03,16
-6.792000E-03,16
-6.790000E-03,16
-6.788000E-03,16
-6.786000E-03,16
-6.784000E-03,16
-6.782000E-03,16
-6.780000E-03,16
-6.778000E-03,16
-6.776000E-03,16
-6.774000E-03,16
-6.772000E-03,16
-6.770000E-03,16
-6.768000E-03,16
-6.766000E-03,16
-6.764000E-03,16
-6.762000E-03,16
-6.760000E-03,16
-6.758000E-03,16
-6.756000E-03,16
-6.754000E-03,16
-6.752000E-03,16
-6.750000E-03,16
-6.748000E-03,16
-6.746000E-03,16
-6.744000E-03,16
-6.742000E-03,16
-6.740000E-03,16
-6.738000E-03,16
-6.736000E-03,16
-6.734000E-03,16
-6.732000E-03,16
-6.730000E-03,16
-6.728000E-03,16
-6.726000E-03,16
-6.724000E-03,16
-6.722000E-03,16
-6.720000E-03,16
-6.718000E-03,16
-6.716000E-03,16
-6.714000E-03,16
-6.712000E-03,16
-6.710000E-03,16
-6.708000E-03,16
-6.706000E-03,16
-6.704000E-03,16
-6.702000E-03,16
-6.700000E-03,16
-6.698000E-03,16
-6.696000E-03,16
-6.694000E-03,16
-6.692000E-03,16
-6.690000E-03,16
-6.688000E-03,16
-6.686000E-03,16
-6.684000E-03,16
-6.682000E-03,16
-6.680000E-03,16
-6.678000E-03,16
-6.676000E-03,16
-6.674000E-03,16
-6.672000E-03,16
-6.670000E-03,16
-6.668000E-03,16
-6.666000E-03,16
-6.664000E-03,16
-6.662000E-03,16
-6.660000E-03,16
-6.658000E-03,16
-6.656000E-03,16
-6.654000E-03,16
-6.652000E-03,16
-6.650000E-03,16
-6.648000E-03,16
-6.646000E-03,16
-6.644000E-03,16
-6.642000E-03,16
-6.640000E-03,16
-6.638000E-03,16
-6.636000E-03,16
-6.634000E-03,16
-6.632000E-03,16
-6.630000E-03,16
-6.628000E-03,16
-6.626000E-03,16
-6.624000E-03,16
-6.622000E-03,16
-6.620000E-03,16
-6.618000E-03,16
-6.616000E-03,16
-6.614000E-03,16
-6.612000E-03,16
-6.610000E-03,16
-6.608000E-03,16
-6.606000E-03,16
-6.604000E-03,16
-6.602000E-03,16
-6.600000E-03,16
-6.598000E-03,16
-6.596000E-03,16
-6.594000E-03,16
-6.592000E-03,16
-6.590000E-03,16
-6.588000E-03,16
-6.586000E-03,16
-6.584000E-03,16
-6.582000E-03,16
-6.580000E-03,16
-6.578000E-03,16
-6.576000E-03,16
-6.574000E-03,16
-6.572000E-03,16
-6.570000E-03,16
-6.568000E-03,16
-6.566000E-03,16
-6.564000E-03,16
-6.562000E-03,16
-6.560000E-03,16
-6.558000E-03,16
-6.556000E-03,16
-6.554000E-03,16
-6.552000E-03,16
-6.550000E-03,16
-6.548000E-03,16
-6.546000E-03,16
-6.544000E-03,16
-6.542000E-03,16
-6.540000E-03,16
-6.538000E-03,16
-6.536000E-03,16
-6.534000E-03,16
-6.532000E-03,16
-6.530000E-03,16
-6.528000E-03,16
-6.526000E-03,16
-6.524000E-03,16
-6.522000E-03,16
-6.520000E-03,16
-6.518000E-03,16
-6.516000E-03,16
-6.514000E-03,16
-6.512000E-03,16
-6.510000E-03,16
-6.508000E-03,16
-6.506000E-03,16
-6.504000E-03,16
-6.502000E-03,16
-6.500000E-03,16
-6.498000E-03,16
-6.496000E-03,16
-6.494000E-03,16
-6.492000E-03,16
-6.490000E-03,16
-6.488000E-03,16
-6.486000E-03,16
-6.484000E-03,16
-6.482000E-03,16
-6.480000E-03,16
-6.478000E-03,16
-6.476000E-03,16
-6.474000E-03,16
-6.472000E-03,16
-6.470000E-03,16
-6.468000E-03,16
-6.466000E-03,16
-6.464000E-03,16
-6.462000E-03,16
-6.460000E-03,16
-6.458000E-03,16
-6.456000E-03,16
-6.454000E-03,16
-6.452000E-03,16
-6.450000E-03,16
-6.448000E-03,16
-6.446000E-03,16
-6.444000E-03,16
-6.442000E-03,16
-6.440000E-03,16
-6.438000E-03,16
-6.436000E-03,16
-6.434000E-03,16
-6.432000E-03,16
-6.430000E-03,16
-6.428000E-03,16
-6.426000E-03,16
-6.424000E-03,16
-6.422000E-03,16
-6.420000E-03,16
-6.418000E-03,16
-6.416000E-03,16
-6.414000E-03,16
-6.412000E-03,16
-6.410000E-03,16
-6.408000E-03,16
-6.406000E-03,16
-6.404000E-03,16
-6.402000E-03,16
-6.400000E-03,16
-6.398000E-03,16
-6.396000E-03,16
-6.394000E-03,16
-6.392000E-03,16
-6.390000E-03,16
-6.388000E-03,16
-6.386000E-03,16
-6.384000E-03,16
-6.382000E-03,16
-6.380000E-03,16
-6.378000E-03,16
-6.376000E-03,16
-6.374000E-03,16
-6.372000E-03,16
-6.370000E-03,16
-6.368000E-03,16
-6.366000E-03,16
-6.364000E-03,16
-6.362000E-03,16
-6.360000E-03,16
-6.358000E-03,16
-6.356000E-03,16
-6.354000E-03,16
-6.352000E-03,16
-6.350000E-03,16
-6.348000E-03,16
-6.346000E-03,16
-6.344000E-03,16
-6.342000E-03,16
-6.340000E-03,16
-6.338000E-03,16
-6.336000E-03,16
-6.334000E-03,16
-6.332000E-03,16
-6.330000E-03,16
-6.328000E-03,16
-6.326000E-03,16
-6.324000E-03,16
-6.322000E-03,16
-6.320000E-03,16
-6.318000E-03,16
-6.316000E-03,16
-6.314000E-03,16
-6.312000E-03,16
-6.310000E-03,16
-6.308000E-03,16
-6.306000E-03,16
-6.304000E-03,16
-6.302000E-03,16
-6.300000E-03,16
-6.298000E-03,16
-6.296000E-03,16
-6.294000E-03,16
-6.292000E-03,16
-6.290000E-03,16
-6.288000E-03,16
-6.286000E-03,16
-6.284000E-03,16
-6.282000E-03,16
-6.280000E-03,16
-6.278000E-03,16
-6.276000E-03,16
-6.274000E-03,16
-6.272000E-03,16
-6.270000E-03,16
-6.268000E-03,16
-6.266000E-03,16
-6.264000E-03,16
-6.262000E-03,16
-6.260000E-03,16
-6.258000E-03,16
-6.256000E-03,16
-6.254000E-03,16
-6.252000E-03,16
-6.250000E-03,16
-6.248000E-03,16
-6.246000E-03,16
-6.244000E-03,16
-6.242000E-03,16
-6.240000E-03,16
-6.238000E-03,16
-6.236000E-03,16
-6.234000E-03,16
-6.232000E-03,16
-6.230000E-03,16
-6.228000E-03,16
-6.226000E-03,16
-6.224000E-03,16
-6.222000E-03,16
-6.220000E-03,16
-6.218000E-03,16
-6.216000E-03,16
-6.214000E-03,16
-6.212000E-03,16
-6.210000E-03,16
-6.208000E-03,16
-6.206000E-03,16
-6.204000E-03,16
-6.202000E-03,16
-6.200000E-03,16
-6.198000E-03,16
-6.196000E-03,16
-6.194000E-03,16
-6.192000E-03,16
-6.190000E-03,16
-6.188000E-03,16
-6.186000E-03,16
-6.184000E-03,16
-6.182000E-03,16
-6.180000E-03,16
-6.178000E-03,16
-6.176000E-03,16
-6.174000E-03,16
-6.172000E-03,16
-6.170000E-03,16
-6.168000E-03,16
-6.166000E-03,16
-6.164000E-03,16
-6.162000E-03,16
-6.160000E-03,16
-6.158000E-03,16
-6.156000E-03,16
-6.154000E-03,16
-6.152000E-03,16
-6.150000E-03,16
-6.148000E-03,16
-6.146000E-03,16
-6.144000E-03,16
-6.142000E-03,16
-6.140000E-03,16
-6.138000E-03,16
-6.136000E-03,16
-6.134000E-03,16
-6.132000E-03,16
-6.130000E-03,16
-6.128000E-03,16
-6.126000E-03,16
-6.124000E-03,16
-6.122000E-03,16
-6.120000E-03,16
-6.118000E-03,16
-6.116000E-03,16
-6.114000E-03,16
-6.112000E-03,16
-6.110000E-03,16
-6.108000E-03,16
-6.106000E-03,16
-6.104000E-03,16
-6.102000E-03,16
-6.100000E-03,16
-6.098000E-03,16
-6.096000E-03,16
-6.094000E-03,16
-6.092000E-03,16
-6.090000E-03,16
-6.088000E-03,16
-6.086000E-03,16
-6.084000E-03,16
-6.082000E-03,16
-6.080000E-03,16
-6.078000E-03,16
-6.076000E-03,16
-6.074000E-03,16
-6.072000E-03,16
-6.070000E-03,16
-6.068000E-03,16
-6.066000E-03,16
-6.064000E-03,16
-6.062000E-03,16
-6.060000E-03,16
-6.058000E-03,16
-6.056000E-03,16
-6.054000E-03,16
-6.052000E-03,16
-6.050000E-03,16
-6.048000E-03,16
-6.046000E-03,16
-6.044000E-03,16
-6.042000E-03,16
-6.040000E-03,16
-6.038000E-03,16
-6.036000E-03,16
-6.034000E-03,16
-6.032000E-03,16
-6.030000E-03,16
-6.028000E-03,16
-6.026000E-03,16
-6.024000E-03,16
-6.022000E-03,16
-6.020000E-03,16
-6.018000E-03,16
-6.016000E-03,16
-6.014000E-03,16
-6.012000E-03,16
-6.010000E-03,16
-6.008000E-03,16
-6.006000E-03,16
-6.004000E-03,16
-6.002000E-03,16
-6.000000E-03,16
-5.998000E-03,16
-5.996000E-03,16
-5.994000E-03,16
-5.992000E-03,16
-5.990000E-03,16
-5.988000E-03,16
-5.986000E-03,16
-5.984000E-03,16
-5.982000E-03,16
-5.980000E-03,16
-5.978000E-03,16
-5.976000E-03,16
-5.974000E-03,16
-5.972000E-03,16
-5.970000E-03,16
-5.968000E-03,16
-5.966000E-03,16
-5.964000E-03,16
-5.962000E-03,16
-5.960000E-03,16
-5.958000E-03,16
-5.956000E-03,16
-5.954000E-03,16
-5.952000E-03,16
-5.950000E-03,16
-5.948000E-03,16
-5.946000E-03,16
-5.944000E-03,16
-5.942000E-03,16
-5.940000E-03,16
-5.938000E-03,16
-5.936000E-03,16
-5.934000E-03,16
-5.932000E-03,16
-5.930000E-03,16
-5.928000E-03,16
-5.926000E-03,16
-5.924000E-03,16
-5.922000E-03,16
-5.920000E-03,16
-5.918000E-03,16
-5.916000E-03,16
-5.914000E-03,16
-5.912000E-03,16
-5.910000E-03,16
-5.908000E-03,16
-5.906000E-03,16
-5.904000E-03,16
-5.902000E-03,16
-5.900000E-03,16
-5.898000E-03,16
-5.896000E-03,16
-5.894000E-03,16
-5.892000E-03,16
-5.890000E-03,16
-5.888000E-03,16
-5.886000E-03,16
-5.884000E-03,16
-5.882000E-03,16
-5.880000E-03,16
-5.878000E-03,16
-5.876000E-03,16
-5.874000E-03,16
-5.872000E-03,16
-5.870000E-03,16
-5.868000E-03,16
-5.866000E-03,16
-5.864000E-03,16
-5.862000E-03,16
-5.860000E-03,16
-5.858000E-03,16
-5.856000E-03,16
-5.854000E-03,16
-5.852000E-03,16
-5.850000E-03,16
-5.848000E-03,16
-5.846000E-03,16
-5.844000E-03,16
-5.842000E-03,16
-5.840000E-03,16
-5.838000E-03,16
-5.836000E-03,16
-5.834000E-03,16
-5.832000E-03,16
-5.830000E-03,16
-5.828000E-03,16
-5.826000E-03,16
-5.824000E-03,16
-5.822000E-03,16
-5.820000E-03,16
-5.818000E-03,16
-5.816000E-03,16
-5.814000E-03,16
-5.812000E-03,16
-5.810000E-03,16
-5.808000E-03,16
-5.806000E-03,16
-5.804000E-03,16
-5.802000E-03,16
-5.800000E-03,16
-5.798000E-03,16
-5.796000E-03,16
-5.794000E-03,16
-5.792000E-03,16
-5.790000E-03,16
-5.788000E-03,16
-5.786000E-03,16
-5.784000E-03,16
-5.782000E-03,16
-5.780000E-03,16
-5.778000E-03,16
-5.776000E-03,16
-5.774000E-03,16
-5.772000E-03,16
-5.770000E-03,16
-5.768000E-03,16
-5.766000E-03,16
-5.764000E-03,16
-5.762000E-03,16
-5.760000E-03,16
-5.758000E-03,16
-5.756000E-03,16
-5.754000E-03,16
-5.752000E-03,16
-5.750000E-03,16
-5.748000E-03,16
-5.746000E-03,16
-5.744000E-03,16
-5.742000E-03,16
-5.740000E-03,16
-5.738000E-03,16
-5.736000E-03,16
-5.734000E-03,16
-5.732000E-03,16
-5.730000E-03,16
-5.728000E-03,16
-5.726000E-03,16
-5.724000E-03,16
-5.722000E-03,16
-5.720000E-03,16
-5.718000E-03,16
-5.716000E-03,16
-5.714000E-03,16
-5.712000E-03,16
-5.710000E-03,16
-5.708000E-03,16
-5.706000E-03,16
-5.704000E-03,16
-5.702000E-03,16
-5.700000E-03,16
-5.698000E-03,16
-5.696000E-03,16
-5.694000E-03,16
-5.692000E-03,16
-5.690000E-03,16
-5.688000E-03,16
-5.686000E-03,16
-5.684000E-03,16
-5.682000E-03,16
-5.680000E-03,16
-5.678000E-03,16
-5.676000E-03,16
-5.674000E-03,16
-5.672000E-03,16
-5.670000E-03,16
-5.668000E-03,16
-5.666000E-03,16
-5.664000E-03,16
-5.662000E-03,16
-5.660000E-03,16
-5.658000E-03,16
-5.656000E-03,16
-5.654000E-03,16
-5.652000E-03,16
-5.650000E-03,16
-5.648000E-03,16
-5.646000E-03,16
-5.644000E-03,16
-5.642000E-03,16
-5.640000E-03,16
-5.638000E-03,16
-5.636000E-03,16
-5.634000E-03,16
-5.632000E-03,16
-5.630000E-03,16
-5.628000E-03,16
-5.626000E-03,16
-5.624000E-03,16
-5.622000E-03,16
-5.620000E-03,16
-5.618000E-03,16
-5.616000E-03,16
-5.614000E-03,16
-5.612000E-03,16
-5.610000E-03,16
-5.608000E-03,16
-5.606000E-03,16
-5.604000E-03,16
-5.602000E-03,16
-5.600000E-03,16
-5.598000E-03,16
-5.596000E-03,16
-5.594000E-03,16
-5.592000E-03,16
-5.590000E-03,16
-5.588000E-03,16
-5.586000E-03,16
-5.584000E-03,16
-5.582000E-03,16
-5.580000E-03,16
-5.578000E-03,16
-5.576000E-03,16
-5.574000E-03,16
-5.572000E-03,16
-5.570000E-03,16
-5.568000E-03,16
-5.566000E-03,16
-5.564000E-03,16
-5.562000E-03,16
-5.560000E-03,16
-5.558000E-03,16
-5.556000E-03,16
-5.554000E-03,16
-5.552000E-03,16
-5.550000E-03,16
-5.548000E-03,16
-5.546000E-03,16
-5.544000E-03,16
-5.542000E-03,16
-5.540000E-03,16
-5.538000E-03,16
-5.536000E-03,16
-5.534000E-03,16
-5.532000E-03,16
-5.530000E-03,16
-5.528000E-03,16
-5.526000E-03,16
-5.524000E-03,16
-5.522000E-03,16
-5.520000E-03,16
-5.518000E-03,16
-5.516000E-03,16
-5.514000E-03,16
-5.512000E-03,16
-5.510000E-03,16
-5.508000E-03,16
-5.506000E-03,16
-5.504000E-03,16
-5.502000E-03,16
-5.500000E-03,16
-5.498000E-03,16
-5.496000E-03,16
-5.494000E-03,16
-5.492000E-03,16
-5.490000E-03,16
-5.488000E-03,16
-5.486000E-03,16
-5.484000E-03,16
-5.482000E-03,16
-5.480000E-03,16
-5.478000E-03,16
-5.476000E-03,16
-5.474000E-03,16
-5.472000E-03,16
-5.470000E-03,16
-5.468000E-03,16
-5.466000E-03,16
-5.464000E-03,16
-5.462000E-03,16
-5.460000E-03,16
-5.458000E-03,16
-5.456000E-03,16
-5.454000E-03,16
-5.452000E-03,16
-5.450000E-03,16
-5.448000E-03,16
-5.446000E-03,16
-5.444000E-03,16
-5.442000E-03,16
-5.440000E-03,16
-5.438000E-03,16
-5.436000E-03,16
-5.434000E-03,16
-5.432000E-03,16
-5.430000E-03,16
-5.428000E-03,16
-5.426000E-03,16
-5.424000E-03,16
-5.422000E-03,16
-5.420000E-03,16
-5.418000E-03,16
-5.416000E-03,16
-5.414000E-03,16
-5.412000E-03,16
-5.410000E-03,16
-5.408000E-03,16
-5.406000E-03,16
-5.404000E-03,16
-5.402000E-03,16
-5.400000E-03,16
-5.398000E-03,16
-5.396000E-03,16
-5.394000E-03,16
-5.392000E-03,16
-5.390000E-03,16
-5.388000E-03,16
-5.386000E-03,16
-5.384000E-03,16
-5.382000E-03,16
-5.380000E-03,16
-5.378000E-03,16
-5.376000E-03,16
-5.374000E-03,16
-5.372000E-03,16
-5.370000E-03,16
-5.368000E-03,16
-5.366000E-03,16
-5.364000E-03,16
-5.362000E-03,16
-5.360000E-03,16
-5.358000E-03,16
-5.356000E-03,16
-5.354000E-03,16
-5.352000E-03,16
-5.350000E-03,16
-5.348000E-03,16
-5.346000E-03,16
-5.344000E-03,16
-5.342000E-03,16
-5.340000E-03,16
-5.338000E-03,16
-5.336000E-03,16
-5.334000E-03,16
-5.332000E-03,16
-5.330000E-03,16
-5.328000E-03,16
-5.326000E-03,16
-5.324000E-03,16
-5.322000E-03,16
-5.320000E-03,16
-5.318000E-03,16
-5.316000E-03,16
-5.314000E-03,16
-5.312000E-03,16
-5.310000E-03,16
-5.308000E-03,16
-5.306000E-03,16
-5.304000E-03,16
-5.302000E-03,16
-5.300000E-03,16
-5.298000E-03,16
-5.296000E-03,16
-5.294000E-03,16
-5.292000E-03,16
-5.290000E-03,16
-5.288000E-03,16
-5.286000E-03,16
-5.284000E-03,16
-5.282000E-03,16
-5.280000E-03,16
-5.278000E-03,16
-5.276000E-03,16
-5.274000E-03,16
-5.272000E-03,16
-5.270000E-03,16
-5.268000E-03,16
-5.266000E-03,16
-5.264000E-03,16
-5.262000E-03,16
-5.260000E-03,16
-5.258000E-03,16
-5.256000E-03,16
-5.254000E-03,16
-5.252000E-03,16
-5.250000E-03,16
-5.248000E-03,16
-5.246000E-03,16
-5.244000E-03,16
-5.242000E-03,16
-5.240000E-03,16
-5.238000E-03,16
-5.236000E-03,16
-5.234000E-03,16
-5.232000E-03,16
-5.230000E-03,16
-5.228000E-03,16
-5.226000E-03,16
-5.224000E-03,16
-5.222000E-03,16
-5.220000E-03,16
-5.218000E-03,16
-5.216000E-03,16
-5.214000E-03,16
-5.212000E-03,16
-5.210000E-03,16
-5.208000E-03,16
-5.206000E-03,16
-5.204000E-03,16
-5.202000E-03,16
-5.200000E-03,16
-5.198000E-03,16
-5.196000E-03,16
-5.194000E-03,16
-5.192000E-03,16
-5.190000E-03,16
-5.188000E-03,16
-5.186000E-03,16
-5.184000E-03,16
-5.182000E-03,16
-5.180000E-03,16
-5.178000E-03,16
-5.176000E-03,16
-5.174000E-03,16
-5.172000E-03,16
-5.170000E-03,16
-5.168000E-03,16
-5.166000E-03,16
-5.164000E-03,16
-5.162000E-03,16
-5.160000E-03,16
-5.158000E-03,16
-5.156000E-03,16
-5.154000E-03,16
-5.152000E-03,16
-5.150000E-03,16
-5.148000E-03,16
-5.146000E-03,16
-5.144000E-03,16
-5.142000E-03,16
-5.140000E-03,16
-5.138000E-03,16
-5.136000E-03,16
-5.134000E-03,16
-5.132000E-03,16
-5.130000E-03,16
-5.128000E-03,16
-5.126000E-03,16
-5.124000E-03,16
-5.122000E-03,16
-5.120000E-03,16
-5.118000E-03,16
-5.116000E-03,16
-5.114000E-03,16
-5.112000E-03,16
-5.110000E-03,16
-5.108000E-03,16
-5.106000E-03,16
-5.104000E-03,16
-5.102000E-03,16
-5.100000E-03,16
-5.098000E-03,16
-5.096000E-03,16
-5.094000E-03,16
-5.092000E-03,16
-5.090000E-03,16
-5.088000E-03,16
-5.086000E-03,16
-5.084000E-03,16
-5.082000E-03,16
-5.080000E-03,16
-5.078000E-03,16
-5.076000E-03,16
-5.074000E-03,16
-5.072000E-03,16
-5.070000E-03,16
-5.068000E-03,16
-5.066000E-03,16
-5.064000E-03,16
-5.062000E-03,16
-5.060000E-03,16
-5.058000E-03,16
-5.056000E-03,16
-5.054000E-03,16
-5.052000E-03,16
-5.050000E-03,16
-5.048000E-03,16
-5.046000E-03,16
-5.044000E-03,16
-5.042000E-03,16
-5.040000E-03,16
-5.038000E-03,16
-5.036000E-03,16
-5.034000E-03,16
-5.032000E-03,16
-5.030000E-03,16
-5.028000E-03,16
-5.026000E-03,16
-5.024000E-03,16
-5.022000E-03,16
-5.020000E-03,16
-5.018000E-03,16
-5.016000E-03,16
-5.014000E-03,16
-5.012000E-03,16
-5.010000E-03,16
-5.008000E-03,16
-5.006000E-03,16
-5.004000E-03,16
-5.002000E-03,16
-5.000000E-03,16
-4.998000E-03,16
-4.996000E-03,16
-4.994000E-03,16
-4.992000E-03,16
-4.990000E-03,16
-4.988000E-03,16
-4.986000E-03,16
-4.984000E-03,16
-4.982000E-03,16
-4.980000E-03,16
-4.978000E-03,16
-4.976000E-03,16
-4.974000E-03,16
-4.972000E-03,16
-4.970000E-03,16
-4.968000E-03,16
-4.966000E-03,16
-4.964000E-03,16
-4.962000E-03,16
-4.960000E-03,16
-4.958000E-03,16
-4.956000E-03,16
-4.954000E-03,16
-4.952000E-03,16
-4.950000E-03,16
-4.948000E-03,16
-4.946000E-03,16
-4.944000E-03,16
-4.942000E-03,16
-4.940000E-03,16
-4.938000E-03,16
-4.936000E-03,16
-4.934000E-03,16
-4.932000E-03,16
-4.930000E-03,16
-4.928000E-03,16
-4.926000E-03,16
-4.924000E-03,16
-4.922000E-03,16
-4.920000E-03,16
-4.918000E-03,16
-4.916000E-03,16
-4.914000E-03,16
-4.912000E-03,16
-4.910000E-03,16
-4.908000E-03,16
-4.906000E-03,16
-4.904000E-03,16
-4.902000E-03,16
-4.900000E-03,16
-4.898000E-03,16
-4.896000E-03,16
-4.894000E-03,16
-4.892000E-03,16
-4.890000E-03,16
-4.888000E-03,16
-4.886000E-03,16
-4.884000E-03,16
-4.882000E-03,16
-4.880000E-03,16
-4.878000E-03,16
-4.876000E-03,16
-4.874000E-03,16
-4.872000E-03,16
-4.870000E-03,16
-4.868000E-03,16
-4.866000E-03,16
-4.864000E-03,16
-4.862000E-03,16
-4.860000E-03,16
-4.858000E-03,16
-4.856000E-03,16
-4.854000E-03,16
-4.852000E-03,16
-4.850000E-03,16
-4.848000E-03,16
-4.846000E-03,16
-4.844000E-03,16
-4.842000E-03,16
-4.840000E-03,16
-4.838000E-03,16
-4.836000E-03,16
-4.834000E-03,16
-4.832000E-03,16
-4.830000E-03,16
-4.828000E-03,16
-4.826000E-03,16
-4.824000E-03,16
-4.822000E-03,16
-4.820000E-03,16
-4.818000E-03,16
-4.816000E-03,16
-4.814000E-03,16
-4.812000E-03,16
-4.810000E-03,16
-4.808000E-03,16
-4.806000E-03,16
-4.804000E-03,16
-4.802000E-03,16
-4.800000E-03,16
-4.798000E-03,16
-4.796000E-03,16
-4.794000E-03,16
-4.792000E-03,16
-4.790000E-03,16
-4.788000E-03,16
-4.786000E-03,16
-4.784000E-03,16
-4.782000E-03,16
-4.780000E-03,16
-4.778000E-03,16
-4.776000E-03,16
-4.774000E-03,16
-4.772000E-03,16
-4.770000E-03,16
-4.768000E-03,16
-4.766000E-03,16
-4.764000E-03,16
-4.762000E-03,16
-4.760000E-03,16
-4.758000E-03,16
-4.756000E-03,16
-4.754000E-03,16
-4.752000E-03,16
-4.750000E-03,16
-4.748000E-03,16
-4.746000E-03,16
-4.744000E-03,16
-4.742000E-03,16
-4.740000E-03,16
-4.738000E-03,16
-4.736000E-03,16
-4.734000E-03,16
-4.732000E-03,16
-4.730000E-03,16
-4.728000E-03,16
-4.726000E-03,16
-4.724000E-03,16
-4.722000E-03,16
-4.720000E-03,16
-4.718000E-03,16
-4.716000E-03,16
-4.714000E-03,16
-4.712000E-03,16
-4.710000E-03,16
-4.708000E-03,16
-4.706000E-03,16
-4.704000E-03,16
-4.702000E-03,16
-4.700000E-03,16
-4.698000E-03,16
-4.696000E-03,16
-4.694000E-03,16
-4.692000E-03,16
-4.690000E-03,16
-4.688000E-03,16
-4.686000E-03,16
-4.684000E-03,16
-4.682000E-03,16
-4.680000E-03,16
-4.678000E-03,16
-4.676000E-03,16
-4.674000E-03,16
-4.672000E-03,16
-4.670000E-03,16
-4.668000E-03,16
-4.666000E-03,16
-4.664000E-03,16
-4.662000E-03,16
-4.660000E-03,16
-4.658000E-03,16
-4.656000E-03,16
-4.654000E-03,16
-4.652000E-03,16
-4.650000E-03,16
-4.648000E-03,16
-4.646000E-03,16
-4.644000E-03,16
-4.642000E-03,16
-4.640000E-03,16
-4.638000E-03,16
-4.636000E-03,16
-4.634000E-03,16
-4.632000E-03,16
-4.630000E-03,16
-4.628000E-03,16
-4.626000E-03,16
-4.624000E-03,16
-4.622000E-03,16
-4.620000E-03,16
-4.618000E-03,16
-4.616000E-03,16
-4.614000E-03,16
-4.612000E-03,16
-4.610000E-03,16
-4.608000E-03,16
-4.606000E-03,16
-4.604000E-03,16
-4.602000E-03,16
-4.600000E-03,16
-4.598000E-03,16
-4.596000E-03,16
-4.594000E-03,16
-4.592000E-03,16
-4.590000E-03,16
-4.588000E-03,16
-4.586000E-03,16
-4.584000E-03,16
-4.582000E-03,16
-4.580000E-03,16
-4.578000E-03,16
-4.576000E-03,16
-4.574000E-03,16
-4.572000E-03,16
-4.570000E-03,16
-4.568000E-03,16
-4.566000E-03,16
-4.564000E-03,16
-4.562000E-03,16
-4.560000E-03,16
-4.558000E-03,16
-4.556000E-03,16
-4.554000E-03,16
-4.552000E-03,16
-4.550000E-03,16
-4.548000E-03,16
-4.546000E-03,16
-4.544000E-03,16
-4.542000E-03,16
-4.540000E-03,16
-4.538000E-03,16
-4.536000E-03,16
-4.534000E-03,16
-4.532000E-03,16
-4.530000E-03,16
-4.528000E-03,16
-4.526000E-03,16
-4.524000E-03,16
-4.522000E-03,16
-4.520000E-03,16
-4.518000E-03,16
-4.516000E-03,16
-4.514000E-03,16
-4.512000E-03,16
-4.510000E-03,16
-4.508000E-03,16
-4.506000E-03,16
-4.504000E-03,16
-4.502000E-03,16
-4.500000E-03,16
-4.498000E-03,16
-4.496000E-03,16
-4.494000E-03,16
-4.492000E-03,16
-4.490000E-03,16
-4.488000E-03,16
-4.486000E-03,16
-4.484000E-03,16
-4.482000E-03,16
-4.480000E-03,16
-4.478000E-03,16
-4.476000E-03,16
-4.474000E-03,16
-4.472000E-03,16
-4.470000E-03,16
-4.468000E-03,16
-4.466000E-03,16
-4.464000E-03,16
-4.462000E-03,16
-4.460000E-03,16
-4.458000E-03,16
-4.456000E-03,16
-4.454000E-03,16
-4.452000E-03,16
-4.450000E-03,16
-4.448000E-03,16
-4.446000E-03,16
-4.444000E-03,16
-4.442000E-03,16
-4.440000E-03,16
-4.438000E-03,16
-4.436000E-03,16
-4.434000E-03,16
-4.432000E-03,16
-4.430000E-03,16
-4.428000E-03,16
-4.426000E-03,16
-4.424000E-03,16
-4.422000E-03,16
-4.420000E-03,16
-4.418000E-03,16
-4.416000E-03,16
-4.414000E-03,16
-4.412000E-03,16
-4.410000E-03,16
-4.408000E-03,16
-4.406000E-03,16
-4.404000E-03,16
-4.402000E-03,16
-4.400000E-03,16
-4.398000E-03,16
-4.396000E-03,16
-4.394000E-03,16
-4.392000E-03,16
-4.390000E-03,16
-4.388000E-03,16
-4.386000E-03,16
-4.384000E-03,16
-4.382000E-03,16
-4.380000E-03,16
-4.378000E-03,16
-4.376000E-03,16
-4.374000E-03,16
-4.372000E-03,16
-4.370000E-03,16
-4.368000E-03,16
-4.366000E-03,16
-4.364000E-03,16
-4.362000E-03,16
-4.360000E-03,16
-4.358000E-03,16
-4.356000E-03,16
-4.354000E-03,16
-4.352000E-03,16
-4.350000E-03,16
-4.348000E-03,16
-4.346000E-03,16
-4.344000E-03,16
-4.342000E-03,16
-4.340000E-03,16
-4.338000E-03,16
-4.336000E-03,16
-4.334000E-03,16
-4.332000E-03,16
-4.330000E-03,16
-4.328000E-03,16
-4.326000E-03,16
-4.324000E-03,16
-4.322000E-03,16
-4.320000E-03,16
-4.318000E-03,16
-4.316000E-03,16
-4.314000E-03,16
-4.312000E-03,16
-4.310000E-03,16
-4.308000E-03,16
-4.306000E-03,16
-4.304000E-03,16
-4.302000E-03,16
-4.300000E-03,16
-4.298000E-03,16
-4.296000E-03,16
-4.294000E-03,16
-4.292000E-03,16
-4.290000E-03,16
-4.288000E-03,16
-4.286000E-03,16
-4.284000E-03,16
-4.282000E-03,16
-4.280000E-03,16
-4.278000E-03,16
-4.276000E-03,16
-4.274000E-03,16
-4.272000E-03,16
-4.270000E-03,16
-4.268000E-03,16
-4.266000E-03,16
-4.264000E-03,16
-4.262000E-03,16
-4.260000E-03,16
-4.258000E-03,16
-4.256000E-03,16
-4.254000E-03,16
-4.252000E-03,16
-4.250000E-03,16
-4.248000E-03,16
-4.246000E-03,16
-4.244000E-03,16
-4.242000E-03,16
-4.240000E-03,16
-4.238000E-03,16
-4.236000E-03,16
-4.234000E-03,16
-4.232000E-03,16
-4.230000E-03,16
-4.228000E-03,16
-4.226000E-03,16
-4.224000E-03,16
-4.222000E-03,16
-4.220000E-03,16
-4.218000E-03,16
-4.216000E-03,16
-4.214000E-03,16
-4.212000E-03,16
-4.210000E-03,16
-4.208000E-03,16
-4.206000E-03,16
-4.204000E-03,16
-4.202000E-03,16
-4.200000E-03,16
-4.198000E-03,16
-4.196000E-03,16
-4.194000E-03,16
-4.192000E-03,16
-4.190000E-03,16
-4.188000E-03,16
-4.186000E-03,16
-4.184000E-03,16
-4.182000E-03,16
-4.180000E-03,16
-4.178000E-03,16
-4.176000E-03,16
-4.174000E-03,16
-4.172000E-03,16
-4.170000E-03,16
-4.168000E-03,16
-4.166000E-03,16
-4.164000E-03,16
-4.162000E-03,16
-4.160000E-03,16
-4.158000E-03,16
-4.156000E-03,16
-4.154000E-03,16
-4.152000E-03,16
-4.150000E-03,16
-4.148000E-03,16
-4.146000E-03,16
-4.144000E-03,16
-4.142000E-03,16
-4.140000E-03,16
-4.138000E-03,16
-4.136000E-03,16
-4.134000E-03,16
-4.132000E-03,16
-4.130000E-03,16
-4.128000E-03,16
-4.126000E-03,16
-4.124000E-03,16
-4.122000E-03,16
-4.120000E-03,16
-4.118000E-03,16
-4.116000E-03,16
-4.114000E-03,16
-4.112000E-03,16
-4.110000E-03,16
-4.108000E-03,16
-4.106000E-03,16
-4.104000E-03,16
-4.102000E-03,16
-4.100000E-03,16
-4.098000E-03,16
-4.096000E-03,16
-4.094000E-03,16
-4.092000E-03,16
-4.090000E-03,16
-4.088000E-03,16
-4.086000E-03,16
-4.084000E-03,16
-4.082000E-03,16
-4.080000E-03,16
-4.078000E-03,16
-4.076000E-03,16
-4.074000E-03,16
-4.072000E-03,16
-4.070000E-03,16
-4.068000E-03,16
-4.066000E-03,16
-4.064000E-03,16
-4.062000E-03,16
-4.060000E-03,16
-4.058000E-03,16
-4.056000E-03,16
-4.054000E-03,16
-4.052000E-03,16
-4.050000E-03,16
-4.048000E-03,16
-4.046000E-03,16
-4.044000E-03,16
-4.042000E-03,16
-4.040000E-03,16
-4.038000E-03,16
-4.036000E-03,16
-4.034000E-03,16
-4.032000E-03,16
-4.030000E-03,16
-4.028000E-03,16
-4.026000E-03,16
-4.024000E-03,16
-4.022000E-03,16
-4.020000E-03,16
-4.018000E-03,16
-4.016000E-03,16
-4.014000E-03,16
-4.012000E-03,16
-4.010000E-03,16
-4.008000E-03,16
-4.006000E-03,16
-4.004000E-03,16
-4.002000E-03,16
-4.000000E-03,16
-3.998000E-03,16
-3.996000E-03,16
-3.994000E-03,16
-3.992000E-03,16
-3.990000E-03,16
-3.988000E-03,16
-3.986000E-03,16
-3.984000E-03,16
-3.982000E-03,16
-3.980000E-03,16
-3.978000E-03,16
-3.976000E-03,16
-3.974000E-03,16
-3.972000E-03,16
-3.970000E-03,16
-3.968000E-03,16
-3.966000E-03,16
-3.964000E-03,16
-3.962000E-03,16
-3.960000E-03,16
-3.958000E-03,16
-3.956000E-03,16
-3.954000E-03,16
-3.952000E-03,16
-3.950000E-03,16
-3.948000E-03,16
-3.946000E-03,16
-3.944000E-03,16
-3.942000E-03,16
-3.940000E-03,16
-3.938000E-03,16
-3.936000E-03,16
-3.934000E-03,16
-3.932000E-03,16
-3.930000E-03,16
-3.928000E-03,16
-3.926000E-03,16
-3.924000E-03,16
-3.922000E-03,16
-3.920000E-03,16
-3.918000E-03,16
-3.916000E-03,16
-3.914000E-03,16
-3.912000E-03,16
-3.910000E-03,16
-3.908000E-03,16
-3.906000E-03,16
-3.904000E-03,16
-3.902000E-03,16
-3.900000E-03,16
-3.898000E-03,16
-3.896000E-03,16
-3.894000E-03,16
-3.892000E-03,16
-3.890000E-03,16
-3.888000E-03,16
-3.886000E-03,16
-3.884000E-03,16
-3.882000E-03,16
-3.880000E-03,16
-3.878000E-03,16
-3.876000E-03,16
-3.874000E-03,16
-3.872000E-03,16
-3.870000E-03,16
-3.868000E-03,16
-3.866000E-03,16
-3.864000E-03,16
-3.862000E-03,16
-3.860000E-03,16
-3.858000E-03,16
-3.856000E-03,16
-3.854000E-03,16
-3.852000E-03,16
-3.850000E-03,16
-3.848000E-03,16
-3.846000E-03,16
-3.844000E-03,16
-3.842000E-03,16
-3.840000E-03,16
-3.838000E-03,16
-3.836000E-03,16
-3.834000E-03,16
-3.832000E-03,16
-3.830000E-03,16
-3.828000E-03,16
-3.826000E-03,16
-3.824000E-03,16
-3.822000E-03,16
-3.820000E-03,16
-3.818000E-03,16
-3.816000E-03,16
-3.814000E-03,16
-3.812000E-03,16
-3.810000E-03,16
-3.808000E-03,16
-3.806000E-03,16
-3.804000E-03,16
-3.802000E-03,16
-3.800000E-03,16
-3.798000E-03,16
-3.796000E-03,16
-3.794000E-03,16
-3.792000E-03,16
-3.790000E-03,16
-3.788000E-03,16
-3.786000E-03,16
-3.784000E-03,16
-3.782000E-03,16
-3.780000E-03,16
-3.778000E-03,16
-3.776000E-03,16
-3.774000E-03,16
-3.772000E-03,16
-3.770000E-03,16
-3.768000E-03,16
-3.766000E-03,16
-3.764000E-03,16
-3.762000E-03,16
-3.760000E-03,16
-3.758000E-03,16
-3.756000E-03,16
-3.754000E-03,16
-3.752000E-03,16
-3.750000E-03,16
-3.748000E-03,16
-3.746000E-03,16
-3.744000E-03,16
-3.742000E-03,16
-3.740000E-03,16
-3.738000E-03,16
-3.736000E-03,16
-3.734000E-03,16
-3.732000E-03,16
-3.730000E-03,16
-3.728000E-03,16
-3.726000E-03,16
-3.724000E-03,16
-3.722000E-03,16
-3.720000E-03,16
-3.718000E-03,16
-3.716000E-03,16
-3.714000E-03,16
-3.712000E-03,16
-3.710000E-03,16
-3.708000E-03,16
-3.706000E-03,16
-3.704000E-03,16
-3.702000E-03,16
-3.700000E-03,16
-3.698000E-03,16
-3.696000E-03,16
-3.694000E-03,16
-3.692000E-03,16
-3.690000E-03,16
-3.688000E-03,16
-3.686000E-03,16
-3.684000E-03,16
-3.682000E-03,16
-3.680000E-03,16
-3.678000E-03,16
-3.676000E-03,16
-3.674000E-03,16
-3.672000E-03,16
-3.670000E-03,16
-3.668000E-03,16
-3.666000E-03,16
-3.664000E-03,16
-3.662000E-03,16
-3.660000E-03,16
-3.658000E-03,16
-3.656000E-03,16
-3.654000E-03,16
-3.652000E-03,16
-3.650000E-03,16
-3.648000E-03,16
-3.646000E-03,16
-3.644000E-03,16
-3.642000E-03,16
-3.640000E-03,16
-3.638000E-03,16
-3.636000E-03,16
-3.634000E-03,16
-3.632000E-03,16
-3.630000E-03,16
-3.628000E-03,16
-3.626000E-03,16
-3.624000E-03,16
-3.622000E-03,16
-3.620000E-03,16
-3.618000E-03,16
-3.616000E-03,16
-3.614000E-03,16
-3.612000E-03,16
-3.610000E-03,16
-3.608000E-03,16
-3.606000E-03,16
-3.604000E-03,16
-3.602000E-03,16
-3.600000E-03,16
-3.598000E-03,16
-3.596000E-03,16
-3.594000E-03,16
-3.592000E-03,16
-3.590000E-03,16
-3.588000E-03,16
-3.586000E-03,16
-3.584000E-03,16
-3.582000E-03,16
-3.580000E-03,16
-3.578000E-03,16
-3.576000E-03,16
-3.574000E-03,16
-3.572000E-03,16
-3.570000E-03,16
-3.568000E-03,16
-3.566000E-03,16
-3.564000E-03,16
-3.562000E-03,16
-3.560000E-03,16
-3.558000E-03,16
-3.556000E-03,16
-3.554000E-03,16
-3.552000E-03,16
-3.550000E-03,16
-3.548000E-03,16
-3.546000E-03,16
-3.544000E-03,16
-3.542000E-03,16
-3.540000E-03,16
-3.538000E-03,16
-3.536000E-03,16
-3.534000E-03,16
-3.532000E-03,16
-3.530000E-03,16
-3.528000E-03,16
-3.526000E-03,16
-3.524000E-03,16
-3.522000E-03,16
-3.520000E-03,16
-3.518000E-03,16
-3.516000E-03,16
-3.514000E-03,16
-3.512000E-03,16
-3.510000E-03,16
-3.508000E-03,16
-3.506000E-03,16
-3.504000E-03,16
-3.502000E-03,16
-3.500000E-03,16
-3.498000E-03,16
-3.496000E-03,16
-3.494000E-03,16
-3.492000E-03,16
-3.490000E-03,16
-3.488000E-03,16
-3.486000E-03,16
-3.484000E-03,16
-3.482000E-03,16
-3.480000E-03,16
-3.478000E-03,16
-3.476000E-03,16
-3.474000E-03,16
-3.472000E-03,16
-3.470000E-03,16
-3.468000E-03,16
-3.466000E-03,16
-3.464000E-03,16
-3.462000E-03,16
-3.460000E-03,16
-3.458000E-03,16
-3.456000E-03,16
-3.454000E-03,16
-3.452000E-03,16
-3.450000E-03,16
-3.448000E-03,16
-3.446000E-03,16
-3.444000E-03,16
-3.442000E-03,16
-3.440000E-03,16
-3.438000E-03,16
-3.436000E-03,16
-3.434000E-03,16
-3.432000E-03,16
-3.430000E-03,16
-3.428000E-03,16
-3.426000E-03,16
-3.424000E-03,16
-3.422000E-03,16
-3.420000E-03,16
-3.418000E-03,16
-3.416000E-03,16
-3.414000E-03,16
-3.412000E-03,16
-3.410000E-03,16
-3.408000E-03,16
-3.406000E-03,16
-3.404000E-03,16
-3.402000E-03,16
-3.400000E-03,16
-3.398000E-03,16
-3.396000E-03,16
-3.394000E-03,16
-3.392000E-03,16
-3.390000E-03,16
-3.388000E-03,16
-3.386000E-03,16
-3.384000E-03,16
-3.382000E-03,16
-3.380000E-03,16
-3.378000E-03,16
-3.376000E-03,16
-3.374000E-03,16
-3.372000E-03,16
-3.370000E-03,16
-3.368000E-03,16
-3.366000E-03,16
-3.364000E-03,16
-3.362000E-03,16
-3.360000E-03,16
-3.358000E-03,16
-3.356000E-03,16
-3.354000E-03,16
-3.352000E-03,16
-3.350000E-03,16
-3.348000E-03,16
-3.346000E-03,16
-3.344000E-03,16
-3.342000E-03,16
-3.340000E-03,16
-3.338000E-03,16
-3.336000E-03,16
-3.334000E-03,16
-3.332000E-03,16
-3.330000E-03,16
-3.328000E-03,16
-3.326000E-03,16
-3.324000E-03,16
-3.322000E-03,16
-3.320000E-03,16
-3.318000E-03,16
-3.316000E-03,16
-3.314000E-03,16
-3.312000E-03,16
-3.310000E-03,16
-3.308000E-03,16
-3.306000E-03,16
-3.304000E-03,16
-3.302000E-03,16
-3.300000E-03,16
-3.298000E-03,16
-3.296000E-03,16
-3.294000E-03,16
-3.292000E-03,16
-3.290000E-03,16
-3.288000E-03,16
-3.286000E-03,16
-3.284000E-03,16
-3.282000E-03,16
-3.280000E-03,16
-3.278000E-03,16
-3.276000E-03,16
-3.274000E-03,16
-3.272000E-03,16
-3.270000E-03,16
-3.268000E-03,16
-3.266000E-03,16
-3.264000E-03,16
-3.262000E-03,16
-3.260000E-03,16
-3.258000E-03,16
-3.256000E-03,16
-3.254000E-03,16
-3.252000E-03,16
-3.250000E-03,16
-3.248000E-03,16
-3.246000E-03,16
-3.244000E-03,16
-3.242000E-03,16
-3.240000E-03,16
-3.238000E-03,16
-3.236000E-03,16
-3.234000E-03,16
-3.232000E-03,16
-3.230000E-03,16
-3.228000E-03,16
-3.226000E-03,16
-3.224000E-03,16
-3.222000E-03,16
-3.220000E-03,16
-3.218000E-03,16
-3.216000E-03,16
-3.214000E-03,16
-3.212000E-03,16
-3.210000E-03,16
-3.208000E-03,16
-3.206000E-03,16
-3.204000E-03,16
-3.202000E-03,16
-3.200000E-03,16
-3.198000E-03,16
-3.196000E-03,16
-3.194000E-03,16
-3.192000E-03,16
-3.190000E-03,16
-3.188000E-03,16
-3.186000E-03,16
-3.184000E-03,16
-3.182000E-03,16
-3.180000E-03,16
-3.178000E-03,16
-3.176000E-03,16
-3.174000E-03,16
-3.172000E-03,16
-3.170000E-03,16
-3.168000E-03,16
-3.166000E-03,16
-3.164000E-03,16
-3.162000E-03,16
-3.160000E-03,16
-3.158000E-03,16
-3.156000E-03,16
-3.154000E-03,16
-3.152000E-03,16
-3.150000E-03,16
-3.148000E-03,16
-3.146000E-03,16
-3.144000E-03,16
-3.142000E-03,16
-3.140000E-03,16
-3.138000E-03,16
-3.136000E-03,16
-3.134000E-03,16
-3.132000E-03,16
-3.130000E-03,16
-3.128000E-03,16
-3.126000E-03,16
-3.124000E-03,16
-3.122000E-03,16
-3.120000E-03,16
-3.118000E-03,16
-3.116000E-03,16
-3.114000E-03,16
-3.112000E-03,16
-3.110000E-03,16
-3.108000E-03,16
-3.106000E-03,16
-3.104000E-03,16
-3.102000E-03,16
-3.100000E-03,16
-3.098000E-03,16
-3.096000E-03,16
-3.094000E-03,16
-3.092000E-03,16
-3.090000E-03,16
-3.088000E-03,16
-3.086000E-03,16
-3.084000E-03,16
-3.082000E-03,16
-3.080000E-03,16
-3.078000E-03,16
-3.076000E-03,16
-3.074000E-03,16
-3.072000E-03,16
-3.070000E-03,16
-3.068000E-03,16
-3.066000E-03,16
-3.064000E-03,16
-3.062000E-03,16
-3.060000E-03,16
-3.058000E-03,16
-3.056000E-03,16
-3.054000E-03,16
-3.052000E-03,16
-3.050000E-03,16
-3.048000E-03,16
-3.046000E-03,16
-3.044000E-03,16
-3.042000E-03,16
-3.040000E-03,16
-3.038000E-03,16
-3.036000E-03,16
-3.034000E-03,16
-3.032000E-03,16
-3.030000E-03,16
-3.028000E-03,16
-3.026000E-03,16
-3.024000E-03,16
-3.022000E-03,16
-3.020000E-03,16
-3.018000E-03,16
-3.016000E-03,16
-3.014000E-03,16
-3.012000E-03,16
-3.010000E-03,16
-3.008000E-03,16
-3.006000E-03,16
-3.004000E-03,16
-3.002000E-03,16
-3.000000E-03,16
-2.998000E-03,16
-2.996000E-03,16
-2.994000E-03,16
-2.992000E-03,16
-2.990000E-03,16
-2.988000E-03,16
-2.986000E-03,16
-2.984000E-03,16
-2.982000E-03,16
-2.980000E-03,16
-2.978000E-03,16
-2.976000E-03,16
-2.974000E-03,16
-2.972000E-03,16
-2.970000E-03,16
-2.968000E-03,16
-2.966000E-03,16
-2.964000E-03,16
-2.962000E-03,16
-2.960000E-03,16
-2.958000E-03,16
-2.956000E-03,16
-2.954000E-03,16
-2.952000E-03,16
-2.950000E-03,16
-2.948000E-03,16
-2.946000E-03,16
-2.944000E-03,16
-2.942000E-03,16
-2.940000E-03,16
-2.938000E-03,16
-2.936000E-03,16
-2.934000E-03,16
-2.932000E-03,16
-2.930000E-03,16
-2.928000E-03,16
-2.926000E-03,16
-2.924000E-03,16
-2.922000E-03,16
-2.920000E-03,16
-2.918000E-03,16
-2.916000E-03,16
-2.914000E-03,16
-2.912000E-03,16
-2.910000E-03,16
-2.908000E-03,16
-2.906000E-03,16
-2.904000E-03,16
-2.902000E-03,16
-2.900000E-03,16
-2.898000E-03,16
-2.896000E-03,16
-2.894000E-03,16
-2.892000E-03,16
-2.890000E-03,16
-2.888000E-03,16
-2.886000E-03,16
-2.884000E-03,16
-2.882000E-03,16
-2.880000E-03,16
-2.878000E-03,16
-2.876000E-03,16
-2.874000E-03,16
-2.872000E-03,16
-2.870000E-03,16
-2.868000E-03,16
-2.866000E-03,16
-2.864000E-03,16
-2.862000E-03,16
-2.860000E-03,16
-2.858000E-03,16
-2.856000E-03,16
-2.854000E-03,16
-2.852000E-03,16
-2.850000E-03,16
-2.848000E-03,16
-2.846000E-03,16
-2.844000E-03,16
-2.842000E-03,16
-2.840000E-03,16
-2.838000E-03,16
-2.836000E-03,16
-2.834000E-03,16
-2.832000E-03,16
-2.830000E-03,16
-2.828000E-03,16
-2.826000E-03,16
-2.824000E-03,16
-2.822000E-03,16
-2.820000E-03,16
-2.818000E-03,16
-2.816000E-03,16
-2.814000E-03,16
-2.812000E-03,16
-2.810000E-03,16
-2.808000E-03,16
-2.806000E-03,16
-2.804000E-03,16
-2.802000E-03,16
-2.800000E-03,16
-2.798000E-03,16
-2.796000E-03,16
-2.794000E-03,16
-2.792000E-03,16
-2.790000E-03,16
-2.788000E-03,16
-2.786000E-03,16
-2.784000E-03,16
-2.782000E-03,16
-2.780000E-03,16
-2.778000E-03,16
-2.776000E-03,16
-2.774000E-03,16
-2.772000E-03,16
-2.770000E-03,16
-2.768000E-03,16
-2.766000E-03,16
-2.764000E-03,16
-2.762000E-03,16
-2.760000E-03,16
-2.758000E-03,16
-2.756000E-03,16
-2.754000E-03,16
-2.752000E-03,16
-2.750000E-03,16
-2.748000E-03,16
-2.746000E-03,16
-2.744000E-03,16
-2.742000E-03,16
-2.740000E-03,16
-2.738000E-03,16
-2.736000E-03,16
-2.734000E-03,16
-2.732000E-03,16
-2.730000E-03,16
-2.728000E-03,16
-2.726000E-03,16
-2.724000E-03,16
-2.722000E-03,16
-2.720000E-03,16
-2.718000E-03,16
-2.716000E-03,16
-2.714000E-03,16
-2.712000E-03,16
-2.710000E-03,16
-2.708000E-03,16
-2.706000E-03,16
-2.704000E-03,16
-2.702000E-03,16
-2.700000E-03,16
-2.698000E-03,16
-2.696000E-03,16
-2.694000E-03,16
-2.692000E-03,16
-2.690000E-03,16
-2.688000E-03,16
-2.686000E-03,16
-2.684000E-03,16
-2.682000E-03,16
-2.680000E-03,16
-2.678000E-03,16
-2.676000E-03,16
-2.674000E-03,16
-2.672000E-03,16
-2.670000E-03,16
-2.668000E-03,16
-2.666000E-03,16
-2.664000E-03,16
-2.662000E-03,16
-2.660000E-03,16
-2.658000E-03,16
-2.656000E-03,16
-2.654000E-03,16
-2.652000E-03,16
-2.650000E-03,16
-2.648000E-03,16
-2.646000E-03,16
-2.644000E-03,16
-2.642000E-03,16
-2.640000E-03,16
-2.638000E-03,16
-2.636000E-03,16
-2.634000E-03,16
-2.632000E-03,16
-2.630000E-03,16
-2.628000E-03,16
-2.626000E-03,16
-2.624000E-03,16
-2.622000E-03,16
-2.620000E-03,16
-2.618000E-03,16
-2.616000E-03,16
-2.614000E-03,16
-2.612000E-03,16
-2.610000E-03,16
-2.608000E-03,16
-2.606000E-03,16
-2.604000E-03,16
-2.602000E-03,16
-2.600000E-03,16
-2.598000E-03,16
-2.596000E-03,16
-2.594000E-03,16
-2.592000E-03,16
-2.590000E-03,16
-2.588000E-03,16
-2.586000E-03,16
-2.584000E-03,16
-2.582000E-03,16
-2.580000E-03,16
-2.578000E-03,16
-2.576000E-03,16
-2.574000E-03,16
-2.572000E-03,16
-2.570000E-03,16
-2.568000E-03,16
-2.566000E-03,16
-2.564000E-03,16
-2.562000E-03,16
-2.560000E-03,16
-2.558000E-03,16
-2.556000E-03,16
-2.554000E-03,16
-2.552000E-03,16
-2.550000E-03,16
-2.548000E-03,16
-2.546000E-03,16
-2.544000E-03,16
-2.542000E-03,16
-2.540000E-03,16
-2.538000E-03,16
-2.536000E-03,16
-2.534000E-03,16
-2.532000E-03,16
-2.530000E-03,16
-2.528000E-03,16
-2.526000E-03,16
-2.524000E-03,16
-2.522000E-03,16
-2.520000E-03,16
-2.518000E-03,16
-2.516000E-03,16
-2.514000E-03,16
-2.512000E-03,16
-2.510000E-03,16
-2.508000E-03,16
-2.506000E-03,16
-2.504000E-03,16
-2.502000E-03,16
-2.500000E-03,16
-2.498000E-03,16
-2.496000E-03,16
-2.494000E-03,16
-2.492000E-03,16
-2.490000E-03,16
-2.488000E-03,16
-2.486000E-03,16
-2.484000E-03,16
-2.482000E-03,16
-2.480000E-03,16
-2.478000E-03,16
-2.476000E-03,16
-2.474000E-03,16
-2.472000E-03,16
-2.470000E-03,16
-2.468000E-03,16
-2.466000E-03,16
-2.464000E-03,16
-2.462000E-03,16
-2.460000E-03,16
-2.458000E-03,16
-2.456000E-03,16
-2.454000E-03,16
-2.452000E-03,16
-2.450000E-03,16
-2.448000E-03,16
-2.446000E-03,16
-2.444000E-03,16
-2.442000E-03,16
-2.440000E-03,16
-2.438000E-03,16
-2.436000E-03,16
-2.434000E-03,16
-2.432000E-03,16
-2.430000E-03,16
-2.428000E-03,16
-2.426000E-03,16
-2.424000E-03,16
-2.422000E-03,16
-2.420000E-03,16
-2.418000E-03,16
-2.416000E-03,16
-2.414000E-03,16
-2.412000E-03,16
-2.410000E-03,16
-2.408000E-03,16
-2.406000E-03,16
-2.404000E-03,16
-2.402000E-03,16
-2.400000E-03,16
-2.398000E-03,16
-2.396000E-03,16
-2.394000E-03,16
-2.392000E-03,16
-2.390000E-03,16
-2.388000E-03,16
-2.386000E-03,16
-2.384000E-03,16
-2.382000E-03,16
-2.380000E-03,16
-2.378000E-03,16
-2.376000E-03,16
-2.374000E-03,16
-2.372000E-03,16
-2.370000E-03,16
-2.368000E-03,16
-2.366000E-03,16
-2.364000E-03,16
-2.362000E-03,16
-2.360000E-03,16
-2.358000E-03,16
-2.356000E-03,16
-2.354000E-03,16
-2.352000E-03,16
-2.350000E-03,16
-2.348000E-03,16
-2.346000E-03,16
-2.344000E-03,16
-2.342000E-03,16
-2.340000E-03,16
-2.338000E-03,16
-2.336000E-03,16
-2.334000E-03,16
-2.332000E-03,16
-2.330000E-03,16
-2.328000E-03,16
-2.326000E-03,16
-2.324000E-03,16
-2.322000E-03,16
-2.320000E-03,16
-2.318000E-03,16
-2.316000E-03,16
-2.314000E-03,16
-2.312000E-03,16
-2.310000E-03,16
-2.308000E-03,16
-2.306000E-03,16
-2.304000E-03,16
-2.302000E-03,16
-2.300000E-03,16
-2.298000E-03,16
-2.296000E-03,16
-2.294000E-03,16
-2.292000E-03,16
-2.290000E-03,16
-2.288000E-03,16
-2.286000E-03,16
-2.284000E-03,16
-2.282000E-03,16
-2.280000E-03,16
-2.278000E-03,16
-2.276000E-03,16
-2.274000E-03,16
-2.272000E-03,16
-2.270000E-03,16
-2.268000E-03,16
-2.266000E-03,16
-2.264000E-03,16
-2.262000E-03,16
-2.260000E-03,16
-2.258000E-03,16
-2.256000E-03,16
-2.254000E-03,16
-2.252000E-03,16
-2.250000E-03,16
-2.248000E-03,16
-2.246000E-03,16
-2.244000E-03,16
-2.242000E-03,16
-2.240000E-03,16
-2.238000E-03,16
-2.236000E-03,16
-2.234000E-03,16
-2.232000E-03,16
-2.230000E-03,16
-2.228000E-03,16
-2.226000E-03,16
-2.224000E-03,16
-2.222000E-03,16
-2.220000E-03,16
-2.218000E-03,16
-2.216000E-03,16
-2.214000E-03,16
-2.212000E-03,16
-2.210000E-03,16
-2.208000E-03,16
-2.206000E-03,16
-2.204000E-03,16
-2.202000E-03,16
-2.200000E-03,16
-2.198000E-03,16
-2.196000E-03,16
-2.194000E-03,16
-2.192000E-03,16
-2.190000E-03,16
-2.188000E-03,16
-2.186000E-03,16
-2.184000E-03,16
-2.182000E-03,16
-2.180000E-03,16
-2.178000E-03,16
-2.176000E-03,16
-2.174000E-03,16
-2.172000E-03,16
-2.170000E-03,16
-2.168000E-03,16
-2.166000E-03,16
-2.164000E-03,16
-2.162000E-03,16
-2.160000E-03,16
-2.158000E-03,16
-2.156000E-03,16
-2.154000E-03,16
-2.152000E-03,16
-2.150000E-03,16
-2.148000E-03,16
-2.146000E-03,16
-2.144000E-03,16
-2.142000E-03,16
-2.140000E-03,16
-2.138000E-03,16
-2.136000E-03,16
-2.134000E-03,16
-2.132000E-03,16
-2.130000E-03,16
-2.128000E-03,16
-2.126000E-03,16
-2.124000E-03,16
-2.122000E-03,16
-2.120000E-03,16
-2.118000E-03,16
-2.116000E-03,16
-2.114000E-03,16
-2.112000E-03,16
-2.110000E-03,16
-2.108000E-03,16
-2.106000E-03,16
-2.104000E-03,16
-2.102000E-03,16
-2.100000E-03,16
-2.098000E-03,16
-2.096000E-03,16
-2.094000E-03,16
-2.092000E-03,16
-2.090000E-03,16
-2.088000E-03,16
-2.086000E-03,16
-2.084000E-03,16
-2.082000E-03,16
-2.080000E-03,16
-2.078000E-03,16
-2.076000E-03,16
-2.074000E-03,16
-2.072000E-03,16
-2.070000E-03,16
-2.068000E-03,16
-2.066000E-03,16
-2.064000E-03,16
-2.062000E-03,16
-2.060000E-03,16
-2.058000E-03,16
-2.056000E-03,16
-2.054000E-03,16
-2.052000E-03,16
-2.050000E-03,16
-2.048000E-03,16
-2.046000E-03,16
-2.044000E-03,16
-2.042000E-03,16
-2.040000E-03,16
-2.038000E-03,16
-2.036000E-03,16
-2.034000E-03,16
-2.032000E-03,16
-2.030000E-03,16
-2.028000E-03,16
-2.026000E-03,16
-2.024000E-03,16
-2.022000E-03,16
-2.020000E-03,16
-2.018000E-03,16
-2.016000E-03,16
-2.014000E-03,16
-2.012000E-03,16
-2.010000E-03,16
-2.008000E-03,16
-2.006000E-03,16
-2.004000E-03,16
-2.002000E-03,16
-2.000000E-03,16
-1.998000E-03,16
-1.996000E-03,16
-1.994000E-03,16
-1.992000E-03,16
-1.990000E-03,16
-1.988000E-03,16
-1.986000E-03,16
-1.984000E-03,16
-1.982000E-03,16
-1.980000E-03,16
-1.978000E-03,16
-1.976000E-03,16
-1.974000E-03,16
-1.972000E-03,16
-1.970000E-03,16
-1.968000E-03,16
-1.966000E-03,16
-1.964000E-03,16
-1.962000E-03,16
-1.960000E-03,16
-1.958000E-03,16
-1.956000E-03,16
-1.954000E-03,16
-1.952000E-03,16
-1.950000E-03,16
-1.948000E-03,16
-1.946000E-03,16
-1.944000E-03,16
-1.942000E-03,16
-1.940000E-03,16
-1.938000E-03,16
-1.936000E-03,16
-1.934000E-03,16
-1.932000E-03,16
-1.930000E-03,16
-1.928000E-03,16
-1.926000E-03,16
-1.924000E-03,16
-1.922000E-03,16
-1.920000E-03,16
-1.918000E-03,16
-1.916000E-03,16
-1.914000E-03,16
-1.912000E-03,16
-1.910000E-03,16
-1.908000E-03,16
-1.906000E-03,16
-1.904000E-03,16
-1.902000E-03,16
-1.900000E-03,16
-1.898000E-03,16
-1.896000E-03,16
-1.894000E-03,16
-1.892000E-03,16
-1.890000E-03,16
-1.888000E-03,16
-1.886000E-03,16
-1.884000E-03,16
-1.882000E-03,16
-1.880000E-03,16
-1.878000E-03,16
-1.876000E-03,16
-1.874000E-03,16
-1.872000E-03,16
-1.870000E-03,16
-1.868000E-03,16
-1.866000E-03,16
-1.864000E-03,16
-1.862000E-03,16
-1.860000E-03,16
-1.858000E-03,16
-1.856000E-03,16
-1.854000E-03,16
-1.852000E-03,16
-1.850000E-03,16
-1.848000E-03,16
-1.846000E-03,16
-1.844000E-03,16
-1.842000E-03,16
-1.840000E-03,16
-1.838000E-03,16
-1.836000E-03,16
-1.834000E-03,16
-1.832000E-03,16
-1.830000E-03,16
-1.828000E-03,16
-1.826000E-03,16
-1.824000E-03,16
-1.822000E-03,16
-1.820000E-03,16
-1.818000E-03,16
-1.816000E-03,16
-1.814000E-03,16
-1.812000E-03,16
-1.810000E-03,16
-1.808000E-03,16
-1.806000E-03,16
-1.804000E-03,16
-1.802000E-03,16
-1.800000E-03,16
-1.798000E-03,16
-1.796000E-03,16
-1.794000E-03,16
-1.792000E-03,16
-1.790000E-03,16
-1.788000E-03,16
-1.786000E-03,16
-1.784000E-03,16
-1.782000E-03,16
-1.780000E-03,16
-1.778000E-03,16
-1.776000E-03,16
-1.774000E-03,16
-1.772000E-03,16
-1.770000E-03,16
-1.768000E-03,16
-1.766000E-03,16
-1.764000E-03,16
-1.762000E-03,16
-1.760000E-03,16
-1.758000E-03,16
-1.756000E-03,16
-1.754000E-03,16
-1.752000E-03,16
-1.750000E-03,16
-1.748000E-03,16
-1.746000E-03,16
-1.744000E-03,16
-1.742000E-03,16
-1.740000E-03,16
-1.738000E-03,16
-1.736000E-03,16
-1.734000E-03,16
-1.732000E-03,16
-1.730000E-03,16
-1.728000E-03,16
-1.726000E-03,16
-1.724000E-03,16
-1.722000E-03,16
-1.720000E-03,16
-1.718000E-03,16
-1.716000E-03,16
-1.714000E-03,16
-1.712000E-03,16
-1.710000E-03,16
-1.708000E-03,16
-1.706000E-03,16
-1.704000E-03,16
-1.702000E-03,16
-1.700000E-03,16
-1.698000E-03,16
-1.696000E-03,16
-1.694000E-03,16
-1.692000E-03,16
-1.690000E-03,16
-1.688000E-03,16
-1.686000E-03,16
-1.684000E-03,16
-1.682000E-03,16
-1.680000E-03,16
-1.678000E-03,16
-1.676000E-03,16
-1.674000E-03,16
-1.672000E-03,16
-1.670000E-03,16
-1.668000E-03,16
-1.666000E-03,16
-1.664000E-03,16
-1.662000E-03,16
-1.660000E-03,16
-1.658000E-03,16
-1.656000E-03,16
-1.654000E-03,16
-1.652000E-03,16
-1.650000E-03,16
-1.648000E-03,16
-1.646000E-03,16
-1.644000E-03,16
-1.642000E-03,16
-1.640000E-03,16
-1.638000E-03,16
-1.636000E-03,16
-1.634000E-03,16
-1.632000E-03,16
-1.630000E-03,16
-1.628000E-03,16
-1.626000E-03,16
-1.624000E-03,16
-1.622000E-03,16
-1.620000E-03,16
-1.618000E-03,16
-1.616000E-03,16
-1.614000E-03,16
-1.612000E-03,16
-1.610000E-03,16
-1.608000E-03,16
-1.606000E-03,16
-1.604000E-03,16
-1.602000E-03,16
-1.600000E-03,16
-1.598000E-03,16
-1.596000E-03,16
-1.594000E-03,16
-1.592000E-03,16
-1.590000E-03,16
-1.588000E-03,16
-1.586000E-03,16
-1.584000E-03,16
-1.582000E-03,16
-1.580000E-03,16
-1.578000E-03,16
-1.576000E-03,16
-1.574000E-03,16
-1.572000E-03,16
-1.570000E-03,16
-1.568000E-03,16
-1.566000E-03,16
-1.564000E-03,16
-1.562000E-03,16
-1.560000E-03,16
-1.558000E-03,16
-1.556000E-03,16
-1.554000E-03,16
-1.552000E-03,16
-1.550000E-03,16
-1.548000E-03,16
-1.546000E-03,16
-1.544000E-03,16
-1.542000E-03,16
-1.540000E-03,16
-1.538000E-03,16
-1.536000E-03,16
-1.534000E-03,16
-1.532000E-03,16
-1.530000E-03,16
-1.528000E-03,16
-1.526000E-03,16
-1.524000E-03,16
-1.522000E-03,16
-1.520000E-03,16
-1.518000E-03,16
-1.516000E-03,16
-1.514000E-03,16
-1.512000E-03,16
-1.510000E-03,16
-1.508000E-03,16
-1.506000E-03,16
-1.504000E-03,16
-1.502000E-03,16
-1.500000E-03,16
-1.498000E-03,16
-1.496000E-03,16
-1.494000E-03,16
-1.492000E-03,16
-1.490000E-03,16
-1.488000E-03,16
-1.486000E-03,16
-1.484000E-03,16
-1.482000E-03,16
-1.480000E-03,16
-1.478000E-03,16
-1.476000E-03,16
-1.474000E-03,16
-1.472000E-03,16
-1.470000E-03,16
-1.468000E-03,16
-1.466000E-03,16
-1.464000E-03,16
-1.462000E-03,16
-1.460000E-03,16
-1.458000E-03,16
-1.456000E-03,16
-1.454000E-03,16
-1.452000E-03,16
-1.450000E-03,16
-1.448000E-03,16
-1.446000E-03,16
-1.444000E-03,16
-1.442000E-03,16
-1.440000E-03,16
-1.438000E-03,16
-1.436000E-03,16
-1.434000E-03,16
-1.432000E-03,16
-1.430000E-03,16
-1.428000E-03,16
-1.426000E-03,16
-1.424000E-03,16
-1.422000E-03,16
-1.420000E-03,16
-1.418000E-03,16
-1.416000E-03,16
-1.414000E-03,16
-1.412000E-03,16
-1.410000E-03,16
-1.408000E-03,16
-1.406000E-03,16
-1.404000E-03,16
-1.402000E-03,16
-1.400000E-03,16
-1.398000E-03,16
-1.396000E-03,16
-1.394000E-03,16
-1.392000E-03,16
-1.390000E-03,16
-1.388000E-03,16
-1.386000E-03,16
-1.384000E-03,16
-1.382000E-03,16
-1.380000E-03,16
-1.378000E-03,16
-1.376000E-03,16
-1.374000E-03,16
-1.372000E-03,16
-1.370000E-03,16
-1.368000E-03,16
-1.366000E-03,16
-1.364000E-03,16
-1.362000E-03,16
-1.360000E-03,16
-1.358000E-03,16
-1.356000E-03,16
-1.354000E-03,16
-1.352000E-03,16
-1.350000E-03,16
-1.348000E-03,16
-1.346000E-03,16
-1.344000E-03,16
-1.342000E-03,16
-1.340000E-03,16
-1.338000E-03,16
-1.336000E-03,16
-1.334000E-03,16
-1.332000E-03,16
-1.330000E-03,16
-1.328000E-03,16
-1.326000E-03,16
-1.324000E-03,16
-1.322000E-03,16
-1.320000E-03,16
-1.318000E-03,16
-1.316000E-03,16
-1.314000E-03,16
-1.312000E-03,16
-1.310000E-03,16
-1.308000E-03,16
-1.306000E-03,16
-1.304000E-03,16
-1.302000E-03,16
-1.300000E-03,16
-1.298000E-03,16
-1.296000E-03,16
-1.294000E-03,16
-1.292000E-03,16
-1.290000E-03,16
-1.288000E-03,16
-1.286000E-03,16
-1.284000E-03,16
-1.282000E-03,16
-1.280000E-03,16
-1.278000E-03,16
-1.276000E-03,16
-1.274000E-03,16
-1.272000E-03,16
-1.270000E-03,16
-1.268000E-03,16
-1.266000E-03,16
-1.264000E-03,16
-1.262000E-03,16
-1.260000E-03,16
-1.258000E-03,16
-1.256000E-03,16
-1.254000E-03,16
-1.252000E-03,16
-1.250000E-03,16
-1.248000E-03,16
-1.246000E-03,16
-1.244000E-03,16
-1.242000E-03,16
-1.240000E-03,16
-1.238000E-03,16
-1.236000E-03,16
-1.234000E-03,16
-1.232000E-03,16
-1.230000E-03,16
-1.228000E-03,16
-1.226000E-03,16
-1.224000E-03,16
-1.222000E-03,16
-1.220000E-03,16
-1.218000E-03,16
-1.216000E-03,16
-1.214000E-03,16
-1.212000E-03,16
-1.210000E-03,16
-1.208000E-03,16
-1.206000E-03,16
-1.204000E-03,16
-1.202000E-03,16
-1.200000E-03,16
-1.198000E-03,16
-1.196000E-03,16
-1.194000E-03,16
-1.192000E-03,16
-1.190000E-03,16
-1.188000E-03,16
-1.186000E-03,16
-1.184000E-03,16
-1.182000E-03,16
-1.180000E-03,16
-1.178000E-03,16
-1.176000E-03,16
-1.174000E-03,16
-1.172000E-03,16
-1.170000E-03,16
-1.168000E-03,16
-1.166000E-03,16
-1.164000E-03,16
-1.162000E-03,16
-1.160000E-03,16
-1.158000E-03,16
-1.156000E-03,16
-1.154000E-03,16
-1.152000E-03,16
-1.150000E-03,16
-1.148000E-03,16
-1.146000E-03,16
-1.144000E-03,16
-1.142000E-03,16
-1.140000E-03,16
-1.138000E-03,16
-1.136000E-03,16
-1.134000E-03,16
-1.132000E-03,16
-1.130000E-03,16
-1.128000E-03,16
-1.126000E-03,16
-1.124000E-03,16
-1.122000E-03,16
-1.120000E-03,16
-1.118000E-03,16
-1.116000E-03,16
-1.114000E-03,16
-1.112000E-03,16
-1.110000E-03,16
-1.108000E-03,16
-1.106000E-03,16
-1.104000E-03,16
-1.102000E-03,16
-1.100000E-03,16
-1.098000E-03,16
-1.096000E-03,16
-1.094000E-03,16
-1.092000E-03,16
-1.090000E-03,16
-1.088000E-03,16
-1.086000E-03,16
-1.084000E-03,16
-1.082000E-03,16
-1.080000E-03,16
-1.078000E-03,16
-1.076000E-03,16
-1.074000E-03,16
-1.072000E-03,16
-1.070000E-03,16
-1.068000E-03,16
-1.066000E-03,16
-1.064000E-03,16
-1.062000E-03,16
-1.060000E-03,16
-1.058000E-03,16
-1.056000E-03,16
-1.054000E-03,16
-1.052000E-03,16
-1.050000E-03,16
-1.048000E-03,16
-1.046000E-03,16
-1.044000E-03,16
-1.042000E-03,16
-1.040000E-03,16
-1.038000E-03,16
-1.036000E-03,16
-1.034000E-03,16
-1.032000E-03,16
-1.030000E-03,16
-1.028000E-03,16
-1.026000E-03,16
-1.024000E-03,16
-1.022000E-03,16
-1.020000E-03,16
-1.018000E-03,16
-1.016000E-03,16
-1.014000E-03,16
-1.012000E-03,16
-1.010000E-03,16
-1.008000E-03,16
-1.006000E-03,16
-1.004000E-03,16
-1.002000E-03,16
-1.000000E-03,16
-998.000E-06,16
-996.000E-06,16
-994.000E-06,16
-992.000E-06,16
-990.000E-06,16
-988.000E-06,16
-986.000E-06,16
-984.000E-06,16
-982.000E-06,16
-980.000E-06,16
-978.000E-06,16
-976.000E-06,16
-974.000E-06,16
-972.000E-06,16
-970.000E-06,16
-968.000E-06,16
-966.000E-06,16
-964.000E-06,16
-962.000E-06,16
-960.000E-06,16
-958.000E-06,16
-956.000E-06,16
-954.000E-06,16
-952.000E-06,16
-950.000E-06,16
-948.000E-06,16
-946.000E-06,16
-944.000E-06,16
-942.000E-06,16
-940.000E-06,16
-938.000E-06,16
-936.000E-06,16
-934.000E-06,16
-932.000E-06,16
-930.000E-06,16
-928.000E-06,16
-926.000E-06,16
-924.000E-06,16
-922.000E-06,16
-920.000E-06,16
-918.000E-06,16
-916.000E-06,16
-914.000E-06,16
-912.000E-06,16
-910.000E-06,16
-908.000E-06,16
-906.000E-06,16
-904.000E-06,16
-902.000E-06,16
-900.000E-06,16
-898.000E-06,16
-896.000E-06,16
-894.000E-06,16
-892.000E-06,16
-890.000E-06,16
-888.000E-06,16
-886.000E-06,16
-884.000E-06,16
-882.000E-06,16
-880.000E-06,16
-878.000E-06,16
-876.000E-06,16
-874.000E-06,16
-872.000E-06,16
-870.000E-06,16
-868.000E-06,16
-866.000E-06,16
-864.000E-06,16
-862.000E-06,16
-860.000E-06,16
-858.000E-06,16
-856.000E-06,16
-854.000E-06,16
-852.000E-06,16
-850.000E-06,16
-848.000E-06,16
-846.000E-06,16
-844.000E-06,16
-842.000E-06,16
-840.000E-06,16
-838.000E-06,16
-836.000E-06,16
-834.000E-06,16
-832.000E-06,16
-830.000E-06,16
-828.000E-06,16
-826.000E-06,16
-824.000E-06,16
-822.000E-06,16
-820.000E-06,16
-818.000E-06,16
-816.000E-06,16
-814.000E-06,16
-812.000E-06,16
-810.000E-06,16
-808.000E-06,16
-806.000E-06,16
-804.000E-06,16
-802.000E-06,16
-800.000E-06,16
-798.000E-06,16
-796.000E-06,16
-794.000E-06,16
-792.000E-06,16
-790.000E-06,16
-788.000E-06,16
-786.000E-06,16
-784.000E-06,16
-782.000E-06,16
-780.000E-06,16
-778.000E-06,16
-776.000E-06,16
-774.000E-06,16
-772.000E-06,16
-770.000E-06,16
-768.000E-06,16
-766.000E-06,16
-764.000E-06,16
-762.000E-06,16
-760.000E-06,16
-758.000E-06,16
-756.000E-06,16
-754.000E-06,16
-752.000E-06,16
-750.000E-06,16
-748.000E-06,16
-746.000E-06,16
-744.000E-06,16
-742.000E-06,16
-740.000E-06,16
-738.000E-06,16
-736.000E-06,16
-734.000E-06,16
-732.000E-06,16
-730.000E-06,16
-728.000E-06,16
-726.000E-06,16
-724.000E-06,16
-722.000E-06,16
-720.000E-06,16
-718.000E-06,16
-716.000E-06,16
-714.000E-06,16
-712.000E-06,16
-710.000E-06,16
-708.000E-06,16
-706.000E-06,16
-704.000E-06,16
-702.000E-06,16
-700.000E-06,16
-698.000E-06,16
-696.000E-06,16
-694.000E-06,16
-692.000E-06,16
-690.000E-06,16
-688.000E-06,16
-686.000E-06,16
-684.000E-06,16
-682.000E-06,16
-680.000E-06,16
-678.000E-06,16
-676.000E-06,16
-674.000E-06,16
-672.000E-06,16
-670.000E-06,16
-668.000E-06,16
-666.000E-06,16
-664.000E-06,16
-662.000E-06,16
-660.000E-06,16
-658.000E-06,16
-656.000E-06,16
-654.000E-06,16
-652.000E-06,16
-650.000E-06,16
-648.000E-06,16
-646.000E-06,16
-644.000E-06,16
-642.000E-06,16
-640.000E-06,16
-638.000E-06,16
-636.000E-06,16
-634.000E-06,16
-632.000E-06,16
-630.000E-06,16
-628.000E-06,16
-626.000E-06,16
-624.000E-06,16
-622.000E-06,16
-620.000E-06,16
-618.000E-06,16
-616.000E-06,16
-614.000E-06,16
-612.000E-06,16
-610.000E-06,16
-608.000E-06,16
-606.000E-06,16
-604.000E-06,16
-602.000E-06,16
-600.000E-06,16
-598.000E-06,16
-596.000E-06,16
-594.000E-06,16
-592.000E-06,16
-590.000E-06,16
-588.000E-06,16
-586.000E-06,16
-584.000E-06,16
-582.000E-06,16
-580.000E-06,16
-578.000E-06,16
-576.000E-06,16
-574.000E-06,16
-572.000E-06,16
-570.000E-06,16
-568.000E-06,16
-566.000E-06,16
-564.000E-06,16
-562.000E-06,16
-560.000E-06,16
-558.000E-06,16
-556.000E-06,16
-554.000E-06,16
-552.000E-06,16
-550.000E-06,16
-548.000E-06,16
-546.000E-06,16
-544.000E-06,16
-542.000E-06,16
-540.000E-06,16
-538.000E-06,16
-536.000E-06,16
-534.000E-06,16
-532.000E-06,16
-530.000E-06,16
-528.000E-06,16
-526.000E-06,16
-524.000E-06,16
-522.000E-06,16
-520.000E-06,16
-518.000E-06,16
-516.000E-06,16
-514.000E-06,16
-512.000E-06,16
-510.000E-06,16
-508.000E-06,16
-506.000E-06,16
-504.000E-06,16
-502.000E-06,16
-500.000E-06,16
-498.000E-06,16
-496.000E-06,16
-494.000E-06,16
-492.000E-06,16
-490.000E-06,16
-488.000E-06,16
-486.000E-06,16
-484.000E-06,16
-482.000E-06,16
-480.000E-06,16
-478.000E-06,16
-476.000E-06,16
-474.000E-06,16
-472.000E-06,16
-470.000E-06,16
-468.000E-06,16
-466.000E-06,16
-464.000E-06,16
-462.000E-06,16
-460.000E-06,16
-458.000E-06,16
-456.000E-06,16
-454.000E-06,16
-452.000E-06,16
-450.000E-06,16
-448.000E-06,16
-446.000E-06,16
-444.000E-06,16
-442.000E-06,16
-440.000E-06,16
-438.000E-06,16
-436.000E-06,16
-434.000E-06,16
-432.000E-06,16
-430.000E-06,16
-428.000E-06,16
-426.000E-06,16
-424.000E-06,16
-422.000E-06,16
-420.000E-06,16
-418.000E-06,16
-416.000E-06,16
-414.000E-06,16
-412.000E-06,16
-410.000E-06,16
-408.000E-06,16
-406.000E-06,16
-404.000E-06,16
-402.000E-06,16
-400.000E-06,16
-398.000E-06,16
-396.000E-06,16
-394.000E-06,16
-392.000E-06,16
-390.000E-06,16
-388.000E-06,16
-386.000E-06,16
-384.000E-06,16
-382.000E-06,16
-380.000E-06,16
-378.000E-06,16
-376.000E-06,16
-374.000E-06,16
-372.000E-06,16
-370.000E-06,16
-368.000E-06,16
-366.000E-06,16
-364.000E-06,16
-362.000E-06,16
-360.000E-06,16
-358.000E-06,16
-356.000E-06,16
-354.000E-06,16
-352.000E-06,16
-350.000E-06,16
-348.000E-06,16
-346.000E-06,16
-344.000E-06,16
-342.000E-06,16
-340.000E-06,16
-338.000E-06,16
-336.000E-06,16
-334.000E-06,16
-332.000E-06,16
-330.000E-06,16
-328.000E-06,16
-326.000E-06,16
-324.000E-06,16
-322.000E-06,16
-320.000E-06,16
-318.000E-06,16
-316.000E-06,16
-314.000E-06,16
-312.000E-06,16
-310.000E-06,16
-308.000E-06,16
-306.000E-06,16
-304.000E-06,16
-302.000E-06,16
-300.000E-06,16
-298.000E-06,16
-296.000E-06,16
-294.000E-06,16
-292.000E-06,16
-290.000E-06,16
-288.000E-06,16
-286.000E-06,16
-284.000E-06,16
-282.000E-06,16
-280.000E-06,16
-278.000E-06,16
-276.000E-06,16
-274.000E-06,16
-272.000E-06,16
-270.000E-06,16
-268.000E-06,16
-266.000E-06,16
-264.000E-06,16
-262.000E-06,16
-260.000E-06,16
-258.000E-06,16
-256.000E-06,16
-254.000E-06,16
-252.000E-06,16
-250.000E-06,16
-248.000E-06,16
-246.000E-06,16
-244.000E-06,16
-242.000E-06,16
-240.000E-06,16
-238.000E-06,16
-236.000E-06,16
-234.000E-06,16
-232.000E-06,16
-230.000E-06,16
-228.000E-06,16
-226.000E-06,16
-224.000E-06,16
-222.000E-06,16
-220.000E-06,16
-218.000E-06,16
-216.000E-06,16
-214.000E-06,16
-212.000E-06,16
-210.000E-06,16
-208.000E-06,16
-206.000E-06,16
-204.000E-06,16
-202.000E-06,16
-200.000E-06,16
-198.000E-06,16
-196.000E-06,16
-194.000E-06,16
-192.000E-06,16
-190.000E-06,16
-188.000E-06,16
-186.000E-06,16
-184.000E-06,16
-182.000E-06,16
-180.000E-06,16
-178.000E-06,16
-176.000E-06,16
-174.000E-06,16
-172.000E-06,16
-170.000E-06,16
-168.000E-06,16
-166.000E-06,16
-164.000E-06,16
-162.000E-06,16
-160.000E-06,16
-158.000E-06,16
-156.000E-06,16
-154.000E-06,16
-152.000E-06,16
-150.000E-06,16
-148.000E-06,16
-146.000E-06,16
-144.000E-06,16
-142.000E-06,16
-140.000E-06,16
-138.000E-06,16
-136.000E-06,16
-134.000E-06,16
-132.000E-06,16
-130.000E-06,16
-128.000E-06,16
-126.000E-06,16
-124.000E-06,16
-122.000E-06,16
-120.000E-06,16
-118.000E-06,16
-116.000E-06,16
-114.000E-06,16
-112.000E-06,16
-110.000E-06,16
-108.000E-06,16
-106.000E-06,16
-104.000E-06,16
-102.000E-06,16
-100.000E-06,16
-98.000E-06,16
-96.000E-06,16
-94.000E-06,16
-92.000E-06,16
-90.000E-06,16
-88.000E-06,16
-86.000E-06,16
-84.000E-06,16
-82.000E-06,16
-80.000E-06,16
-78.000E-06,16
-76.000E-06,16
-74.000E-06,16
-72.000E-06,16
-70.000E-06,16
-68.000E-06,16
-66.000E-06,16
-64.000E-06,16
-62.000E-06,16
-60.000E-06,16
-58.000E-06,16
-56.000E-06,16
-54.000E-06,16
-52.000E-06,16
-50.000E-06,16
-48.000E-06,16
-46.000E-06,16
-44.000E-06,16
-42.000E-06,16
-40.000E-06,16
-38.000E-06,16
-36.000E-06,16
-34.000E-06,16
-32.000E-06,16
-30.000E-06,16
-28.000E-06,16
-26.000E-06,16
-24.000E-06,16
-22.000E-06,16
-20.000E-06,16
-18.000E-06,16
-16.000E-06,16
-14.000E-06,16
-12.000E-06,16
-10.000E-06,16
-8.000E-06,16
-6.000E-06,16
-4.000E-06,16
-2.000E-06,16
-0.0E+00,20
+2.000E-06,20
+4.000E-06,20
+6.000E-06,20
+8.000E-06,20
+10.000E-06,20
+12.000E-06,20
+14.000E-06,20
+16.000E-06,20
+18.000E-06,20
+20.000E-06,20
+22.000E-06,20
+24.000E-06,20
+26.000E-06,20
+28.000E-06,20
+30.000E-06,20
+32.000E-06,20
+34.000E-06,20
+36.000E-06,20
+38.000E-06,20
+40.000E-06,20
+42.000E-06,20
+44.000E-06,20
+46.000E-06,20
+48.000E-06,20
+50.000E-06,20
+52.000E-06,20
+54.000E-06,20
+56.000E-06,20
+58.000E-06,20
+60.000E-06,16
+62.000E-06,16
+64.000E-06,16
+66.000E-06,16
+68.000E-06,16
+70.000E-06,16
+72.000E-06,16
+74.000E-06,16
+76.000E-06,16
+78.000E-06,16
+80.000E-06,16
+82.000E-06,16
+84.000E-06,16
+86.000E-06,16
+88.000E-06,16
+90.000E-06,16
+92.000E-06,16
+94.000E-06,16
+96.000E-06,16
+98.000E-06,16
+100.000E-06,16
+102.000E-06,16
+104.000E-06,16
+106.000E-06,16
+108.000E-06,16
+110.000E-06,16
+112.000E-06,16
+114.000E-06,16
+116.000E-06,16
+118.000E-06,16
+120.000E-06,16
+122.000E-06,20
+124.000E-06,20
+126.000E-06,20
+128.000E-06,20
+130.000E-06,20
+132.000E-06,20
+134.000E-06,20
+136.000E-06,20
+138.000E-06,20
+140.000E-06,20
+142.000E-06,20
+144.000E-06,20
+146.000E-06,20
+148.000E-06,20
+150.000E-06,20
+152.000E-06,20
+154.000E-06,28
+156.000E-06,28
+158.000E-06,28
+160.000E-06,28
+162.000E-06,28
+164.000E-06,28
+166.000E-06,28
+168.000E-06,28
+170.000E-06,28
+172.000E-06,28
+174.000E-06,28
+176.000E-06,28
+178.000E-06,28
+180.000E-06,28
+182.000E-06,28
+184.000E-06,28
+186.000E-06,24
+188.000E-06,24
+190.000E-06,24
+192.000E-06,24
+194.000E-06,24
+196.000E-06,24
+198.000E-06,24
+200.000E-06,24
+202.000E-06,24
+204.000E-06,24
+206.000E-06,24
+208.000E-06,24
+210.000E-06,24
+212.000E-06,24
+214.000E-06,24
+216.000E-06,24
+218.000E-06,24
+220.000E-06,24
+222.000E-06,24
+224.000E-06,24
+226.000E-06,24
+228.000E-06,16
+230.000E-06,16
+232.000E-06,16
+234.000E-06,16
+236.000E-06,16
+238.000E-06,16
+240.000E-06,16
+242.000E-06,16
+244.000E-06,20
+246.000E-06,20
+248.000E-06,20
+250.000E-06,20
+252.000E-06,20
+254.000E-06,20
+256.000E-06,20
+258.000E-06,20
+260.000E-06,20
+262.000E-06,20
+264.000E-06,20
+266.000E-06,20
+268.000E-06,20
+270.000E-06,20
+272.000E-06,28
+274.000E-06,28
+276.000E-06,28
+278.000E-06,28
+280.000E-06,28
+282.000E-06,28
+284.000E-06,28
+286.000E-06,28
+288.000E-06,28
+290.000E-06,28
+292.000E-06,28
+294.000E-06,28
+296.000E-06,28
+298.000E-06,28
+300.000E-06,28
+302.000E-06,28
+304.000E-06,24
+306.000E-06,24
+308.000E-06,24
+310.000E-06,24
+312.000E-06,24
+314.000E-06,24
+316.000E-06,24
+318.000E-06,24
+320.000E-06,24
+322.000E-06,24
+324.000E-06,24
+326.000E-06,24
+328.000E-06,24
+330.000E-06,24
+332.000E-06,24
+334.000E-06,24
+336.000E-06,24
+338.000E-06,24
+340.000E-06,24
+342.000E-06,24
+344.000E-06,24
+346.000E-06,24
+348.000E-06,24
+350.000E-06,16
+352.000E-06,16
+354.000E-06,16
+356.000E-06,16
+358.000E-06,16
+360.000E-06,16
+362.000E-06,16
+364.000E-06,16
+366.000E-06,20
+368.000E-06,20
+370.000E-06,20
+372.000E-06,20
+374.000E-06,20
+376.000E-06,20
+378.000E-06,20
+380.000E-06,20
+382.000E-06,20
+384.000E-06,20
+386.000E-06,20
+388.000E-06,20
+390.000E-06,20
+392.000E-06,20
+394.000E-06,20
+396.000E-06,28
+398.000E-06,28
+400.000E-06,28
+402.000E-06,28
+404.000E-06,28
+406.000E-06,28
+408.000E-06,28
+410.000E-06,28
+412.000E-06,28
+414.000E-06,28
+416.000E-06,28
+418.000E-06,28
+420.000E-06,28
+422.000E-06,28
+424.000E-06,28
+426.000E-06,28
+428.000E-06,24
+430.000E-06,24
+432.000E-06,24
+434.000E-06,24
+436.000E-06,24
+438.000E-06,24
+440.000E-06,24
+442.000E-06,24
+444.000E-06,24
+446.000E-06,24
+448.000E-06,24
+450.000E-06,24
+452.000E-06,24
+454.000E-06,24
+456.000E-06,24
+458.000E-06,24
+460.000E-06,24
+462.000E-06,24
+464.000E-06,24
+466.000E-06,24
+468.000E-06,24
+470.000E-06,24
+472.000E-06,24
+474.000E-06,16
+476.000E-06,16
+478.000E-06,16
+480.000E-06,16
+482.000E-06,16
+484.000E-06,16
+486.000E-06,16
+488.000E-06,16
+490.000E-06,20
+492.000E-06,20
+494.000E-06,20
+496.000E-06,20
+498.000E-06,20
+500.000E-06,20
+502.000E-06,20
+504.000E-06,20
+506.000E-06,20
+508.000E-06,20
+510.000E-06,20
+512.000E-06,20
+514.000E-06,20
+516.000E-06,20
+518.000E-06,28
+520.000E-06,28
+522.000E-06,28
+524.000E-06,28
+526.000E-06,28
+528.000E-06,28
+530.000E-06,28
+532.000E-06,28
+534.000E-06,28
+536.000E-06,28
+538.000E-06,28
+540.000E-06,28
+542.000E-06,28
+544.000E-06,28
+546.000E-06,28
+548.000E-06,28
+550.000E-06,24
+552.000E-06,24
+554.000E-06,24
+556.000E-06,24
+558.000E-06,24
+560.000E-06,24
+562.000E-06,24
+564.000E-06,24
+566.000E-06,24
+568.000E-06,24
+570.000E-06,24
+572.000E-06,24
+574.000E-06,24
+576.000E-06,24
+578.000E-06,24
+580.000E-06,24
+582.000E-06,24
+584.000E-06,24
+586.000E-06,24
+588.000E-06,24
+590.000E-06,24
+592.000E-06,24
+594.000E-06,24
+596.000E-06,16
+598.000E-06,16
+600.000E-06,16
+602.000E-06,16
+604.000E-06,16
+606.000E-06,16
+608.000E-06,16
+610.000E-06,16
+612.000E-06,20
+614.000E-06,20
+616.000E-06,20
+618.000E-06,20
+620.000E-06,20
+622.000E-06,20
+624.000E-06,20
+626.000E-06,20
+628.000E-06,20
+630.000E-06,20
+632.000E-06,20
+634.000E-06,20
+636.000E-06,20
+638.000E-06,20
+640.000E-06,28
+642.000E-06,28
+644.000E-06,28
+646.000E-06,28
+648.000E-06,28
+650.000E-06,28
+652.000E-06,28
+654.000E-06,28
+656.000E-06,28
+658.000E-06,28
+660.000E-06,28
+662.000E-06,28
+664.000E-06,28
+666.000E-06,28
+668.000E-06,28
+670.000E-06,28
+672.000E-06,28
+674.000E-06,28
+676.000E-06,24
+678.000E-06,24
+680.000E-06,24
+682.000E-06,24
+684.000E-06,24
+686.000E-06,24
+688.000E-06,24
+690.000E-06,24
+692.000E-06,24
+694.000E-06,24
+696.000E-06,24
+698.000E-06,24
+700.000E-06,24
+702.000E-06,24
+704.000E-06,24
+706.000E-06,24
+708.000E-06,24
+710.000E-06,24
+712.000E-06,24
+714.000E-06,24
+716.000E-06,16
+718.000E-06,16
+720.000E-06,16
+722.000E-06,16
+724.000E-06,16
+726.000E-06,16
+728.000E-06,16
+730.000E-06,16
+732.000E-06,20
+734.000E-06,20
+736.000E-06,20
+738.000E-06,20
+740.000E-06,20
+742.000E-06,20
+744.000E-06,20
+746.000E-06,20
+748.000E-06,20
+750.000E-06,20
+752.000E-06,20
+754.000E-06,20
+756.000E-06,20
+758.000E-06,20
+760.000E-06,28
+762.000E-06,28
+764.000E-06,28
+766.000E-06,28
+768.000E-06,28
+770.000E-06,28
+772.000E-06,28
+774.000E-06,28
+776.000E-06,28
+778.000E-06,28
+780.000E-06,28
+782.000E-06,28
+784.000E-06,28
+786.000E-06,28
+788.000E-06,28
+790.000E-06,28
+792.000E-06,24
+794.000E-06,24
+796.000E-06,24
+798.000E-06,24
+800.000E-06,24
+802.000E-06,24
+804.000E-06,24
+806.000E-06,24
+808.000E-06,24
+810.000E-06,24
+812.000E-06,24
+814.000E-06,24
+816.000E-06,24
+818.000E-06,24
+820.000E-06,24
+822.000E-06,24
+824.000E-06,24
+826.000E-06,24
+828.000E-06,24
+830.000E-06,24
+832.000E-06,24
+834.000E-06,24
+836.000E-06,24
+838.000E-06,16
+840.000E-06,16
+842.000E-06,16
+844.000E-06,16
+846.000E-06,16
+848.000E-06,16
+850.000E-06,16
+852.000E-06,16
+854.000E-06,16
+856.000E-06,16
+858.000E-06,16
+860.000E-06,20
+862.000E-06,20
+864.000E-06,20
+866.000E-06,20
+868.000E-06,20
+870.000E-06,20
+872.000E-06,20
+874.000E-06,20
+876.000E-06,20
+878.000E-06,20
+880.000E-06,20
+882.000E-06,20
+884.000E-06,20
+886.000E-06,20
+888.000E-06,20
+890.000E-06,20
+892.000E-06,20
+894.000E-06,20
+896.000E-06,20
+898.000E-06,20
+900.000E-06,20
+902.000E-06,20
+904.000E-06,20
+906.000E-06,20
+908.000E-06,20
+910.000E-06,20
+912.000E-06,20
+914.000E-06,20
+916.000E-06,16
+918.000E-06,16
+920.000E-06,16
+922.000E-06,16
+924.000E-06,16
+926.000E-06,16
+928.000E-06,16
+930.000E-06,16
+932.000E-06,16
+934.000E-06,16
+936.000E-06,16
+938.000E-06,16
+940.000E-06,16
+942.000E-06,16
+944.000E-06,16
+946.000E-06,16
+948.000E-06,16
+950.000E-06,16
+952.000E-06,16
+954.000E-06,16
+956.000E-06,16
+958.000E-06,16
+960.000E-06,16
+962.000E-06,16
+964.000E-06,16
+966.000E-06,16
+968.000E-06,16
+970.000E-06,16
+972.000E-06,16
+974.000E-06,16
+976.000E-06,16
+978.000E-06,20
+980.000E-06,20
+982.000E-06,20
+984.000E-06,20
+986.000E-06,20
+988.000E-06,20
+990.000E-06,20
+992.000E-06,20
+994.000E-06,20
+996.000E-06,20
+998.000E-06,20
+1.000000E-03,20
+1.002000E-03,20
+1.004000E-03,20
+1.006000E-03,20
+1.008000E-03,20
+1.010000E-03,20
+1.012000E-03,20
+1.014000E-03,20
+1.016000E-03,20
+1.018000E-03,20
+1.020000E-03,20
+1.022000E-03,20
+1.024000E-03,20
+1.026000E-03,20
+1.028000E-03,20
+1.030000E-03,20
+1.032000E-03,20
+1.034000E-03,20
+1.036000E-03,20
+1.038000E-03,16
+1.040000E-03,16
+1.042000E-03,16
+1.044000E-03,16
+1.046000E-03,16
+1.048000E-03,16
+1.050000E-03,16
+1.052000E-03,16
+1.054000E-03,16
+1.056000E-03,16
+1.058000E-03,16
+1.060000E-03,16
+1.062000E-03,16
+1.064000E-03,16
+1.066000E-03,16
+1.068000E-03,16
+1.070000E-03,16
+1.072000E-03,16
+1.074000E-03,16
+1.076000E-03,16
+1.078000E-03,16
+1.080000E-03,16
+1.082000E-03,16
+1.084000E-03,16
+1.086000E-03,16
+1.088000E-03,16
+1.090000E-03,16
+1.092000E-03,16
+1.094000E-03,16
+1.096000E-03,16
+1.098000E-03,16
+1.100000E-03,20
+1.102000E-03,20
+1.104000E-03,20
+1.106000E-03,20
+1.108000E-03,20
+1.110000E-03,20
+1.112000E-03,20
+1.114000E-03,20
+1.116000E-03,20
+1.118000E-03,20
+1.120000E-03,20
+1.122000E-03,20
+1.124000E-03,20
+1.126000E-03,20
+1.128000E-03,20
+1.130000E-03,20
+1.132000E-03,20
+1.134000E-03,20
+1.136000E-03,20
+1.138000E-03,20
+1.140000E-03,20
+1.142000E-03,20
+1.144000E-03,20
+1.146000E-03,20
+1.148000E-03,20
+1.150000E-03,20
+1.152000E-03,20
+1.154000E-03,20
+1.156000E-03,20
+1.158000E-03,20
+1.160000E-03,20
+1.162000E-03,20
+1.164000E-03,16
+1.166000E-03,16
+1.168000E-03,16
+1.170000E-03,16
+1.172000E-03,16
+1.174000E-03,16
+1.176000E-03,16
+1.178000E-03,16
+1.180000E-03,16
+1.182000E-03,16
+1.184000E-03,16
+1.186000E-03,16
+1.188000E-03,16
+1.190000E-03,16
+1.192000E-03,16
+1.194000E-03,16
+1.196000E-03,16
+1.198000E-03,16
+1.200000E-03,16
+1.202000E-03,16
+1.204000E-03,16
+1.206000E-03,16
+1.208000E-03,16
+1.210000E-03,16
+1.212000E-03,16
+1.214000E-03,16
+1.216000E-03,16
+1.218000E-03,16
+1.220000E-03,20
+1.222000E-03,20
+1.224000E-03,20
+1.226000E-03,20
+1.228000E-03,20
+1.230000E-03,20
+1.232000E-03,20
+1.234000E-03,20
+1.236000E-03,20
+1.238000E-03,20
+1.240000E-03,20
+1.242000E-03,20
+1.244000E-03,20
+1.246000E-03,20
+1.248000E-03,20
+1.250000E-03,20
+1.252000E-03,20
+1.254000E-03,20
+1.256000E-03,20
+1.258000E-03,20
+1.260000E-03,20
+1.262000E-03,20
+1.264000E-03,20
+1.266000E-03,20
+1.268000E-03,20
+1.270000E-03,20
+1.272000E-03,20
+1.274000E-03,20
+1.276000E-03,20
+1.278000E-03,20
+1.280000E-03,20
+1.282000E-03,16
+1.284000E-03,16
+1.286000E-03,16
+1.288000E-03,16
+1.290000E-03,16
+1.292000E-03,16
+1.294000E-03,16
+1.296000E-03,16
+1.298000E-03,16
+1.300000E-03,16
+1.302000E-03,16
+1.304000E-03,16
+1.306000E-03,16
+1.308000E-03,16
+1.310000E-03,16
+1.312000E-03,16
+1.314000E-03,16
+1.316000E-03,16
+1.318000E-03,16
+1.320000E-03,16
+1.322000E-03,16
+1.324000E-03,16
+1.326000E-03,16
+1.328000E-03,16
+1.330000E-03,16
+1.332000E-03,16
+1.334000E-03,16
+1.336000E-03,16
+1.338000E-03,16
+1.340000E-03,16
+1.342000E-03,20
+1.344000E-03,20
+1.346000E-03,20
+1.348000E-03,20
+1.350000E-03,20
+1.352000E-03,20
+1.354000E-03,20
+1.356000E-03,20
+1.358000E-03,20
+1.360000E-03,20
+1.362000E-03,20
+1.364000E-03,20
+1.366000E-03,20
+1.368000E-03,20
+1.370000E-03,20
+1.372000E-03,20
+1.374000E-03,20
+1.376000E-03,20
+1.378000E-03,20
+1.380000E-03,20
+1.382000E-03,20
+1.384000E-03,20
+1.386000E-03,20
+1.388000E-03,20
+1.390000E-03,20
+1.392000E-03,20
+1.394000E-03,20
+1.396000E-03,20
+1.398000E-03,20
+1.400000E-03,20
+1.402000E-03,20
+1.404000E-03,20
+1.406000E-03,16
+1.408000E-03,16
+1.410000E-03,16
+1.412000E-03,16
+1.414000E-03,16
+1.416000E-03,16
+1.418000E-03,16
+1.420000E-03,16
+1.422000E-03,16
+1.424000E-03,16
+1.426000E-03,16
+1.428000E-03,16
+1.430000E-03,16
+1.432000E-03,16
+1.434000E-03,16
+1.436000E-03,16
+1.438000E-03,16
+1.440000E-03,16
+1.442000E-03,16
+1.444000E-03,16
+1.446000E-03,16
+1.448000E-03,16
+1.450000E-03,16
+1.452000E-03,16
+1.454000E-03,16
+1.456000E-03,16
+1.458000E-03,16
+1.460000E-03,16
+1.462000E-03,16
+1.464000E-03,16
+1.466000E-03,16
+1.468000E-03,20
+1.470000E-03,20
+1.472000E-03,20
+1.474000E-03,20
+1.476000E-03,20
+1.478000E-03,20
+1.480000E-03,20
+1.482000E-03,20
+1.484000E-03,20
+1.486000E-03,20
+1.488000E-03,20
+1.490000E-03,20
+1.492000E-03,20
+1.494000E-03,20
+1.496000E-03,20
+1.498000E-03,20
+1.500000E-03,20
+1.502000E-03,20
+1.504000E-03,20
+1.506000E-03,20
+1.508000E-03,20
+1.510000E-03,20
+1.512000E-03,20
+1.514000E-03,20
+1.516000E-03,20
+1.518000E-03,20
+1.520000E-03,20
+1.522000E-03,20
+1.524000E-03,16
+1.526000E-03,16
+1.528000E-03,16
+1.530000E-03,16
+1.532000E-03,16
+1.534000E-03,16
+1.536000E-03,16
+1.538000E-03,16
+1.540000E-03,16
+1.542000E-03,16
+1.544000E-03,16
+1.546000E-03,16
+1.548000E-03,16
+1.550000E-03,16
+1.552000E-03,16
+1.554000E-03,16
+1.556000E-03,16
+1.558000E-03,16
+1.560000E-03,16
+1.562000E-03,16
+1.564000E-03,16
+1.566000E-03,16
+1.568000E-03,16
+1.570000E-03,16
+1.572000E-03,16
+1.574000E-03,16
+1.576000E-03,16
+1.578000E-03,16
+1.580000E-03,16
+1.582000E-03,16
+1.584000E-03,16
+1.586000E-03,20
+1.588000E-03,20
+1.590000E-03,20
+1.592000E-03,20
+1.594000E-03,20
+1.596000E-03,20
+1.598000E-03,20
+1.600000E-03,20
+1.602000E-03,20
+1.604000E-03,20
+1.606000E-03,20
+1.608000E-03,20
+1.610000E-03,20
+1.612000E-03,20
+1.614000E-03,20
+1.616000E-03,20
+1.618000E-03,20
+1.620000E-03,20
+1.622000E-03,20
+1.624000E-03,20
+1.626000E-03,20
+1.628000E-03,20
+1.630000E-03,20
+1.632000E-03,20
+1.634000E-03,20
+1.636000E-03,20
+1.638000E-03,20
+1.640000E-03,20
+1.642000E-03,20
+1.644000E-03,20
+1.646000E-03,20
+1.648000E-03,20
+1.650000E-03,16
+1.652000E-03,16
+1.654000E-03,16
+1.656000E-03,16
+1.658000E-03,16
+1.660000E-03,16
+1.662000E-03,16
+1.664000E-03,16
+1.666000E-03,16
+1.668000E-03,16
+1.670000E-03,16
+1.672000E-03,16
+1.674000E-03,16
+1.676000E-03,16
+1.678000E-03,16
+1.680000E-03,16
+1.682000E-03,16
+1.684000E-03,16
+1.686000E-03,16
+1.688000E-03,16
+1.690000E-03,16
+1.692000E-03,16
+1.694000E-03,16
+1.696000E-03,16
+1.698000E-03,16
+1.700000E-03,16
+1.702000E-03,16
+1.704000E-03,16
+1.706000E-03,16
+1.708000E-03,16
+1.710000E-03,20
+1.712000E-03,20
+1.714000E-03,20
+1.716000E-03,20
+1.718000E-03,20
+1.720000E-03,20
+1.722000E-03,20
+1.724000E-03,20
+1.726000E-03,20
+1.728000E-03,20
+1.730000E-03,20
+1.732000E-03,20
+1.734000E-03,20
+1.736000E-03,20
+1.738000E-03,20
+1.740000E-03,20
+1.742000E-03,20
+1.744000E-03,20
+1.746000E-03,20
+1.748000E-03,20
+1.750000E-03,20
+1.752000E-03,20
+1.754000E-03,20
+1.756000E-03,20
+1.758000E-03,20
+1.760000E-03,20
+1.762000E-03,20
+1.764000E-03,20
+1.766000E-03,20
+1.768000E-03,20
+1.770000E-03,16
+1.772000E-03,16
+1.774000E-03,16
+1.776000E-03,16
+1.778000E-03,16
+1.780000E-03,16
+1.782000E-03,16
+1.784000E-03,16
+1.786000E-03,16
+1.788000E-03,16
+1.790000E-03,16
+1.792000E-03,16
+1.794000E-03,16
+1.796000E-03,16
+1.798000E-03,16
+1.800000E-03,16
+1.802000E-03,16
+1.804000E-03,16
+1.806000E-03,16
+1.808000E-03,16
+1.810000E-03,16
+1.812000E-03,16
+1.814000E-03,16
+1.816000E-03,16
+1.818000E-03,16
+1.820000E-03,16
+1.822000E-03,16
+1.824000E-03,16
+1.826000E-03,16
+1.828000E-03,20
+1.830000E-03,20
+1.832000E-03,20
+1.834000E-03,20
+1.836000E-03,20
+1.838000E-03,20
+1.840000E-03,20
+1.842000E-03,20
+1.844000E-03,20
+1.846000E-03,20
+1.848000E-03,20
+1.850000E-03,20
+1.852000E-03,20
+1.854000E-03,20
+1.856000E-03,20
+1.858000E-03,20
+1.860000E-03,20
+1.862000E-03,20
+1.864000E-03,20
+1.866000E-03,20
+1.868000E-03,20
+1.870000E-03,20
+1.872000E-03,20
+1.874000E-03,20
+1.876000E-03,20
+1.878000E-03,20
+1.880000E-03,20
+1.882000E-03,20
+1.884000E-03,20
+1.886000E-03,20
+1.888000E-03,20
+1.890000E-03,20
+1.892000E-03,20
+1.894000E-03,16
+1.896000E-03,16
+1.898000E-03,16
+1.900000E-03,16
+1.902000E-03,16
+1.904000E-03,16
+1.906000E-03,16
+1.908000E-03,16
+1.910000E-03,16
+1.912000E-03,16
+1.914000E-03,16
+1.916000E-03,16
+1.918000E-03,16
+1.920000E-03,16
+1.922000E-03,16
+1.924000E-03,16
+1.926000E-03,16
+1.928000E-03,16
+1.930000E-03,16
+1.932000E-03,16
+1.934000E-03,16
+1.936000E-03,16
+1.938000E-03,16
+1.940000E-03,16
+1.942000E-03,16
+1.944000E-03,16
+1.946000E-03,16
+1.948000E-03,16
+1.950000E-03,16
+1.952000E-03,20
+1.954000E-03,20
+1.956000E-03,20
+1.958000E-03,20
+1.960000E-03,20
+1.962000E-03,20
+1.964000E-03,20
+1.966000E-03,20
+1.968000E-03,20
+1.970000E-03,20
+1.972000E-03,20
+1.974000E-03,20
+1.976000E-03,20
+1.978000E-03,20
+1.980000E-03,20
+1.982000E-03,20
+1.984000E-03,20
+1.986000E-03,20
+1.988000E-03,20
+1.990000E-03,20
+1.992000E-03,20
+1.994000E-03,20
+1.996000E-03,20
+1.998000E-03,20
+2.000000E-03,20
+2.002000E-03,20
+2.004000E-03,20
+2.006000E-03,20
+2.008000E-03,20
+2.010000E-03,20
+2.012000E-03,16
+2.014000E-03,16
+2.016000E-03,16
+2.018000E-03,16
+2.020000E-03,16
+2.022000E-03,16
+2.024000E-03,16
+2.026000E-03,16
+2.028000E-03,16
+2.030000E-03,16
+2.032000E-03,16
+2.034000E-03,16
+2.036000E-03,16
+2.038000E-03,16
+2.040000E-03,16
+2.042000E-03,16
+2.044000E-03,16
+2.046000E-03,16
+2.048000E-03,16
+2.050000E-03,16
+2.052000E-03,16
+2.054000E-03,16
+2.056000E-03,16
+2.058000E-03,16
+2.060000E-03,16
+2.062000E-03,16
+2.064000E-03,16
+2.066000E-03,16
+2.068000E-03,16
+2.070000E-03,16
+2.072000E-03,16
+2.074000E-03,20
+2.076000E-03,20
+2.078000E-03,20
+2.080000E-03,20
+2.082000E-03,20
+2.084000E-03,20
+2.086000E-03,20
+2.088000E-03,20
+2.090000E-03,20
+2.092000E-03,20
+2.094000E-03,20
+2.096000E-03,20
+2.098000E-03,20
+2.100000E-03,20
+2.102000E-03,20
+2.104000E-03,20
+2.106000E-03,20
+2.108000E-03,20
+2.110000E-03,20
+2.112000E-03,20
+2.114000E-03,20
+2.116000E-03,20
+2.118000E-03,20
+2.120000E-03,20
+2.122000E-03,20
+2.124000E-03,20
+2.126000E-03,20
+2.128000E-03,20
+2.130000E-03,20
+2.132000E-03,20
+2.134000E-03,20
+2.136000E-03,20
+2.138000E-03,16
+2.140000E-03,16
+2.142000E-03,16
+2.144000E-03,16
+2.146000E-03,16
+2.148000E-03,16
+2.150000E-03,16
+2.152000E-03,16
+2.154000E-03,16
+2.156000E-03,16
+2.158000E-03,16
+2.160000E-03,16
+2.162000E-03,16
+2.164000E-03,16
+2.166000E-03,16
+2.168000E-03,16
+2.170000E-03,16
+2.172000E-03,16
+2.174000E-03,16
+2.176000E-03,16
+2.178000E-03,16
+2.180000E-03,16
+2.182000E-03,16
+2.184000E-03,16
+2.186000E-03,16
+2.188000E-03,16
+2.190000E-03,16
+2.192000E-03,16
+2.194000E-03,16
+2.196000E-03,16
+2.198000E-03,20
+2.200000E-03,20
+2.202000E-03,20
+2.204000E-03,20
+2.206000E-03,20
+2.208000E-03,20
+2.210000E-03,20
+2.212000E-03,20
+2.214000E-03,20
+2.216000E-03,20
+2.218000E-03,20
+2.220000E-03,20
+2.222000E-03,20
+2.224000E-03,20
+2.226000E-03,20
+2.228000E-03,20
+2.230000E-03,20
+2.232000E-03,20
+2.234000E-03,20
+2.236000E-03,20
+2.238000E-03,20
+2.240000E-03,20
+2.242000E-03,20
+2.244000E-03,20
+2.246000E-03,20
+2.248000E-03,20
+2.250000E-03,20
+2.252000E-03,20
+2.254000E-03,20
+2.256000E-03,20
+2.258000E-03,20
+2.260000E-03,16
+2.262000E-03,16
+2.264000E-03,16
+2.266000E-03,16
+2.268000E-03,16
+2.270000E-03,16
+2.272000E-03,16
+2.274000E-03,16
+2.276000E-03,16
+2.278000E-03,16
+2.280000E-03,16
+2.282000E-03,16
+2.284000E-03,16
+2.286000E-03,16
+2.288000E-03,16
+2.290000E-03,16
+2.292000E-03,16
+2.294000E-03,16
+2.296000E-03,16
+2.298000E-03,16
+2.300000E-03,16
+2.302000E-03,16
+2.304000E-03,16
+2.306000E-03,16
+2.308000E-03,16
+2.310000E-03,16
+2.312000E-03,16
+2.314000E-03,16
+2.316000E-03,20
+2.318000E-03,20
+2.320000E-03,20
+2.322000E-03,20
+2.324000E-03,20
+2.326000E-03,20
+2.328000E-03,20
+2.330000E-03,20
+2.332000E-03,20
+2.334000E-03,20
+2.336000E-03,20
+2.338000E-03,20
+2.340000E-03,20
+2.342000E-03,20
+2.344000E-03,20
+2.346000E-03,20
+2.348000E-03,20
+2.350000E-03,20
+2.352000E-03,20
+2.354000E-03,20
+2.356000E-03,20
+2.358000E-03,20
+2.360000E-03,20
+2.362000E-03,20
+2.364000E-03,20
+2.366000E-03,20
+2.368000E-03,20
+2.370000E-03,20
+2.372000E-03,20
+2.374000E-03,20
+2.376000E-03,20
+2.378000E-03,20
+2.380000E-03,16
+2.382000E-03,16
+2.384000E-03,16
+2.386000E-03,16
+2.388000E-03,16
+2.390000E-03,16
+2.392000E-03,16
+2.394000E-03,16
+2.396000E-03,16
+2.398000E-03,16
+2.400000E-03,16
+2.402000E-03,16
+2.404000E-03,16
+2.406000E-03,16
+2.408000E-03,16
+2.410000E-03,16
+2.412000E-03,16
+2.414000E-03,16
+2.416000E-03,16
+2.418000E-03,16
+2.420000E-03,16
+2.422000E-03,16
+2.424000E-03,16
+2.426000E-03,16
+2.428000E-03,16
+2.430000E-03,16
+2.432000E-03,16
+2.434000E-03,16
+2.436000E-03,16
+2.438000E-03,16
+2.440000E-03,16
+2.442000E-03,20
+2.444000E-03,20
+2.446000E-03,20
+2.448000E-03,20
+2.450000E-03,20
+2.452000E-03,20
+2.454000E-03,20
+2.456000E-03,20
+2.458000E-03,20
+2.460000E-03,20
+2.462000E-03,20
+2.464000E-03,20
+2.466000E-03,20
+2.468000E-03,20
+2.470000E-03,20
+2.472000E-03,20
+2.474000E-03,20
+2.476000E-03,20
+2.478000E-03,20
+2.480000E-03,20
+2.482000E-03,20
+2.484000E-03,20
+2.486000E-03,20
+2.488000E-03,20
+2.490000E-03,20
+2.492000E-03,20
+2.494000E-03,20
+2.496000E-03,20
+2.498000E-03,20
+2.500000E-03,20
+2.502000E-03,16
+2.504000E-03,16
+2.506000E-03,16
+2.508000E-03,16
+2.510000E-03,16
+2.512000E-03,16
+2.514000E-03,16
+2.516000E-03,16
+2.518000E-03,16
+2.520000E-03,16
+2.522000E-03,16
+2.524000E-03,16
+2.526000E-03,16
+2.528000E-03,16
+2.530000E-03,16
+2.532000E-03,16
+2.534000E-03,16
+2.536000E-03,16
+2.538000E-03,16
+2.540000E-03,16
+2.542000E-03,16
+2.544000E-03,16
+2.546000E-03,16
+2.548000E-03,16
+2.550000E-03,16
+2.552000E-03,16
+2.554000E-03,16
+2.556000E-03,16
+2.558000E-03,16
+2.560000E-03,16
+2.562000E-03,16
+2.564000E-03,20
+2.566000E-03,20
+2.568000E-03,20
+2.570000E-03,20
+2.572000E-03,20
+2.574000E-03,20
+2.576000E-03,20
+2.578000E-03,20
+2.580000E-03,20
+2.582000E-03,20
+2.584000E-03,20
+2.586000E-03,20
+2.588000E-03,20
+2.590000E-03,20
+2.592000E-03,20
+2.594000E-03,28
+2.596000E-03,28
+2.598000E-03,28
+2.600000E-03,28
+2.602000E-03,28
+2.604000E-03,28
+2.606000E-03,28
+2.608000E-03,28
+2.610000E-03,28
+2.612000E-03,28
+2.614000E-03,28
+2.616000E-03,28
+2.618000E-03,28
+2.620000E-03,28
+2.622000E-03,28
+2.624000E-03,28
+2.626000E-03,24
+2.628000E-03,24
+2.630000E-03,24
+2.632000E-03,24
+2.634000E-03,24
+2.636000E-03,24
+2.638000E-03,24
+2.640000E-03,24
+2.642000E-03,24
+2.644000E-03,24
+2.646000E-03,24
+2.648000E-03,24
+2.650000E-03,24
+2.652000E-03,24
+2.654000E-03,24
+2.656000E-03,24
+2.658000E-03,24
+2.660000E-03,24
+2.662000E-03,24
+2.664000E-03,24
+2.666000E-03,24
+2.668000E-03,24
+2.670000E-03,24
+2.672000E-03,16
+2.674000E-03,16
+2.676000E-03,16
+2.678000E-03,16
+2.680000E-03,16
+2.682000E-03,16
+2.684000E-03,16
+2.686000E-03,16
+2.688000E-03,20
+2.690000E-03,20
+2.692000E-03,20
+2.694000E-03,20
+2.696000E-03,20
+2.698000E-03,20
+2.700000E-03,20
+2.702000E-03,20
+2.704000E-03,20
+2.706000E-03,20
+2.708000E-03,20
+2.710000E-03,20
+2.712000E-03,28
+2.714000E-03,28
+2.716000E-03,28
+2.718000E-03,28
+2.720000E-03,28
+2.722000E-03,28
+2.724000E-03,28
+2.726000E-03,28
+2.728000E-03,28
+2.730000E-03,28
+2.732000E-03,28
+2.734000E-03,28
+2.736000E-03,28
+2.738000E-03,28
+2.740000E-03,28
+2.742000E-03,28
+2.744000E-03,28
+2.746000E-03,28
+2.748000E-03,24
+2.750000E-03,24
+2.752000E-03,24
+2.754000E-03,24
+2.756000E-03,24
+2.758000E-03,24
+2.760000E-03,24
+2.762000E-03,24
+2.764000E-03,24
+2.766000E-03,24
+2.768000E-03,24
+2.770000E-03,24
+2.772000E-03,24
+2.774000E-03,24
+2.776000E-03,24
+2.778000E-03,24
+2.780000E-03,24
+2.782000E-03,24
+2.784000E-03,24
+2.786000E-03,24
+2.788000E-03,16
+2.790000E-03,16
+2.792000E-03,16
+2.794000E-03,16
+2.796000E-03,16
+2.798000E-03,16
+2.800000E-03,16
+2.802000E-03,16
+2.804000E-03,20
+2.806000E-03,20
+2.808000E-03,20
+2.810000E-03,20
+2.812000E-03,20
+2.814000E-03,20
+2.816000E-03,20
+2.818000E-03,20
+2.820000E-03,20
+2.822000E-03,20
+2.824000E-03,20
+2.826000E-03,20
+2.828000E-03,20
+2.830000E-03,20
+2.832000E-03,20
+2.834000E-03,20
+2.836000E-03,28
+2.838000E-03,28
+2.840000E-03,28
+2.842000E-03,28
+2.844000E-03,28
+2.846000E-03,28
+2.848000E-03,28
+2.850000E-03,28
+2.852000E-03,28
+2.854000E-03,28
+2.856000E-03,28
+2.858000E-03,28
+2.860000E-03,28
+2.862000E-03,28
+2.864000E-03,28
+2.866000E-03,28
+2.868000E-03,24
+2.870000E-03,24
+2.872000E-03,24
+2.874000E-03,24
+2.876000E-03,24
+2.878000E-03,24
+2.880000E-03,24
+2.882000E-03,24
+2.884000E-03,24
+2.886000E-03,24
+2.888000E-03,24
+2.890000E-03,24
+2.892000E-03,24
+2.894000E-03,24
+2.896000E-03,24
+2.898000E-03,24
+2.900000E-03,24
+2.902000E-03,24
+2.904000E-03,24
+2.906000E-03,24
+2.908000E-03,24
+2.910000E-03,24
+2.912000E-03,16
+2.914000E-03,16
+2.916000E-03,16
+2.918000E-03,16
+2.920000E-03,16
+2.922000E-03,16
+2.924000E-03,16
+2.926000E-03,16
+2.928000E-03,20
+2.930000E-03,20
+2.932000E-03,20
+2.934000E-03,20
+2.936000E-03,20
+2.938000E-03,20
+2.940000E-03,20
+2.942000E-03,20
+2.944000E-03,20
+2.946000E-03,20
+2.948000E-03,20
+2.950000E-03,20
+2.952000E-03,20
+2.954000E-03,20
+2.956000E-03,20
+2.958000E-03,20
+2.960000E-03,20
+2.962000E-03,20
+2.964000E-03,20
+2.966000E-03,20
+2.968000E-03,20
+2.970000E-03,20
+2.972000E-03,20
+2.974000E-03,20
+2.976000E-03,20
+2.978000E-03,20
+2.980000E-03,20
+2.982000E-03,20
+2.984000E-03,20
+2.986000E-03,20
+2.988000E-03,16
+2.990000E-03,16
+2.992000E-03,16
+2.994000E-03,16
+2.996000E-03,16
+2.998000E-03,16
+3.000000E-03,16
+3.002000E-03,16
+3.004000E-03,16
+3.006000E-03,16
+3.008000E-03,16
+3.010000E-03,16
+3.012000E-03,16
+3.014000E-03,16
+3.016000E-03,16
+3.018000E-03,16
+3.020000E-03,16
+3.022000E-03,16
+3.024000E-03,16
+3.026000E-03,16
+3.028000E-03,16
+3.030000E-03,16
+3.032000E-03,16
+3.034000E-03,16
+3.036000E-03,16
+3.038000E-03,16
+3.040000E-03,16
+3.042000E-03,16
+3.044000E-03,16
+3.046000E-03,16
+3.048000E-03,16
+3.050000E-03,20
+3.052000E-03,20
+3.054000E-03,20
+3.056000E-03,20
+3.058000E-03,20
+3.060000E-03,20
+3.062000E-03,20
+3.064000E-03,20
+3.066000E-03,20
+3.068000E-03,20
+3.070000E-03,20
+3.072000E-03,20
+3.074000E-03,20
+3.076000E-03,20
+3.078000E-03,20
+3.080000E-03,20
+3.082000E-03,20
+3.084000E-03,20
+3.086000E-03,20
+3.088000E-03,20
+3.090000E-03,20
+3.092000E-03,20
+3.094000E-03,20
+3.096000E-03,20
+3.098000E-03,20
+3.100000E-03,20
+3.102000E-03,20
+3.104000E-03,20
+3.106000E-03,20
+3.108000E-03,20
+3.110000E-03,20
+3.112000E-03,20
+3.114000E-03,16
+3.116000E-03,16
+3.118000E-03,16
+3.120000E-03,16
+3.122000E-03,16
+3.124000E-03,16
+3.126000E-03,16
+3.128000E-03,16
+3.130000E-03,16
+3.132000E-03,16
+3.134000E-03,16
+3.136000E-03,16
+3.138000E-03,16
+3.140000E-03,16
+3.142000E-03,16
+3.144000E-03,16
+3.146000E-03,16
+3.148000E-03,16
+3.150000E-03,16
+3.152000E-03,16
+3.154000E-03,16
+3.156000E-03,16
+3.158000E-03,16
+3.160000E-03,16
+3.162000E-03,16
+3.164000E-03,16
+3.166000E-03,16
+3.168000E-03,16
+3.170000E-03,16
+3.172000E-03,16
+3.174000E-03,16
+3.176000E-03,20
+3.178000E-03,20
+3.180000E-03,20
+3.182000E-03,20
+3.184000E-03,20
+3.186000E-03,20
+3.188000E-03,20
+3.190000E-03,20
+3.192000E-03,20
+3.194000E-03,20
+3.196000E-03,20
+3.198000E-03,20
+3.200000E-03,20
+3.202000E-03,20
+3.204000E-03,20
+3.206000E-03,20
+3.208000E-03,20
+3.210000E-03,20
+3.212000E-03,20
+3.214000E-03,20
+3.216000E-03,20
+3.218000E-03,20
+3.220000E-03,20
+3.222000E-03,20
+3.224000E-03,20
+3.226000E-03,20
+3.228000E-03,20
+3.230000E-03,20
+3.232000E-03,20
+3.234000E-03,20
+3.236000E-03,16
+3.238000E-03,16
+3.240000E-03,16
+3.242000E-03,16
+3.244000E-03,16
+3.246000E-03,16
+3.248000E-03,16
+3.250000E-03,16
+3.252000E-03,16
+3.254000E-03,16
+3.256000E-03,16
+3.258000E-03,16
+3.260000E-03,16
+3.262000E-03,16
+3.264000E-03,16
+3.266000E-03,16
+3.268000E-03,16
+3.270000E-03,16
+3.272000E-03,16
+3.274000E-03,16
+3.276000E-03,16
+3.278000E-03,16
+3.280000E-03,16
+3.282000E-03,16
+3.284000E-03,16
+3.286000E-03,16
+3.288000E-03,16
+3.290000E-03,16
+3.292000E-03,20
+3.294000E-03,20
+3.296000E-03,20
+3.298000E-03,20
+3.300000E-03,20
+3.302000E-03,20
+3.304000E-03,20
+3.306000E-03,20
+3.308000E-03,20
+3.310000E-03,20
+3.312000E-03,20
+3.314000E-03,20
+3.316000E-03,20
+3.318000E-03,20
+3.320000E-03,20
+3.322000E-03,20
+3.324000E-03,20
+3.326000E-03,20
+3.328000E-03,20
+3.330000E-03,20
+3.332000E-03,20
+3.334000E-03,20
+3.336000E-03,20
+3.338000E-03,20
+3.340000E-03,20
+3.342000E-03,20
+3.344000E-03,20
+3.346000E-03,20
+3.348000E-03,20
+3.350000E-03,20
+3.352000E-03,20
+3.354000E-03,20
+3.356000E-03,16
+3.358000E-03,16
+3.360000E-03,16
+3.362000E-03,16
+3.364000E-03,16
+3.366000E-03,16
+3.368000E-03,16
+3.370000E-03,16
+3.372000E-03,16
+3.374000E-03,16
+3.376000E-03,16
+3.378000E-03,16
+3.380000E-03,16
+3.382000E-03,16
+3.384000E-03,16
+3.386000E-03,16
+3.388000E-03,16
+3.390000E-03,16
+3.392000E-03,16
+3.394000E-03,16
+3.396000E-03,16
+3.398000E-03,16
+3.400000E-03,16
+3.402000E-03,16
+3.404000E-03,16
+3.406000E-03,16
+3.408000E-03,16
+3.410000E-03,16
+3.412000E-03,16
+3.414000E-03,16
+3.416000E-03,16
+3.418000E-03,20
+3.420000E-03,20
+3.422000E-03,20
+3.424000E-03,20
+3.426000E-03,20
+3.428000E-03,20
+3.430000E-03,20
+3.432000E-03,20
+3.434000E-03,20
+3.436000E-03,20
+3.438000E-03,20
+3.440000E-03,20
+3.442000E-03,20
+3.444000E-03,20
+3.446000E-03,20
+3.448000E-03,20
+3.450000E-03,20
+3.452000E-03,20
+3.454000E-03,20
+3.456000E-03,20
+3.458000E-03,20
+3.460000E-03,20
+3.462000E-03,20
+3.464000E-03,20
+3.466000E-03,20
+3.468000E-03,20
+3.470000E-03,20
+3.472000E-03,20
+3.474000E-03,20
+3.476000E-03,20
+3.478000E-03,16
+3.480000E-03,16
+3.482000E-03,16
+3.484000E-03,16
+3.486000E-03,16
+3.488000E-03,16
+3.490000E-03,16
+3.492000E-03,16
+3.494000E-03,16
+3.496000E-03,16
+3.498000E-03,16
+3.500000E-03,16
+3.502000E-03,16
+3.504000E-03,16
+3.506000E-03,16
+3.508000E-03,16
+3.510000E-03,16
+3.512000E-03,16
+3.514000E-03,16
+3.516000E-03,16
+3.518000E-03,16
+3.520000E-03,16
+3.522000E-03,16
+3.524000E-03,16
+3.526000E-03,16
+3.528000E-03,16
+3.530000E-03,16
+3.532000E-03,16
+3.534000E-03,16
+3.536000E-03,16
+3.538000E-03,16
+3.540000E-03,20
+3.542000E-03,20
+3.544000E-03,20
+3.546000E-03,20
+3.548000E-03,20
+3.550000E-03,20
+3.552000E-03,20
+3.554000E-03,20
+3.556000E-03,20
+3.558000E-03,20
+3.560000E-03,20
+3.562000E-03,20
+3.564000E-03,20
+3.566000E-03,20
+3.568000E-03,20
+3.570000E-03,20
+3.572000E-03,20
+3.574000E-03,20
+3.576000E-03,20
+3.578000E-03,20
+3.580000E-03,20
+3.582000E-03,20
+3.584000E-03,20
+3.586000E-03,20
+3.588000E-03,20
+3.590000E-03,20
+3.592000E-03,20
+3.594000E-03,20
+3.596000E-03,20
+3.598000E-03,20
+3.600000E-03,20
+3.602000E-03,20
+3.604000E-03,16
+3.606000E-03,16
+3.608000E-03,16
+3.610000E-03,16
+3.612000E-03,16
+3.614000E-03,16
+3.616000E-03,16
+3.618000E-03,16
+3.620000E-03,16
+3.622000E-03,16
+3.624000E-03,16
+3.626000E-03,16
+3.628000E-03,16
+3.630000E-03,16
+3.632000E-03,16
+3.634000E-03,16
+3.636000E-03,16
+3.638000E-03,16
+3.640000E-03,16
+3.642000E-03,16
+3.644000E-03,16
+3.646000E-03,16
+3.648000E-03,16
+3.650000E-03,16
+3.652000E-03,16
+3.654000E-03,16
+3.656000E-03,16
+3.658000E-03,16
+3.660000E-03,20
+3.662000E-03,20
+3.664000E-03,20
+3.666000E-03,20
+3.668000E-03,20
+3.670000E-03,20
+3.672000E-03,20
+3.674000E-03,20
+3.676000E-03,20
+3.678000E-03,20
+3.680000E-03,20
+3.682000E-03,20
+3.684000E-03,20
+3.686000E-03,20
+3.688000E-03,20
+3.690000E-03,20
+3.692000E-03,20
+3.694000E-03,20
+3.696000E-03,20
+3.698000E-03,20
+3.700000E-03,20
+3.702000E-03,20
+3.704000E-03,20
+3.706000E-03,20
+3.708000E-03,20
+3.710000E-03,20
+3.712000E-03,20
+3.714000E-03,20
+3.716000E-03,20
+3.718000E-03,20
+3.720000E-03,16
+3.722000E-03,16
+3.724000E-03,16
+3.726000E-03,16
+3.728000E-03,16
+3.730000E-03,16
+3.732000E-03,16
+3.734000E-03,16
+3.736000E-03,16
+3.738000E-03,16
+3.740000E-03,16
+3.742000E-03,16
+3.744000E-03,16
+3.746000E-03,16
+3.748000E-03,16
+3.750000E-03,16
+3.752000E-03,16
+3.754000E-03,16
+3.756000E-03,16
+3.758000E-03,16
+3.760000E-03,16
+3.762000E-03,16
+3.764000E-03,16
+3.766000E-03,16
+3.768000E-03,16
+3.770000E-03,16
+3.772000E-03,16
+3.774000E-03,16
+3.776000E-03,16
+3.778000E-03,16
+3.780000E-03,16
+3.782000E-03,20
+3.784000E-03,20
+3.786000E-03,20
+3.788000E-03,20
+3.790000E-03,20
+3.792000E-03,20
+3.794000E-03,20
+3.796000E-03,20
+3.798000E-03,20
+3.800000E-03,20
+3.802000E-03,20
+3.804000E-03,20
+3.806000E-03,20
+3.808000E-03,20
+3.810000E-03,20
+3.812000E-03,20
+3.814000E-03,20
+3.816000E-03,20
+3.818000E-03,20
+3.820000E-03,20
+3.822000E-03,20
+3.824000E-03,20
+3.826000E-03,20
+3.828000E-03,20
+3.830000E-03,20
+3.832000E-03,20
+3.834000E-03,20
+3.836000E-03,20
+3.838000E-03,20
+3.840000E-03,20
+3.842000E-03,20
+3.844000E-03,20
+3.846000E-03,16
+3.848000E-03,16
+3.850000E-03,16
+3.852000E-03,16
+3.854000E-03,16
+3.856000E-03,16
+3.858000E-03,16
+3.860000E-03,16
+3.862000E-03,16
+3.864000E-03,16
+3.866000E-03,16
+3.868000E-03,16
+3.870000E-03,16
+3.872000E-03,16
+3.874000E-03,16
+3.876000E-03,16
+3.878000E-03,16
+3.880000E-03,16
+3.882000E-03,16
+3.884000E-03,16
+3.886000E-03,16
+3.888000E-03,16
+3.890000E-03,16
+3.892000E-03,16
+3.894000E-03,16
+3.896000E-03,16
+3.898000E-03,16
+3.900000E-03,16
+3.902000E-03,16
+3.904000E-03,16
+3.906000E-03,16
+3.908000E-03,20
+3.910000E-03,20
+3.912000E-03,20
+3.914000E-03,20
+3.916000E-03,20
+3.918000E-03,20
+3.920000E-03,20
+3.922000E-03,20
+3.924000E-03,20
+3.926000E-03,20
+3.928000E-03,20
+3.930000E-03,20
+3.932000E-03,20
+3.934000E-03,20
+3.936000E-03,20
+3.938000E-03,20
+3.940000E-03,20
+3.942000E-03,20
+3.944000E-03,20
+3.946000E-03,20
+3.948000E-03,20
+3.950000E-03,20
+3.952000E-03,20
+3.954000E-03,20
+3.956000E-03,20
+3.958000E-03,20
+3.960000E-03,20
+3.962000E-03,20
+3.964000E-03,20
+3.966000E-03,16
+3.968000E-03,16
+3.970000E-03,16
+3.972000E-03,16
+3.974000E-03,16
+3.976000E-03,16
+3.978000E-03,16
+3.980000E-03,16
+3.982000E-03,16
+3.984000E-03,16
+3.986000E-03,16
+3.988000E-03,16
+3.990000E-03,16
+3.992000E-03,16
+3.994000E-03,16
+3.996000E-03,16
+3.998000E-03,16
+4.000000E-03,16
+4.002000E-03,16
+4.004000E-03,16
+4.006000E-03,16
+4.008000E-03,16
+4.010000E-03,16
+4.012000E-03,16
+4.014000E-03,16
+4.016000E-03,16
+4.018000E-03,16
+4.020000E-03,16
+4.022000E-03,16
+4.024000E-03,16
+4.026000E-03,16
+4.028000E-03,20
+4.030000E-03,20
+4.032000E-03,20
+4.034000E-03,20
+4.036000E-03,20
+4.038000E-03,20
+4.040000E-03,20
+4.042000E-03,20
+4.044000E-03,20
+4.046000E-03,20
+4.048000E-03,20
+4.050000E-03,20
+4.052000E-03,20
+4.054000E-03,20
+4.056000E-03,20
+4.058000E-03,20
+4.060000E-03,20
+4.062000E-03,20
+4.064000E-03,20
+4.066000E-03,20
+4.068000E-03,20
+4.070000E-03,20
+4.072000E-03,20
+4.074000E-03,20
+4.076000E-03,20
+4.078000E-03,20
+4.080000E-03,20
+4.082000E-03,20
+4.084000E-03,20
+4.086000E-03,20
+4.088000E-03,20
+4.090000E-03,20
+4.092000E-03,16
+4.094000E-03,16
+4.096000E-03,16
+4.098000E-03,16
+4.100000E-03,16
+4.102000E-03,16
+4.104000E-03,16
+4.106000E-03,16
+4.108000E-03,16
+4.110000E-03,16
+4.112000E-03,16
+4.114000E-03,16
+4.116000E-03,16
+4.118000E-03,16
+4.120000E-03,16
+4.122000E-03,16
+4.124000E-03,16
+4.126000E-03,16
+4.128000E-03,16
+4.130000E-03,16
+4.132000E-03,16
+4.134000E-03,16
+4.136000E-03,16
+4.138000E-03,16
+4.140000E-03,16
+4.142000E-03,16
+4.144000E-03,16
+4.146000E-03,16
+4.148000E-03,20
+4.150000E-03,20
+4.152000E-03,20
+4.154000E-03,20
+4.156000E-03,20
+4.158000E-03,20
+4.160000E-03,20
+4.162000E-03,20
+4.164000E-03,20
+4.166000E-03,20
+4.168000E-03,20
+4.170000E-03,20
+4.172000E-03,20
+4.174000E-03,20
+4.176000E-03,20
+4.178000E-03,20
+4.180000E-03,20
+4.182000E-03,20
+4.184000E-03,20
+4.186000E-03,20
+4.188000E-03,20
+4.190000E-03,20
+4.192000E-03,20
+4.194000E-03,20
+4.196000E-03,20
+4.198000E-03,20
+4.200000E-03,20
+4.202000E-03,20
+4.204000E-03,20
+4.206000E-03,20
+4.208000E-03,20
+4.210000E-03,16
+4.212000E-03,16
+4.214000E-03,16
+4.216000E-03,16
+4.218000E-03,16
+4.220000E-03,16
+4.222000E-03,16
+4.224000E-03,16
+4.226000E-03,16
+4.228000E-03,16
+4.230000E-03,16
+4.232000E-03,16
+4.234000E-03,16
+4.236000E-03,16
+4.238000E-03,16
+4.240000E-03,16
+4.242000E-03,16
+4.244000E-03,16
+4.246000E-03,16
+4.248000E-03,16
+4.250000E-03,16
+4.252000E-03,16
+4.254000E-03,16
+4.256000E-03,16
+4.258000E-03,16
+4.260000E-03,16
+4.262000E-03,16
+4.264000E-03,16
+4.266000E-03,16
+4.268000E-03,16
+4.270000E-03,20
+4.272000E-03,20
+4.274000E-03,20
+4.276000E-03,20
+4.278000E-03,20
+4.280000E-03,20
+4.282000E-03,20
+4.284000E-03,20
+4.286000E-03,20
+4.288000E-03,20
+4.290000E-03,20
+4.292000E-03,20
+4.294000E-03,20
+4.296000E-03,20
+4.298000E-03,20
+4.300000E-03,20
+4.302000E-03,20
+4.304000E-03,20
+4.306000E-03,20
+4.308000E-03,20
+4.310000E-03,20
+4.312000E-03,20
+4.314000E-03,20
+4.316000E-03,20
+4.318000E-03,20
+4.320000E-03,20
+4.322000E-03,20
+4.324000E-03,20
+4.326000E-03,20
+4.328000E-03,20
+4.330000E-03,20
+4.332000E-03,20
+4.334000E-03,16
+4.336000E-03,16
+4.338000E-03,16
+4.340000E-03,16
+4.342000E-03,16
+4.344000E-03,16
+4.346000E-03,16
+4.348000E-03,16
+4.350000E-03,16
+4.352000E-03,16
+4.354000E-03,16
+4.356000E-03,16
+4.358000E-03,16
+4.360000E-03,16
+4.362000E-03,16
+4.364000E-03,16
+4.366000E-03,16
+4.368000E-03,16
+4.370000E-03,16
+4.372000E-03,16
+4.374000E-03,16
+4.376000E-03,16
+4.378000E-03,16
+4.380000E-03,16
+4.382000E-03,16
+4.384000E-03,16
+4.386000E-03,16
+4.388000E-03,16
+4.390000E-03,16
+4.392000E-03,16
+4.394000E-03,16
+4.396000E-03,20
+4.398000E-03,20
+4.400000E-03,20
+4.402000E-03,20
+4.404000E-03,20
+4.406000E-03,20
+4.408000E-03,20
+4.410000E-03,20
+4.412000E-03,20
+4.414000E-03,20
+4.416000E-03,20
+4.418000E-03,20
+4.420000E-03,20
+4.422000E-03,20
+4.424000E-03,20
+4.426000E-03,20
+4.428000E-03,20
+4.430000E-03,20
+4.432000E-03,20
+4.434000E-03,20
+4.436000E-03,20
+4.438000E-03,20
+4.440000E-03,20
+4.442000E-03,20
+4.444000E-03,20
+4.446000E-03,20
+4.448000E-03,20
+4.450000E-03,20
+4.452000E-03,20
+4.454000E-03,20
+4.456000E-03,16
+4.458000E-03,16
+4.460000E-03,16
+4.462000E-03,16
+4.464000E-03,16
+4.466000E-03,16
+4.468000E-03,16
+4.470000E-03,16
+4.472000E-03,16
+4.474000E-03,16
+4.476000E-03,16
+4.478000E-03,16
+4.480000E-03,16
+4.482000E-03,16
+4.484000E-03,16
+4.486000E-03,16
+4.488000E-03,16
+4.490000E-03,16
+4.492000E-03,16
+4.494000E-03,16
+4.496000E-03,16
+4.498000E-03,16
+4.500000E-03,16
+4.502000E-03,16
+4.504000E-03,16
+4.506000E-03,16
+4.508000E-03,16
+4.510000E-03,16
+4.512000E-03,16
+4.514000E-03,20
+4.516000E-03,20
+4.518000E-03,20
+4.520000E-03,20
+4.522000E-03,20
+4.524000E-03,20
+4.526000E-03,20
+4.528000E-03,20
+4.530000E-03,20
+4.532000E-03,20
+4.534000E-03,20
+4.536000E-03,20
+4.538000E-03,20
+4.540000E-03,20
+4.542000E-03,20
+4.544000E-03,20
+4.546000E-03,20
+4.548000E-03,20
+4.550000E-03,20
+4.552000E-03,20
+4.554000E-03,20
+4.556000E-03,20
+4.558000E-03,20
+4.560000E-03,20
+4.562000E-03,20
+4.564000E-03,20
+4.566000E-03,20
+4.568000E-03,20
+4.570000E-03,20
+4.572000E-03,20
+4.574000E-03,20
+4.576000E-03,16
+4.578000E-03,16
+4.580000E-03,16
+4.582000E-03,16
+4.584000E-03,16
+4.586000E-03,16
+4.588000E-03,16
+4.590000E-03,16
+4.592000E-03,16
+4.594000E-03,16
+4.596000E-03,16
+4.598000E-03,16
+4.600000E-03,16
+4.602000E-03,16
+4.604000E-03,16
+4.606000E-03,16
+4.608000E-03,16
+4.610000E-03,16
+4.612000E-03,16
+4.614000E-03,16
+4.616000E-03,16
+4.618000E-03,16
+4.620000E-03,16
+4.622000E-03,16
+4.624000E-03,16
+4.626000E-03,16
+4.628000E-03,16
+4.630000E-03,16
+4.632000E-03,16
+4.634000E-03,16
+4.636000E-03,16
+4.638000E-03,20
+4.640000E-03,20
+4.642000E-03,20
+4.644000E-03,20
+4.646000E-03,20
+4.648000E-03,20
+4.650000E-03,20
+4.652000E-03,20
+4.654000E-03,20
+4.656000E-03,20
+4.658000E-03,20
+4.660000E-03,20
+4.662000E-03,20
+4.664000E-03,20
+4.666000E-03,28
+4.668000E-03,28
+4.670000E-03,28
+4.672000E-03,28
+4.674000E-03,28
+4.676000E-03,28
+4.678000E-03,28
+4.680000E-03,28
+4.682000E-03,28
+4.684000E-03,28
+4.686000E-03,28
+4.688000E-03,28
+4.690000E-03,28
+4.692000E-03,28
+4.694000E-03,28
+4.696000E-03,28
+4.698000E-03,24
+4.700000E-03,24
+4.702000E-03,24
+4.704000E-03,24
+4.706000E-03,24
+4.708000E-03,24
+4.710000E-03,24
+4.712000E-03,24
+4.714000E-03,24
+4.716000E-03,24
+4.718000E-03,24
+4.720000E-03,24
+4.722000E-03,24
+4.724000E-03,24
+4.726000E-03,24
+4.728000E-03,24
+4.730000E-03,24
+4.732000E-03,24
+4.734000E-03,24
+4.736000E-03,24
+4.738000E-03,24
+4.740000E-03,24
+4.742000E-03,24
+4.744000E-03,16
+4.746000E-03,16
+4.748000E-03,16
+4.750000E-03,16
+4.752000E-03,16
+4.754000E-03,16
+4.756000E-03,16
+4.758000E-03,16
+4.760000E-03,20
+4.762000E-03,20
+4.764000E-03,20
+4.766000E-03,20
+4.768000E-03,20
+4.770000E-03,20
+4.772000E-03,20
+4.774000E-03,20
+4.776000E-03,20
+4.778000E-03,20
+4.780000E-03,20
+4.782000E-03,20
+4.784000E-03,20
+4.786000E-03,20
+4.788000E-03,20
+4.790000E-03,20
+4.792000E-03,20
+4.794000E-03,20
+4.796000E-03,20
+4.798000E-03,20
+4.800000E-03,20
+4.802000E-03,20
+4.804000E-03,20
+4.806000E-03,20
+4.808000E-03,20
+4.810000E-03,20
+4.812000E-03,20
+4.814000E-03,20
+4.816000E-03,20
+4.818000E-03,20
+4.820000E-03,20
+4.822000E-03,20
+4.824000E-03,16
+4.826000E-03,16
+4.828000E-03,16
+4.830000E-03,16
+4.832000E-03,16
+4.834000E-03,16
+4.836000E-03,16
+4.838000E-03,16
+4.840000E-03,16
+4.842000E-03,16
+4.844000E-03,16
+4.846000E-03,16
+4.848000E-03,16
+4.850000E-03,16
+4.852000E-03,16
+4.854000E-03,16
+4.856000E-03,16
+4.858000E-03,16
+4.860000E-03,16
+4.862000E-03,16
+4.864000E-03,16
+4.866000E-03,16
+4.868000E-03,16
+4.870000E-03,16
+4.872000E-03,16
+4.874000E-03,16
+4.876000E-03,16
+4.878000E-03,16
+4.880000E-03,20
+4.882000E-03,20
+4.884000E-03,20
+4.886000E-03,20
+4.888000E-03,20
+4.890000E-03,20
+4.892000E-03,20
+4.894000E-03,20
+4.896000E-03,20
+4.898000E-03,20
+4.900000E-03,20
+4.902000E-03,20
+4.904000E-03,20
+4.906000E-03,20
+4.908000E-03,20
+4.910000E-03,20
+4.912000E-03,20
+4.914000E-03,20
+4.916000E-03,20
+4.918000E-03,20
+4.920000E-03,20
+4.922000E-03,20
+4.924000E-03,20
+4.926000E-03,20
+4.928000E-03,20
+4.930000E-03,20
+4.932000E-03,20
+4.934000E-03,20
+4.936000E-03,20
+4.938000E-03,20
+4.940000E-03,20
+4.942000E-03,20
+4.944000E-03,20
+4.946000E-03,20
+4.948000E-03,16
+4.950000E-03,16
+4.952000E-03,16
+4.954000E-03,16
+4.956000E-03,16
+4.958000E-03,16
+4.960000E-03,16
+4.962000E-03,16
+4.964000E-03,16
+4.966000E-03,16
+4.968000E-03,16
+4.970000E-03,16
+4.972000E-03,16
+4.974000E-03,16
+4.976000E-03,16
+4.978000E-03,16
+4.980000E-03,16
+4.982000E-03,16
+4.984000E-03,16
+4.986000E-03,16
+4.988000E-03,16
+4.990000E-03,16
+4.992000E-03,16
+4.994000E-03,16
+4.996000E-03,16
+4.998000E-03,16
+5.000000E-03,16
+5.002000E-03,20
+5.004000E-03,20
+5.006000E-03,20
+5.008000E-03,20
+5.010000E-03,20
+5.012000E-03,20
+5.014000E-03,20
+5.016000E-03,20
+5.018000E-03,20
+5.020000E-03,20
+5.022000E-03,20
+5.024000E-03,20
+5.026000E-03,20
+5.028000E-03,20
+5.030000E-03,20
+5.032000E-03,20
+5.034000E-03,20
+5.036000E-03,20
+5.038000E-03,20
+5.040000E-03,20
+5.042000E-03,20
+5.044000E-03,20
+5.046000E-03,20
+5.048000E-03,20
+5.050000E-03,20
+5.052000E-03,20
+5.054000E-03,20
+5.056000E-03,20
+5.058000E-03,20
+5.060000E-03,20
+5.062000E-03,20
+5.064000E-03,20
+5.066000E-03,16
+5.068000E-03,16
+5.070000E-03,16
+5.072000E-03,16
+5.074000E-03,16
+5.076000E-03,16
+5.078000E-03,16
+5.080000E-03,16
+5.082000E-03,16
+5.084000E-03,16
+5.086000E-03,16
+5.088000E-03,16
+5.090000E-03,16
+5.092000E-03,16
+5.094000E-03,16
+5.096000E-03,16
+5.098000E-03,16
+5.100000E-03,16
+5.102000E-03,16
+5.104000E-03,16
+5.106000E-03,16
+5.108000E-03,16
+5.110000E-03,16
+5.112000E-03,16
+5.114000E-03,16
+5.116000E-03,16
+5.118000E-03,16
+5.120000E-03,16
+5.122000E-03,16
+5.124000E-03,16
+5.126000E-03,20
+5.128000E-03,20
+5.130000E-03,20
+5.132000E-03,20
+5.134000E-03,20
+5.136000E-03,20
+5.138000E-03,20
+5.140000E-03,20
+5.142000E-03,20
+5.144000E-03,20
+5.146000E-03,20
+5.148000E-03,20
+5.150000E-03,20
+5.152000E-03,20
+5.154000E-03,20
+5.156000E-03,20
+5.158000E-03,20
+5.160000E-03,20
+5.162000E-03,20
+5.164000E-03,20
+5.166000E-03,20
+5.168000E-03,20
+5.170000E-03,20
+5.172000E-03,20
+5.174000E-03,20
+5.176000E-03,20
+5.178000E-03,20
+5.180000E-03,20
+5.182000E-03,20
+5.184000E-03,20
+5.186000E-03,20
+5.188000E-03,16
+5.190000E-03,16
+5.192000E-03,16
+5.194000E-03,16
+5.196000E-03,16
+5.198000E-03,16
+5.200000E-03,16
+5.202000E-03,16
+5.204000E-03,16
+5.206000E-03,16
+5.208000E-03,16
+5.210000E-03,16
+5.212000E-03,16
+5.214000E-03,16
+5.216000E-03,16
+5.218000E-03,16
+5.220000E-03,16
+5.222000E-03,16
+5.224000E-03,16
+5.226000E-03,16
+5.228000E-03,16
+5.230000E-03,16
+5.232000E-03,16
+5.234000E-03,16
+5.236000E-03,16
+5.238000E-03,16
+5.240000E-03,16
+5.242000E-03,16
+5.244000E-03,20
+5.246000E-03,20
+5.248000E-03,20
+5.250000E-03,20
+5.252000E-03,20
+5.254000E-03,20
+5.256000E-03,20
+5.258000E-03,20
+5.260000E-03,20
+5.262000E-03,20
+5.264000E-03,20
+5.266000E-03,20
+5.268000E-03,20
+5.270000E-03,20
+5.272000E-03,20
+5.274000E-03,20
+5.276000E-03,20
+5.278000E-03,20
+5.280000E-03,20
+5.282000E-03,20
+5.284000E-03,20
+5.286000E-03,20
+5.288000E-03,20
+5.290000E-03,20
+5.292000E-03,20
+5.294000E-03,20
+5.296000E-03,20
+5.298000E-03,20
+5.300000E-03,20
+5.302000E-03,20
+5.304000E-03,20
+5.306000E-03,20
+5.308000E-03,20
+5.310000E-03,20
+5.312000E-03,16
+5.314000E-03,16
+5.316000E-03,16
+5.318000E-03,16
+5.320000E-03,16
+5.322000E-03,16
+5.324000E-03,16
+5.326000E-03,16
+5.328000E-03,16
+5.330000E-03,16
+5.332000E-03,16
+5.334000E-03,16
+5.336000E-03,16
+5.338000E-03,16
+5.340000E-03,16
+5.342000E-03,16
+5.344000E-03,16
+5.346000E-03,16
+5.348000E-03,16
+5.350000E-03,16
+5.352000E-03,16
+5.354000E-03,16
+5.356000E-03,16
+5.358000E-03,16
+5.360000E-03,16
+5.362000E-03,16
+5.364000E-03,16
+5.366000E-03,16
+5.368000E-03,16
+5.370000E-03,20
+5.372000E-03,20
+5.374000E-03,20
+5.376000E-03,20
+5.378000E-03,20
+5.380000E-03,20
+5.382000E-03,20
+5.384000E-03,20
+5.386000E-03,20
+5.388000E-03,20
+5.390000E-03,20
+5.392000E-03,20
+5.394000E-03,20
+5.396000E-03,20
+5.398000E-03,20
+5.400000E-03,20
+5.402000E-03,20
+5.404000E-03,20
+5.406000E-03,20
+5.408000E-03,20
+5.410000E-03,20
+5.412000E-03,20
+5.414000E-03,20
+5.416000E-03,20
+5.418000E-03,20
+5.420000E-03,20
+5.422000E-03,20
+5.424000E-03,20
+5.426000E-03,20
+5.428000E-03,20
+5.430000E-03,16
+5.432000E-03,16
+5.434000E-03,16
+5.436000E-03,16
+5.438000E-03,16
+5.440000E-03,16
+5.442000E-03,16
+5.444000E-03,16
+5.446000E-03,16
+5.448000E-03,16
+5.450000E-03,16
+5.452000E-03,16
+5.454000E-03,16
+5.456000E-03,16
+5.458000E-03,16
+5.460000E-03,16
+5.462000E-03,16
+5.464000E-03,16
+5.466000E-03,16
+5.468000E-03,16
+5.470000E-03,16
+5.472000E-03,16
+5.474000E-03,16
+5.476000E-03,16
+5.478000E-03,16
+5.480000E-03,16
+5.482000E-03,16
+5.484000E-03,16
+5.486000E-03,16
+5.488000E-03,16
+5.490000E-03,16
+5.492000E-03,20
+5.494000E-03,20
+5.496000E-03,20
+5.498000E-03,20
+5.500000E-03,20
+5.502000E-03,20
+5.504000E-03,20
+5.506000E-03,20
+5.508000E-03,20
+5.510000E-03,20
+5.512000E-03,20
+5.514000E-03,20
+5.516000E-03,20
+5.518000E-03,20
+5.520000E-03,20
+5.522000E-03,20
+5.524000E-03,20
+5.526000E-03,20
+5.528000E-03,20
+5.530000E-03,20
+5.532000E-03,20
+5.534000E-03,20
+5.536000E-03,20
+5.538000E-03,20
+5.540000E-03,20
+5.542000E-03,20
+5.544000E-03,20
+5.546000E-03,20
+5.548000E-03,20
+5.550000E-03,20
+5.552000E-03,20
+5.554000E-03,16
+5.556000E-03,16
+5.558000E-03,16
+5.560000E-03,16
+5.562000E-03,16
+5.564000E-03,16
+5.566000E-03,16
+5.568000E-03,16
+5.570000E-03,16
+5.572000E-03,16
+5.574000E-03,16
+5.576000E-03,16
+5.578000E-03,16
+5.580000E-03,16
+5.582000E-03,16
+5.584000E-03,16
+5.586000E-03,16
+5.588000E-03,16
+5.590000E-03,16
+5.592000E-03,16
+5.594000E-03,16
+5.596000E-03,16
+5.598000E-03,16
+5.600000E-03,16
+5.602000E-03,16
+5.604000E-03,16
+5.606000E-03,16
+5.608000E-03,16
+5.610000E-03,16
+5.612000E-03,16
+5.614000E-03,16
+5.616000E-03,20
+5.618000E-03,20
+5.620000E-03,20
+5.622000E-03,20
+5.624000E-03,20
+5.626000E-03,20
+5.628000E-03,20
+5.630000E-03,20
+5.632000E-03,20
+5.634000E-03,20
+5.636000E-03,20
+5.638000E-03,20
+5.640000E-03,20
+5.642000E-03,20
+5.644000E-03,20
+5.646000E-03,20
+5.648000E-03,20
+5.650000E-03,20
+5.652000E-03,20
+5.654000E-03,20
+5.656000E-03,20
+5.658000E-03,20
+5.660000E-03,20
+5.662000E-03,20
+5.664000E-03,20
+5.666000E-03,20
+5.668000E-03,20
+5.670000E-03,20
+5.672000E-03,16
+5.674000E-03,16
+5.676000E-03,16
+5.678000E-03,16
+5.680000E-03,16
+5.682000E-03,16
+5.684000E-03,16
+5.686000E-03,16
+5.688000E-03,16
+5.690000E-03,16
+5.692000E-03,16
+5.694000E-03,16
+5.696000E-03,16
+5.698000E-03,16
+5.700000E-03,16
+5.702000E-03,16
+5.704000E-03,16
+5.706000E-03,16
+5.708000E-03,16
+5.710000E-03,16
+5.712000E-03,16
+5.714000E-03,16
+5.716000E-03,16
+5.718000E-03,16
+5.720000E-03,16
+5.722000E-03,16
+5.724000E-03,16
+5.726000E-03,16
+5.728000E-03,16
+5.730000E-03,16
+5.732000E-03,16
+5.734000E-03,20
+5.736000E-03,20
+5.738000E-03,20
+5.740000E-03,20
+5.742000E-03,20
+5.744000E-03,20
+5.746000E-03,20
+5.748000E-03,20
+5.750000E-03,20
+5.752000E-03,20
+5.754000E-03,20
+5.756000E-03,20
+5.758000E-03,20
+5.760000E-03,20
+5.762000E-03,20
+5.764000E-03,28
+5.766000E-03,28
+5.768000E-03,28
+5.770000E-03,28
+5.772000E-03,28
+5.774000E-03,28
+5.776000E-03,28
+5.778000E-03,28
+5.780000E-03,28
+5.782000E-03,28
+5.784000E-03,28
+5.786000E-03,28
+5.788000E-03,28
+5.790000E-03,28
+5.792000E-03,28
+5.794000E-03,28
+5.796000E-03,24
+5.798000E-03,24
+5.800000E-03,24
+5.802000E-03,24
+5.804000E-03,24
+5.806000E-03,24
+5.808000E-03,24
+5.810000E-03,24
+5.812000E-03,24
+5.814000E-03,24
+5.816000E-03,24
+5.818000E-03,24
+5.820000E-03,24
+5.822000E-03,24
+5.824000E-03,24
+5.826000E-03,24
+5.828000E-03,24
+5.830000E-03,24
+5.832000E-03,24
+5.834000E-03,24
+5.836000E-03,24
+5.838000E-03,24
+5.840000E-03,24
+5.842000E-03,16
+5.844000E-03,16
+5.846000E-03,16
+5.848000E-03,16
+5.850000E-03,16
+5.852000E-03,16
+5.854000E-03,16
+5.856000E-03,16
+5.858000E-03,20
+5.860000E-03,20
+5.862000E-03,20
+5.864000E-03,20
+5.866000E-03,20
+5.868000E-03,20
+5.870000E-03,20
+5.872000E-03,20
+5.874000E-03,20
+5.876000E-03,20
+5.878000E-03,20
+5.880000E-03,20
+5.882000E-03,20
+5.884000E-03,20
+5.886000E-03,20
+5.888000E-03,20
+5.890000E-03,20
+5.892000E-03,20
+5.894000E-03,20
+5.896000E-03,20
+5.898000E-03,20
+5.900000E-03,20
+5.902000E-03,20
+5.904000E-03,20
+5.906000E-03,20
+5.908000E-03,20
+5.910000E-03,20
+5.912000E-03,20
+5.914000E-03,20
+5.916000E-03,20
+5.918000E-03,16
+5.920000E-03,16
+5.922000E-03,16
+5.924000E-03,16
+5.926000E-03,16
+5.928000E-03,16
+5.930000E-03,16
+5.932000E-03,16
+5.934000E-03,16
+5.936000E-03,16
+5.938000E-03,16
+5.940000E-03,16
+5.942000E-03,16
+5.944000E-03,16
+5.946000E-03,16
+5.948000E-03,16
+5.950000E-03,16
+5.952000E-03,16
+5.954000E-03,16
+5.956000E-03,16
+5.958000E-03,16
+5.960000E-03,16
+5.962000E-03,16
+5.964000E-03,16
+5.966000E-03,16
+5.968000E-03,16
+5.970000E-03,16
+5.972000E-03,16
+5.974000E-03,16
+5.976000E-03,16
+5.978000E-03,16
+5.980000E-03,16
+5.982000E-03,16
+5.984000E-03,16
+5.986000E-03,20
+5.988000E-03,20
+5.990000E-03,20
+5.992000E-03,20
+5.994000E-03,20
+5.996000E-03,20
+5.998000E-03,20
+6.000000E-03,20
+6.002000E-03,20
+6.004000E-03,20
+6.006000E-03,20
+6.008000E-03,20
+6.010000E-03,28
+6.012000E-03,28
+6.014000E-03,28
+6.016000E-03,28
+6.018000E-03,28
+6.020000E-03,28
+6.022000E-03,28
+6.024000E-03,28
+6.026000E-03,28
+6.028000E-03,28
+6.030000E-03,28
+6.032000E-03,28
+6.034000E-03,28
+6.036000E-03,28
+6.038000E-03,28
+6.040000E-03,28
+6.042000E-03,24
+6.044000E-03,24
+6.046000E-03,24
+6.048000E-03,24
+6.050000E-03,24
+6.052000E-03,24
+6.054000E-03,24
+6.056000E-03,24
+6.058000E-03,24
+6.060000E-03,24
+6.062000E-03,24
+6.064000E-03,24
+6.066000E-03,24
+6.068000E-03,24
+6.070000E-03,24
+6.072000E-03,24
+6.074000E-03,24
+6.076000E-03,24
+6.078000E-03,24
+6.080000E-03,24
+6.082000E-03,24
+6.084000E-03,24
+6.086000E-03,24
+6.088000E-03,16
+6.090000E-03,16
+6.092000E-03,16
+6.094000E-03,16
+6.096000E-03,16
+6.098000E-03,16
+6.100000E-03,16
+6.102000E-03,16
+6.104000E-03,20
+6.106000E-03,20
+6.108000E-03,20
+6.110000E-03,20
+6.112000E-03,20
+6.114000E-03,20
+6.116000E-03,20
+6.118000E-03,20
+6.120000E-03,20
+6.122000E-03,20
+6.124000E-03,20
+6.126000E-03,20
+6.128000E-03,20
+6.130000E-03,20
+6.132000E-03,20
+6.134000E-03,20
+6.136000E-03,20
+6.138000E-03,20
+6.140000E-03,20
+6.142000E-03,20
+6.144000E-03,20
+6.146000E-03,20
+6.148000E-03,20
+6.150000E-03,20
+6.152000E-03,20
+6.154000E-03,20
+6.156000E-03,20
+6.158000E-03,20
+6.160000E-03,20
+6.162000E-03,20
+6.164000E-03,16
+6.166000E-03,16
+6.168000E-03,16
+6.170000E-03,16
+6.172000E-03,16
+6.174000E-03,16
+6.176000E-03,16
+6.178000E-03,16
+6.180000E-03,16
+6.182000E-03,16
+6.184000E-03,16
+6.186000E-03,16
+6.188000E-03,16
+6.190000E-03,16
+6.192000E-03,16
+6.194000E-03,16
+6.196000E-03,16
+6.198000E-03,16
+6.200000E-03,16
+6.202000E-03,16
+6.204000E-03,16
+6.206000E-03,16
+6.208000E-03,16
+6.210000E-03,16
+6.212000E-03,16
+6.214000E-03,16
+6.216000E-03,16
+6.218000E-03,16
+6.220000E-03,16
+6.222000E-03,20
+6.224000E-03,20
+6.226000E-03,20
+6.228000E-03,20
+6.230000E-03,20
+6.232000E-03,20
+6.234000E-03,20
+6.236000E-03,20
+6.238000E-03,20
+6.240000E-03,20
+6.242000E-03,20
+6.244000E-03,20
+6.246000E-03,20
+6.248000E-03,20
+6.250000E-03,20
+6.252000E-03,20
+6.254000E-03,20
+6.256000E-03,20
+6.258000E-03,20
+6.260000E-03,20
+6.262000E-03,20
+6.264000E-03,20
+6.266000E-03,20
+6.268000E-03,20
+6.270000E-03,20
+6.272000E-03,20
+6.274000E-03,20
+6.276000E-03,20
+6.278000E-03,20
+6.280000E-03,20
+6.282000E-03,20
+6.284000E-03,20
+6.286000E-03,16
+6.288000E-03,16
+6.290000E-03,16
+6.292000E-03,16
+6.294000E-03,16
+6.296000E-03,16
+6.298000E-03,16
+6.300000E-03,16
+6.302000E-03,16
+6.304000E-03,16
+6.306000E-03,16
+6.308000E-03,16
+6.310000E-03,16
+6.312000E-03,16
+6.314000E-03,16
+6.316000E-03,16
+6.318000E-03,16
+6.320000E-03,16
+6.322000E-03,16
+6.324000E-03,16
+6.326000E-03,16
+6.328000E-03,16
+6.330000E-03,16
+6.332000E-03,16
+6.334000E-03,16
+6.336000E-03,16
+6.338000E-03,16
+6.340000E-03,16
+6.342000E-03,16
+6.344000E-03,16
+6.346000E-03,20
+6.348000E-03,20
+6.350000E-03,20
+6.352000E-03,20
+6.354000E-03,20
+6.356000E-03,20
+6.358000E-03,20
+6.360000E-03,20
+6.362000E-03,20
+6.364000E-03,20
+6.366000E-03,20
+6.368000E-03,20
+6.370000E-03,20
+6.372000E-03,20
+6.374000E-03,20
+6.376000E-03,20
+6.378000E-03,20
+6.380000E-03,20
+6.382000E-03,20
+6.384000E-03,20
+6.386000E-03,20
+6.388000E-03,20
+6.390000E-03,20
+6.392000E-03,20
+6.394000E-03,20
+6.396000E-03,20
+6.398000E-03,20
+6.400000E-03,20
+6.402000E-03,20
+6.404000E-03,20
+6.406000E-03,20
+6.408000E-03,16
+6.410000E-03,16
+6.412000E-03,16
+6.414000E-03,16
+6.416000E-03,16
+6.418000E-03,16
+6.420000E-03,16
+6.422000E-03,16
+6.424000E-03,16
+6.426000E-03,16
+6.428000E-03,16
+6.430000E-03,16
+6.432000E-03,16
+6.434000E-03,16
+6.436000E-03,16
+6.438000E-03,16
+6.440000E-03,16
+6.442000E-03,16
+6.444000E-03,16
+6.446000E-03,16
+6.448000E-03,16
+6.450000E-03,16
+6.452000E-03,16
+6.454000E-03,16
+6.456000E-03,16
+6.458000E-03,16
+6.460000E-03,16
+6.462000E-03,16
+6.464000E-03,16
+6.466000E-03,16
+6.468000E-03,20
+6.470000E-03,20
+6.472000E-03,20
+6.474000E-03,20
+6.476000E-03,20
+6.478000E-03,20
+6.480000E-03,20
+6.482000E-03,20
+6.484000E-03,20
+6.486000E-03,20
+6.488000E-03,20
+6.490000E-03,20
+6.492000E-03,20
+6.494000E-03,20
+6.496000E-03,20
+6.498000E-03,20
+6.500000E-03,20
+6.502000E-03,20
+6.504000E-03,20
+6.506000E-03,20
+6.508000E-03,20
+6.510000E-03,20
+6.512000E-03,20
+6.514000E-03,20
+6.516000E-03,20
+6.518000E-03,20
+6.520000E-03,20
+6.522000E-03,20
+6.524000E-03,20
+6.526000E-03,20
+6.528000E-03,20
+6.530000E-03,20
+6.532000E-03,16
+6.534000E-03,16
+6.536000E-03,16
+6.538000E-03,16
+6.540000E-03,16
+6.542000E-03,16
+6.544000E-03,16
+6.546000E-03,16
+6.548000E-03,16
+6.550000E-03,16
+6.552000E-03,16
+6.554000E-03,16
+6.556000E-03,16
+6.558000E-03,16
+6.560000E-03,16
+6.562000E-03,16
+6.564000E-03,16
+6.566000E-03,16
+6.568000E-03,16
+6.570000E-03,16
+6.572000E-03,16
+6.574000E-03,16
+6.576000E-03,16
+6.578000E-03,16
+6.580000E-03,16
+6.582000E-03,16
+6.584000E-03,16
+6.586000E-03,16
+6.588000E-03,16
+6.590000E-03,20
+6.592000E-03,20
+6.594000E-03,20
+6.596000E-03,20
+6.598000E-03,20
+6.600000E-03,20
+6.602000E-03,20
+6.604000E-03,20
+6.606000E-03,20
+6.608000E-03,20
+6.610000E-03,20
+6.612000E-03,20
+6.614000E-03,20
+6.616000E-03,28
+6.618000E-03,28
+6.620000E-03,28
+6.622000E-03,28
+6.624000E-03,28
+6.626000E-03,28
+6.628000E-03,28
+6.630000E-03,28
+6.632000E-03,28
+6.634000E-03,28
+6.636000E-03,28
+6.638000E-03,28
+6.640000E-03,28
+6.642000E-03,28
+6.644000E-03,28
+6.646000E-03,28
+6.648000E-03,28
+6.650000E-03,24
+6.652000E-03,24
+6.654000E-03,24
+6.656000E-03,24
+6.658000E-03,24
+6.660000E-03,24
+6.662000E-03,24
+6.664000E-03,24
+6.666000E-03,24
+6.668000E-03,24
+6.670000E-03,24
+6.672000E-03,24
+6.674000E-03,24
+6.676000E-03,24
+6.678000E-03,24
+6.680000E-03,24
+6.682000E-03,24
+6.684000E-03,24
+6.686000E-03,24
+6.688000E-03,24
+6.690000E-03,24
+6.692000E-03,24
+6.694000E-03,16
+6.696000E-03,16
+6.698000E-03,16
+6.700000E-03,16
+6.702000E-03,16
+6.704000E-03,16
+6.706000E-03,16
+6.708000E-03,16
+6.710000E-03,20
+6.712000E-03,20
+6.714000E-03,20
+6.716000E-03,20
+6.718000E-03,20
+6.720000E-03,20
+6.722000E-03,20
+6.724000E-03,20
+6.726000E-03,20
+6.728000E-03,20
+6.730000E-03,20
+6.732000E-03,20
+6.734000E-03,20
+6.736000E-03,20
+6.738000E-03,20
+6.740000E-03,20
+6.742000E-03,28
+6.744000E-03,28
+6.746000E-03,28
+6.748000E-03,28
+6.750000E-03,28
+6.752000E-03,28
+6.754000E-03,28
+6.756000E-03,28
+6.758000E-03,28
+6.760000E-03,28
+6.762000E-03,28
+6.764000E-03,28
+6.766000E-03,28
+6.768000E-03,28
+6.770000E-03,28
+6.772000E-03,28
+6.774000E-03,24
+6.776000E-03,24
+6.778000E-03,24
+6.780000E-03,24
+6.782000E-03,24
+6.784000E-03,24
+6.786000E-03,24
+6.788000E-03,24
+6.790000E-03,24
+6.792000E-03,24
+6.794000E-03,24
+6.796000E-03,24
+6.798000E-03,24
+6.800000E-03,24
+6.802000E-03,24
+6.804000E-03,24
+6.806000E-03,24
+6.808000E-03,24
+6.810000E-03,24
+6.812000E-03,24
+6.814000E-03,24
+6.816000E-03,24
+6.818000E-03,24
+6.820000E-03,16
+6.822000E-03,16
+6.824000E-03,16
+6.826000E-03,16
+6.828000E-03,16
+6.830000E-03,16
+6.832000E-03,16
+6.834000E-03,16
+6.836000E-03,20
+6.838000E-03,20
+6.840000E-03,20
+6.842000E-03,20
+6.844000E-03,20
+6.846000E-03,20
+6.848000E-03,20
+6.850000E-03,20
+6.852000E-03,20
+6.854000E-03,20
+6.856000E-03,20
+6.858000E-03,20
+6.860000E-03,20
+6.862000E-03,20
+6.864000E-03,20
+6.866000E-03,20
+6.868000E-03,20
+6.870000E-03,20
+6.872000E-03,20
+6.874000E-03,20
+6.876000E-03,20
+6.878000E-03,20
+6.880000E-03,20
+6.882000E-03,20
+6.884000E-03,20
+6.886000E-03,20
+6.888000E-03,20
+6.890000E-03,20
+6.892000E-03,20
+6.894000E-03,20
+6.896000E-03,16
+6.898000E-03,16
+6.900000E-03,16
+6.902000E-03,16
+6.904000E-03,16
+6.906000E-03,16
+6.908000E-03,16
+6.910000E-03,16
+6.912000E-03,16
+6.914000E-03,16
+6.916000E-03,16
+6.918000E-03,16
+6.920000E-03,16
+6.922000E-03,16
+6.924000E-03,16
+6.926000E-03,16
+6.928000E-03,16
+6.930000E-03,16
+6.932000E-03,16
+6.934000E-03,16
+6.936000E-03,16
+6.938000E-03,16
+6.940000E-03,16
+6.942000E-03,16
+6.944000E-03,16
+6.946000E-03,16
+6.948000E-03,16
+6.950000E-03,16
+6.952000E-03,20
+6.954000E-03,20
+6.956000E-03,20
+6.958000E-03,20
+6.960000E-03,20
+6.962000E-03,20
+6.964000E-03,20
+6.966000E-03,20
+6.968000E-03,20
+6.970000E-03,20
+6.972000E-03,20
+6.974000E-03,20
+6.976000E-03,20
+6.978000E-03,20
+6.980000E-03,20
+6.982000E-03,20
+6.984000E-03,20
+6.986000E-03,20
+6.988000E-03,20
+6.990000E-03,20
+6.992000E-03,20
+6.994000E-03,20
+6.996000E-03,20
+6.998000E-03,20
+7.000000E-03,20
+7.002000E-03,20
+7.004000E-03,20
+7.006000E-03,20
+7.008000E-03,20
+7.010000E-03,20
+7.012000E-03,20
+7.014000E-03,20
+7.016000E-03,20
+7.018000E-03,20
+7.020000E-03,16
+7.022000E-03,16
+7.024000E-03,16
+7.026000E-03,16
+7.028000E-03,16
+7.030000E-03,16
+7.032000E-03,16
+7.034000E-03,16
+7.036000E-03,16
+7.038000E-03,16
+7.040000E-03,16
+7.042000E-03,16
+7.044000E-03,16
+7.046000E-03,16
+7.048000E-03,16
+7.050000E-03,16
+7.052000E-03,16
+7.054000E-03,16
+7.056000E-03,16
+7.058000E-03,16
+7.060000E-03,16
+7.062000E-03,16
+7.064000E-03,16
+7.066000E-03,16
+7.068000E-03,16
+7.070000E-03,16
+7.072000E-03,16
+7.074000E-03,16
+7.076000E-03,20
+7.078000E-03,20
+7.080000E-03,20
+7.082000E-03,20
+7.084000E-03,20
+7.086000E-03,20
+7.088000E-03,20
+7.090000E-03,20
+7.092000E-03,20
+7.094000E-03,20
+7.096000E-03,20
+7.098000E-03,20
+7.100000E-03,20
+7.102000E-03,20
+7.104000E-03,20
+7.106000E-03,20
+7.108000E-03,20
+7.110000E-03,20
+7.112000E-03,20
+7.114000E-03,20
+7.116000E-03,20
+7.118000E-03,20
+7.120000E-03,20
+7.122000E-03,20
+7.124000E-03,20
+7.126000E-03,20
+7.128000E-03,20
+7.130000E-03,20
+7.132000E-03,20
+7.134000E-03,20
+7.136000E-03,16
+7.138000E-03,16
+7.140000E-03,16
+7.142000E-03,16
+7.144000E-03,16
+7.146000E-03,16
+7.148000E-03,16
+7.150000E-03,16
+7.152000E-03,16
+7.154000E-03,16
+7.156000E-03,16
+7.158000E-03,16
+7.160000E-03,16
+7.162000E-03,16
+7.164000E-03,16
+7.166000E-03,16
+7.168000E-03,16
+7.170000E-03,16
+7.172000E-03,16
+7.174000E-03,16
+7.176000E-03,16
+7.178000E-03,16
+7.180000E-03,16
+7.182000E-03,16
+7.184000E-03,16
+7.186000E-03,16
+7.188000E-03,16
+7.190000E-03,16
+7.192000E-03,16
+7.194000E-03,16
+7.196000E-03,16
+7.198000E-03,20
+7.200000E-03,20
+7.202000E-03,20
+7.204000E-03,20
+7.206000E-03,20
+7.208000E-03,20
+7.210000E-03,20
+7.212000E-03,20
+7.214000E-03,20
+7.216000E-03,20
+7.218000E-03,20
+7.220000E-03,20
+7.222000E-03,20
+7.224000E-03,20
+7.226000E-03,20
+7.228000E-03,20
+7.230000E-03,20
+7.232000E-03,20
+7.234000E-03,20
+7.236000E-03,20
+7.238000E-03,20
+7.240000E-03,20
+7.242000E-03,20
+7.244000E-03,20
+7.246000E-03,20
+7.248000E-03,20
+7.250000E-03,20
+7.252000E-03,20
+7.254000E-03,20
+7.256000E-03,20
+7.258000E-03,20
+7.260000E-03,20
+7.262000E-03,16
+7.264000E-03,16
+7.266000E-03,16
+7.268000E-03,16
+7.270000E-03,16
+7.272000E-03,16
+7.274000E-03,16
+7.276000E-03,16
+7.278000E-03,16
+7.280000E-03,16
+7.282000E-03,16
+7.284000E-03,16
+7.286000E-03,16
+7.288000E-03,16
+7.290000E-03,16
+7.292000E-03,16
+7.294000E-03,16
+7.296000E-03,16
+7.298000E-03,16
+7.300000E-03,16
+7.302000E-03,16
+7.304000E-03,16
+7.306000E-03,16
+7.308000E-03,16
+7.310000E-03,16
+7.312000E-03,16
+7.314000E-03,16
+7.316000E-03,16
+7.318000E-03,16
+7.320000E-03,16
+7.322000E-03,16
+7.324000E-03,20
+7.326000E-03,20
+7.328000E-03,20
+7.330000E-03,20
+7.332000E-03,20
+7.334000E-03,20
+7.336000E-03,20
+7.338000E-03,20
+7.340000E-03,20
+7.342000E-03,20
+7.344000E-03,20
+7.346000E-03,20
+7.348000E-03,20
+7.350000E-03,20
+7.352000E-03,20
+7.354000E-03,20
+7.356000E-03,20
+7.358000E-03,20
+7.360000E-03,20
+7.362000E-03,20
+7.364000E-03,20
+7.366000E-03,20
+7.368000E-03,20
+7.370000E-03,20
+7.372000E-03,20
+7.374000E-03,20
+7.376000E-03,20
+7.378000E-03,20
+7.380000E-03,20
+7.382000E-03,20
+7.384000E-03,16
+7.386000E-03,16
+7.388000E-03,16
+7.390000E-03,16
+7.392000E-03,16
+7.394000E-03,16
+7.396000E-03,16
+7.398000E-03,16
+7.400000E-03,16
+7.402000E-03,16
+7.404000E-03,16
+7.406000E-03,16
+7.408000E-03,16
+7.410000E-03,16
+7.412000E-03,16
+7.414000E-03,16
+7.416000E-03,16
+7.418000E-03,16
+7.420000E-03,16
+7.422000E-03,16
+7.424000E-03,16
+7.426000E-03,16
+7.428000E-03,16
+7.430000E-03,16
+7.432000E-03,16
+7.434000E-03,16
+7.436000E-03,16
+7.438000E-03,16
+7.440000E-03,20
+7.442000E-03,20
+7.444000E-03,20
+7.446000E-03,20
+7.448000E-03,20
+7.450000E-03,20
+7.452000E-03,20
+7.454000E-03,20
+7.456000E-03,20
+7.458000E-03,20
+7.460000E-03,20
+7.462000E-03,20
+7.464000E-03,20
+7.466000E-03,20
+7.468000E-03,20
+7.470000E-03,20
+7.472000E-03,20
+7.474000E-03,20
+7.476000E-03,20
+7.478000E-03,20
+7.480000E-03,20
+7.482000E-03,20
+7.484000E-03,20
+7.486000E-03,20
+7.488000E-03,20
+7.490000E-03,20
+7.492000E-03,20
+7.494000E-03,20
+7.496000E-03,20
+7.498000E-03,20
+7.500000E-03,20
+7.502000E-03,20
+7.504000E-03,16
+7.506000E-03,16
+7.508000E-03,16
+7.510000E-03,16
+7.512000E-03,16
+7.514000E-03,16
+7.516000E-03,16
+7.518000E-03,16
+7.520000E-03,16
+7.522000E-03,16
+7.524000E-03,16
+7.526000E-03,16
+7.528000E-03,16
+7.530000E-03,16
+7.532000E-03,16
+7.534000E-03,16
+7.536000E-03,16
+7.538000E-03,16
+7.540000E-03,16
+7.542000E-03,16
+7.544000E-03,16
+7.546000E-03,16
+7.548000E-03,16
+7.550000E-03,16
+7.552000E-03,16
+7.554000E-03,16
+7.556000E-03,16
+7.558000E-03,16
+7.560000E-03,16
+7.562000E-03,16
+7.564000E-03,16
+7.566000E-03,20
+7.568000E-03,20
+7.570000E-03,20
+7.572000E-03,20
+7.574000E-03,20
+7.576000E-03,20
+7.578000E-03,20
+7.580000E-03,20
+7.582000E-03,20
+7.584000E-03,20
+7.586000E-03,20
+7.588000E-03,20
+7.590000E-03,20
+7.592000E-03,20
+7.594000E-03,20
+7.596000E-03,20
+7.598000E-03,20
+7.600000E-03,20
+7.602000E-03,20
+7.604000E-03,20
+7.606000E-03,20
+7.608000E-03,20
+7.610000E-03,20
+7.612000E-03,20
+7.614000E-03,20
+7.616000E-03,20
+7.618000E-03,20
+7.620000E-03,20
+7.622000E-03,20
+7.624000E-03,20
+7.626000E-03,16
+7.628000E-03,16
+7.630000E-03,16
+7.632000E-03,16
+7.634000E-03,16
+7.636000E-03,16
+7.638000E-03,16
+7.640000E-03,16
+7.642000E-03,16
+7.644000E-03,16
+7.646000E-03,16
+7.648000E-03,16
+7.650000E-03,16
+7.652000E-03,16
+7.654000E-03,16
+7.656000E-03,16
+7.658000E-03,16
+7.660000E-03,16
+7.662000E-03,16
+7.664000E-03,16
+7.666000E-03,16
+7.668000E-03,16
+7.670000E-03,16
+7.672000E-03,16
+7.674000E-03,16
+7.676000E-03,16
+7.678000E-03,16
+7.680000E-03,16
+7.682000E-03,16
+7.684000E-03,16
+7.686000E-03,16
+7.688000E-03,20
+7.690000E-03,20
+7.692000E-03,20
+7.694000E-03,20
+7.696000E-03,20
+7.698000E-03,20
+7.700000E-03,20
+7.702000E-03,20
+7.704000E-03,20
+7.706000E-03,20
+7.708000E-03,20
+7.710000E-03,20
+7.712000E-03,20
+7.714000E-03,20
+7.716000E-03,20
+7.718000E-03,20
+7.720000E-03,20
+7.722000E-03,20
+7.724000E-03,20
+7.726000E-03,20
+7.728000E-03,20
+7.730000E-03,20
+7.732000E-03,20
+7.734000E-03,20
+7.736000E-03,20
+7.738000E-03,20
+7.740000E-03,20
+7.742000E-03,20
+7.744000E-03,20
+7.746000E-03,20
+7.748000E-03,20
+7.750000E-03,20
+7.752000E-03,16
+7.754000E-03,16
+7.756000E-03,16
+7.758000E-03,16
+7.760000E-03,16
+7.762000E-03,16
+7.764000E-03,16
+7.766000E-03,16
+7.768000E-03,16
+7.770000E-03,16
+7.772000E-03,16
+7.774000E-03,16
+7.776000E-03,16
+7.778000E-03,16
+7.780000E-03,16
+7.782000E-03,16
+7.784000E-03,16
+7.786000E-03,16
+7.788000E-03,16
+7.790000E-03,16
+7.792000E-03,16
+7.794000E-03,16
+7.796000E-03,16
+7.798000E-03,16
+7.800000E-03,16
+7.802000E-03,16
+7.804000E-03,16
+7.806000E-03,16
+7.808000E-03,20
+7.810000E-03,20
+7.812000E-03,20
+7.814000E-03,20
+7.816000E-03,20
+7.818000E-03,20
+7.820000E-03,20
+7.822000E-03,20
+7.824000E-03,20
+7.826000E-03,20
+7.828000E-03,20
+7.830000E-03,20
+7.832000E-03,20
+7.834000E-03,20
+7.836000E-03,20
+7.838000E-03,20
+7.840000E-03,20
+7.842000E-03,20
+7.844000E-03,20
+7.846000E-03,20
+7.848000E-03,20
+7.850000E-03,20
+7.852000E-03,20
+7.854000E-03,20
+7.856000E-03,20
+7.858000E-03,20
+7.860000E-03,20
+7.862000E-03,20
+7.864000E-03,20
+7.866000E-03,20
+7.868000E-03,20
+7.870000E-03,16
+7.872000E-03,16
+7.874000E-03,16
+7.876000E-03,16
+7.878000E-03,16
+7.880000E-03,16
+7.882000E-03,16
+7.884000E-03,16
+7.886000E-03,16
+7.888000E-03,16
+7.890000E-03,16
+7.892000E-03,16
+7.894000E-03,16
+7.896000E-03,16
+7.898000E-03,16
+7.900000E-03,16
+7.902000E-03,16
+7.904000E-03,16
+7.906000E-03,16
+7.908000E-03,16
+7.910000E-03,16
+7.912000E-03,16
+7.914000E-03,16
+7.916000E-03,16
+7.918000E-03,16
+7.920000E-03,16
+7.922000E-03,16
+7.924000E-03,16
+7.926000E-03,16
+7.928000E-03,16
+7.930000E-03,20
+7.932000E-03,20
+7.934000E-03,20
+7.936000E-03,20
+7.938000E-03,20
+7.940000E-03,20
+7.942000E-03,20
+7.944000E-03,20
+7.946000E-03,20
+7.948000E-03,20
+7.950000E-03,20
+7.952000E-03,20
+7.954000E-03,20
+7.956000E-03,20
+7.958000E-03,20
+7.960000E-03,20
+7.962000E-03,20
+7.964000E-03,20
+7.966000E-03,20
+7.968000E-03,20
+7.970000E-03,20
+7.972000E-03,20
+7.974000E-03,20
+7.976000E-03,20
+7.978000E-03,20
+7.980000E-03,20
+7.982000E-03,20
+7.984000E-03,20
+7.986000E-03,20
+7.988000E-03,20
+7.990000E-03,20
+7.992000E-03,20
+7.994000E-03,16
+7.996000E-03,16
+7.998000E-03,16
+8.000000E-03,16
+8.002000E-03,16
+8.004000E-03,16
+8.006000E-03,16
+8.008000E-03,16
+8.010000E-03,16
+8.012000E-03,16
+8.014000E-03,16
+8.016000E-03,16
+8.018000E-03,16
+8.020000E-03,16
+8.022000E-03,16
+8.024000E-03,16
+8.026000E-03,16
+8.028000E-03,16
+8.030000E-03,16
+8.032000E-03,16
+8.034000E-03,16
+8.036000E-03,16
+8.038000E-03,16
+8.040000E-03,16
+8.042000E-03,16
+8.044000E-03,16
+8.046000E-03,16
+8.048000E-03,16
+8.050000E-03,16
+8.052000E-03,16
+8.054000E-03,20
+8.056000E-03,20
+8.058000E-03,20
+8.060000E-03,20
+8.062000E-03,20
+8.064000E-03,20
+8.066000E-03,20
+8.068000E-03,20
+8.070000E-03,20
+8.072000E-03,20
+8.074000E-03,20
+8.076000E-03,20
+8.078000E-03,20
+8.080000E-03,20
+8.082000E-03,20
+8.084000E-03,20
+8.086000E-03,20
+8.088000E-03,20
+8.090000E-03,20
+8.092000E-03,20
+8.094000E-03,20
+8.096000E-03,20
+8.098000E-03,20
+8.100000E-03,20
+8.102000E-03,20
+8.104000E-03,20
+8.106000E-03,20
+8.108000E-03,20
+8.110000E-03,20
+8.112000E-03,20
+8.114000E-03,16
+8.116000E-03,16
+8.118000E-03,16
+8.120000E-03,16
+8.122000E-03,16
+8.124000E-03,16
+8.126000E-03,16
+8.128000E-03,16
+8.130000E-03,16
+8.132000E-03,16
+8.134000E-03,16
+8.136000E-03,16
+8.138000E-03,16
+8.140000E-03,16
+8.142000E-03,16
+8.144000E-03,16
+8.146000E-03,16
+8.148000E-03,16
+8.150000E-03,16
+8.152000E-03,16
+8.154000E-03,16
+8.156000E-03,16
+8.158000E-03,16
+8.160000E-03,16
+8.162000E-03,16
+8.164000E-03,16
+8.166000E-03,16
+8.168000E-03,16
+8.170000E-03,16
+8.172000E-03,16
+8.174000E-03,16
+8.176000E-03,20
+8.178000E-03,20
+8.180000E-03,20
+8.182000E-03,20
+8.184000E-03,20
+8.186000E-03,20
+8.188000E-03,20
+8.190000E-03,20
+8.192000E-03,20
+8.194000E-03,20
+8.196000E-03,20
+8.198000E-03,20
+8.200000E-03,20
+8.202000E-03,20
+8.204000E-03,20
+8.206000E-03,20
+8.208000E-03,20
+8.210000E-03,20
+8.212000E-03,20
+8.214000E-03,20
+8.216000E-03,20
+8.218000E-03,20
+8.220000E-03,20
+8.222000E-03,20
+8.224000E-03,20
+8.226000E-03,20
+8.228000E-03,20
+8.230000E-03,20
+8.232000E-03,20
+8.234000E-03,20
+8.236000E-03,20
+8.238000E-03,20
+8.240000E-03,16
+8.242000E-03,16
+8.244000E-03,16
+8.246000E-03,16
+8.248000E-03,16
+8.250000E-03,16
+8.252000E-03,16
+8.254000E-03,16
+8.256000E-03,16
+8.258000E-03,16
+8.260000E-03,16
+8.262000E-03,16
+8.264000E-03,16
+8.266000E-03,16
+8.268000E-03,16
+8.270000E-03,16
+8.272000E-03,16
+8.274000E-03,16
+8.276000E-03,16
+8.278000E-03,16
+8.280000E-03,16
+8.282000E-03,16
+8.284000E-03,16
+8.286000E-03,16
+8.288000E-03,16
+8.290000E-03,16
+8.292000E-03,16
+8.294000E-03,16
+8.296000E-03,16
+8.298000E-03,20
+8.300000E-03,20
+8.302000E-03,20
+8.304000E-03,20
+8.306000E-03,20
+8.308000E-03,20
+8.310000E-03,20
+8.312000E-03,20
+8.314000E-03,20
+8.316000E-03,20
+8.318000E-03,20
+8.320000E-03,20
+8.322000E-03,20
+8.324000E-03,20
+8.326000E-03,20
+8.328000E-03,20
+8.330000E-03,20
+8.332000E-03,20
+8.334000E-03,20
+8.336000E-03,20
+8.338000E-03,20
+8.340000E-03,20
+8.342000E-03,20
+8.344000E-03,20
+8.346000E-03,20
+8.348000E-03,20
+8.350000E-03,20
+8.352000E-03,20
+8.354000E-03,20
+8.356000E-03,20
+8.358000E-03,16
+8.360000E-03,16
+8.362000E-03,16
+8.364000E-03,16
+8.366000E-03,16
+8.368000E-03,16
+8.370000E-03,16
+8.372000E-03,16
+8.374000E-03,16
+8.376000E-03,16
+8.378000E-03,16
+8.380000E-03,16
+8.382000E-03,16
+8.384000E-03,16
+8.386000E-03,16
+8.388000E-03,16
+8.390000E-03,16
+8.392000E-03,16
+8.394000E-03,16
+8.396000E-03,16
+8.398000E-03,16
+8.400000E-03,16
+8.402000E-03,16
+8.404000E-03,16
+8.406000E-03,16
+8.408000E-03,16
+8.410000E-03,16
+8.412000E-03,16
+8.414000E-03,16
+8.416000E-03,16
+8.418000E-03,20
+8.420000E-03,20
+8.422000E-03,20
+8.424000E-03,20
+8.426000E-03,20
+8.428000E-03,20
+8.430000E-03,20
+8.432000E-03,20
+8.434000E-03,20
+8.436000E-03,20
+8.438000E-03,20
+8.440000E-03,20
+8.442000E-03,20
+8.444000E-03,20
+8.446000E-03,20
+8.448000E-03,20
+8.450000E-03,20
+8.452000E-03,20
+8.454000E-03,20
+8.456000E-03,20
+8.458000E-03,20
+8.460000E-03,20
+8.462000E-03,20
+8.464000E-03,20
+8.466000E-03,20
+8.468000E-03,20
+8.470000E-03,20
+8.472000E-03,20
+8.474000E-03,20
+8.476000E-03,20
+8.478000E-03,20
+8.480000E-03,20
+8.482000E-03,16
+8.484000E-03,16
+8.486000E-03,16
+8.488000E-03,16
+8.490000E-03,16
+8.492000E-03,16
+8.494000E-03,16
+8.496000E-03,16
+8.498000E-03,16
+8.500000E-03,16
+8.502000E-03,16
+8.504000E-03,16
+8.506000E-03,16
+8.508000E-03,16
+8.510000E-03,16
+8.512000E-03,16
+8.514000E-03,16
+8.516000E-03,16
+8.518000E-03,16
+8.520000E-03,16
+8.522000E-03,16
+8.524000E-03,16
+8.526000E-03,16
+8.528000E-03,16
+8.530000E-03,16
+8.532000E-03,16
+8.534000E-03,16
+8.536000E-03,16
+8.538000E-03,16
+8.540000E-03,16
+8.542000E-03,16
+8.544000E-03,20
+8.546000E-03,20
+8.548000E-03,20
+8.550000E-03,20
+8.552000E-03,20
+8.554000E-03,20
+8.556000E-03,20
+8.558000E-03,20
+8.560000E-03,20
+8.562000E-03,20
+8.564000E-03,20
+8.566000E-03,20
+8.568000E-03,20
+8.570000E-03,20
+8.572000E-03,20
+8.574000E-03,20
+8.576000E-03,20
+8.578000E-03,20
+8.580000E-03,20
+8.582000E-03,20
+8.584000E-03,20
+8.586000E-03,20
+8.588000E-03,20
+8.590000E-03,20
+8.592000E-03,20
+8.594000E-03,20
+8.596000E-03,20
+8.598000E-03,20
+8.600000E-03,20
+8.602000E-03,20
+8.604000E-03,16
+8.606000E-03,16
+8.608000E-03,16
+8.610000E-03,16
+8.612000E-03,16
+8.614000E-03,16
+8.616000E-03,16
+8.618000E-03,16
+8.620000E-03,16
+8.622000E-03,16
+8.624000E-03,16
+8.626000E-03,16
+8.628000E-03,16
+8.630000E-03,16
+8.632000E-03,16
+8.634000E-03,16
+8.636000E-03,16
+8.638000E-03,16
+8.640000E-03,16
+8.642000E-03,16
+8.644000E-03,16
+8.646000E-03,16
+8.648000E-03,16
+8.650000E-03,16
+8.652000E-03,16
+8.654000E-03,16
+8.656000E-03,16
+8.658000E-03,16
+8.660000E-03,16
+8.662000E-03,20
+8.664000E-03,20
+8.666000E-03,20
+8.668000E-03,20
+8.670000E-03,20
+8.672000E-03,20
+8.674000E-03,20
+8.676000E-03,20
+8.678000E-03,20
+8.680000E-03,20
+8.682000E-03,20
+8.684000E-03,20
+8.686000E-03,20
+8.688000E-03,20
+8.690000E-03,20
+8.692000E-03,20
+8.694000E-03,20
+8.696000E-03,20
+8.698000E-03,20
+8.700000E-03,20
+8.702000E-03,20
+8.704000E-03,20
+8.706000E-03,20
+8.708000E-03,20
+8.710000E-03,20
+8.712000E-03,20
+8.714000E-03,20
+8.716000E-03,20
+8.718000E-03,20
+8.720000E-03,20
+8.722000E-03,20
+8.724000E-03,20
+8.726000E-03,16
+8.728000E-03,16
+8.730000E-03,16
+8.732000E-03,16
+8.734000E-03,16
+8.736000E-03,16
+8.738000E-03,16
+8.740000E-03,16
+8.742000E-03,16
+8.744000E-03,16
+8.746000E-03,16
+8.748000E-03,16
+8.750000E-03,16
+8.752000E-03,16
+8.754000E-03,16
+8.756000E-03,16
+8.758000E-03,16
+8.760000E-03,16
+8.762000E-03,16
+8.764000E-03,16
+8.766000E-03,16
+8.768000E-03,16
+8.770000E-03,16
+8.772000E-03,16
+8.774000E-03,16
+8.776000E-03,16
+8.778000E-03,16
+8.780000E-03,16
+8.782000E-03,16
+8.784000E-03,16
+8.786000E-03,20
+8.788000E-03,20
+8.790000E-03,20
+8.792000E-03,20
+8.794000E-03,20
+8.796000E-03,20
+8.798000E-03,20
+8.800000E-03,20
+8.802000E-03,20
+8.804000E-03,20
+8.806000E-03,20
+8.808000E-03,20
+8.810000E-03,20
+8.812000E-03,20
+8.814000E-03,20
+8.816000E-03,20
+8.818000E-03,20
+8.820000E-03,20
+8.822000E-03,20
+8.824000E-03,20
+8.826000E-03,20
+8.828000E-03,20
+8.830000E-03,20
+8.832000E-03,20
+8.834000E-03,20
+8.836000E-03,20
+8.838000E-03,20
+8.840000E-03,20
+8.842000E-03,20
+8.844000E-03,20
+8.846000E-03,20
+8.848000E-03,16
+8.850000E-03,16
+8.852000E-03,16
+8.854000E-03,16
+8.856000E-03,16
+8.858000E-03,16
+8.860000E-03,16
+8.862000E-03,16
+8.864000E-03,16
+8.866000E-03,16
+8.868000E-03,16
+8.870000E-03,16
+8.872000E-03,16
+8.874000E-03,16
+8.876000E-03,16
+8.878000E-03,16
+8.880000E-03,16
+8.882000E-03,16
+8.884000E-03,16
+8.886000E-03,16
+8.888000E-03,16
+8.890000E-03,16
+8.892000E-03,16
+8.894000E-03,16
+8.896000E-03,16
+8.898000E-03,16
+8.900000E-03,16
+8.902000E-03,16
+8.904000E-03,16
+8.906000E-03,16
+8.908000E-03,20
+8.910000E-03,20
+8.912000E-03,20
+8.914000E-03,20
+8.916000E-03,20
+8.918000E-03,20
+8.920000E-03,20
+8.922000E-03,20
+8.924000E-03,20
+8.926000E-03,20
+8.928000E-03,20
+8.930000E-03,20
+8.932000E-03,20
+8.934000E-03,20
+8.936000E-03,20
+8.938000E-03,20
+8.940000E-03,20
+8.942000E-03,20
+8.944000E-03,20
+8.946000E-03,20
+8.948000E-03,20
+8.950000E-03,20
+8.952000E-03,20
+8.954000E-03,20
+8.956000E-03,20
+8.958000E-03,20
+8.960000E-03,20
+8.962000E-03,20
+8.964000E-03,20
+8.966000E-03,20
+8.968000E-03,20
+8.970000E-03,20
+8.972000E-03,16
+8.974000E-03,16
+8.976000E-03,16
+8.978000E-03,16
+8.980000E-03,16
+8.982000E-03,16
+8.984000E-03,16
+8.986000E-03,16
+8.988000E-03,16
+8.990000E-03,16
+8.992000E-03,16
+8.994000E-03,16
+8.996000E-03,16
+8.998000E-03,16
+9.000000E-03,16
+9.002000E-03,16
+9.004000E-03,16
+9.006000E-03,16
+9.008000E-03,16
+9.010000E-03,16
+9.012000E-03,16
+9.014000E-03,16
+9.016000E-03,16
+9.018000E-03,16
+9.020000E-03,16
+9.022000E-03,16
+9.024000E-03,16
+9.026000E-03,16
+9.028000E-03,16
+9.030000E-03,20
+9.032000E-03,20
+9.034000E-03,20
+9.036000E-03,20
+9.038000E-03,20
+9.040000E-03,20
+9.042000E-03,20
+9.044000E-03,20
+9.046000E-03,20
+9.048000E-03,20
+9.050000E-03,20
+9.052000E-03,20
+9.054000E-03,20
+9.056000E-03,20
+9.058000E-03,20
+9.060000E-03,20
+9.062000E-03,20
+9.064000E-03,20
+9.066000E-03,20
+9.068000E-03,20
+9.070000E-03,20
+9.072000E-03,20
+9.074000E-03,20
+9.076000E-03,20
+9.078000E-03,20
+9.080000E-03,20
+9.082000E-03,20
+9.084000E-03,20
+9.086000E-03,20
+9.088000E-03,16
+9.090000E-03,16
+9.092000E-03,16
+9.094000E-03,16
+9.096000E-03,16
+9.098000E-03,16
+9.100000E-03,16
+9.102000E-03,16
+9.104000E-03,16
+9.106000E-03,16
+9.108000E-03,16
+9.110000E-03,16
+9.112000E-03,16
+9.114000E-03,16
+9.116000E-03,16
+9.118000E-03,16
+9.120000E-03,16
+9.122000E-03,16
+9.124000E-03,16
+9.126000E-03,16
+9.128000E-03,16
+9.130000E-03,16
+9.132000E-03,16
+9.134000E-03,16
+9.136000E-03,16
+9.138000E-03,16
+9.140000E-03,16
+9.142000E-03,16
+9.144000E-03,16
+9.146000E-03,16
+9.148000E-03,16
+9.150000E-03,20
+9.152000E-03,20
+9.154000E-03,20
+9.156000E-03,20
+9.158000E-03,20
+9.160000E-03,20
+9.162000E-03,20
+9.164000E-03,20
+9.166000E-03,20
+9.168000E-03,20
+9.170000E-03,20
+9.172000E-03,20
+9.174000E-03,20
+9.176000E-03,20
+9.178000E-03,20
+9.180000E-03,20
+9.182000E-03,20
+9.184000E-03,20
+9.186000E-03,20
+9.188000E-03,20
+9.190000E-03,20
+9.192000E-03,20
+9.194000E-03,20
+9.196000E-03,20
+9.198000E-03,20
+9.200000E-03,20
+9.202000E-03,20
+9.204000E-03,20
+9.206000E-03,20
+9.208000E-03,20
+9.210000E-03,20
+9.212000E-03,20
+9.214000E-03,16
+9.216000E-03,16
+9.218000E-03,16
+9.220000E-03,16
+9.222000E-03,16
+9.224000E-03,16
+9.226000E-03,16
+9.228000E-03,16
+9.230000E-03,16
+9.232000E-03,16
+9.234000E-03,16
+9.236000E-03,16
+9.238000E-03,16
+9.240000E-03,16
+9.242000E-03,16
+9.244000E-03,16
+9.246000E-03,16
+9.248000E-03,16
+9.250000E-03,16
+9.252000E-03,16
+9.254000E-03,16
+9.256000E-03,16
+9.258000E-03,16
+9.260000E-03,16
+9.262000E-03,16
+9.264000E-03,16
+9.266000E-03,16
+9.268000E-03,16
+9.270000E-03,16
+9.272000E-03,16
+9.274000E-03,16
+9.276000E-03,20
+9.278000E-03,20
+9.280000E-03,20
+9.282000E-03,20
+9.284000E-03,20
+9.286000E-03,20
+9.288000E-03,20
+9.290000E-03,20
+9.292000E-03,20
+9.294000E-03,20
+9.296000E-03,20
+9.298000E-03,20
+9.300000E-03,20
+9.302000E-03,20
+9.304000E-03,20
+9.306000E-03,20
+9.308000E-03,20
+9.310000E-03,20
+9.312000E-03,20
+9.314000E-03,20
+9.316000E-03,20
+9.318000E-03,20
+9.320000E-03,20
+9.322000E-03,20
+9.324000E-03,20
+9.326000E-03,20
+9.328000E-03,20
+9.330000E-03,20
+9.332000E-03,20
+9.334000E-03,20
+9.336000E-03,16
+9.338000E-03,16
+9.340000E-03,16
+9.342000E-03,16
+9.344000E-03,16
+9.346000E-03,16
+9.348000E-03,16
+9.350000E-03,16
+9.352000E-03,16
+9.354000E-03,16
+9.356000E-03,16
+9.358000E-03,16
+9.360000E-03,16
+9.362000E-03,16
+9.364000E-03,16
+9.366000E-03,16
+9.368000E-03,16
+9.370000E-03,16
+9.372000E-03,16
+9.374000E-03,16
+9.376000E-03,16
+9.378000E-03,16
+9.380000E-03,16
+9.382000E-03,16
+9.384000E-03,16
+9.386000E-03,16
+9.388000E-03,16
+9.390000E-03,16
+9.392000E-03,20
+9.394000E-03,20
+9.396000E-03,20
+9.398000E-03,20
+9.400000E-03,20
+9.402000E-03,20
+9.404000E-03,20
+9.406000E-03,20
+9.408000E-03,20
+9.410000E-03,20
+9.412000E-03,20
+9.414000E-03,20
+9.416000E-03,20
+9.418000E-03,20
+9.420000E-03,20
+9.422000E-03,20
+9.424000E-03,20
+9.426000E-03,20
+9.428000E-03,20
+9.430000E-03,20
+9.432000E-03,20
+9.434000E-03,20
+9.436000E-03,20
+9.438000E-03,20
+9.440000E-03,20
+9.442000E-03,20
+9.444000E-03,20
+9.446000E-03,20
+9.448000E-03,20
+9.450000E-03,20
+9.452000E-03,20
+9.454000E-03,20
+9.456000E-03,20
+9.458000E-03,20
+9.460000E-03,16
+9.462000E-03,16
+9.464000E-03,16
+9.466000E-03,16
+9.468000E-03,16
+9.470000E-03,16
+9.472000E-03,16
+9.474000E-03,16
+9.476000E-03,16
+9.478000E-03,16
+9.480000E-03,16
+9.482000E-03,16
+9.484000E-03,16
+9.486000E-03,16
+9.488000E-03,16
+9.490000E-03,16
+9.492000E-03,16
+9.494000E-03,16
+9.496000E-03,16
+9.498000E-03,16
+9.500000E-03,16
+9.502000E-03,16
+9.504000E-03,16
+9.506000E-03,16
+9.508000E-03,16
+9.510000E-03,16
+9.512000E-03,16
+9.514000E-03,16
+9.516000E-03,16
+9.518000E-03,20
+9.520000E-03,20
+9.522000E-03,20
+9.524000E-03,20
+9.526000E-03,20
+9.528000E-03,20
+9.530000E-03,20
+9.532000E-03,20
+9.534000E-03,20
+9.536000E-03,20
+9.538000E-03,20
+9.540000E-03,20
+9.542000E-03,20
+9.544000E-03,20
+9.546000E-03,28
+9.548000E-03,28
+9.550000E-03,28
+9.552000E-03,28
+9.554000E-03,28
+9.556000E-03,28
+9.558000E-03,28
+9.560000E-03,28
+9.562000E-03,28
+9.564000E-03,28
+9.566000E-03,28
+9.568000E-03,28
+9.570000E-03,28
+9.572000E-03,28
+9.574000E-03,28
+9.576000E-03,28
+9.578000E-03,24
+9.580000E-03,24
+9.582000E-03,24
+9.584000E-03,24
+9.586000E-03,24
+9.588000E-03,24
+9.590000E-03,24
+9.592000E-03,24
+9.594000E-03,24
+9.596000E-03,24
+9.598000E-03,24
+9.600000E-03,24
+9.602000E-03,24
+9.604000E-03,24
+9.606000E-03,24
+9.608000E-03,24
+9.610000E-03,24
+9.612000E-03,24
+9.614000E-03,24
+9.616000E-03,24
+9.618000E-03,24
+9.620000E-03,24
+9.622000E-03,16
+9.624000E-03,16
+9.626000E-03,16
+9.628000E-03,16
+9.630000E-03,16
+9.632000E-03,16
+9.634000E-03,16
+9.636000E-03,16
+9.638000E-03,20
+9.640000E-03,20
+9.642000E-03,20
+9.644000E-03,20
+9.646000E-03,20
+9.648000E-03,20
+9.650000E-03,20
+9.652000E-03,20
+9.654000E-03,20
+9.656000E-03,20
+9.658000E-03,20
+9.660000E-03,20
+9.662000E-03,20
+9.664000E-03,20
+9.666000E-03,20
+9.668000E-03,20
+9.670000E-03,20
+9.672000E-03,20
+9.674000E-03,20
+9.676000E-03,20
+9.678000E-03,20
+9.680000E-03,20
+9.682000E-03,20
+9.684000E-03,20
+9.686000E-03,20
+9.688000E-03,20
+9.690000E-03,20
+9.692000E-03,20
+9.694000E-03,20
+9.696000E-03,20
+9.698000E-03,20
+9.700000E-03,20
+9.702000E-03,16
+9.704000E-03,16
+9.706000E-03,16
+9.708000E-03,16
+9.710000E-03,16
+9.712000E-03,16
+9.714000E-03,16
+9.716000E-03,16
+9.718000E-03,16
+9.720000E-03,16
+9.722000E-03,16
+9.724000E-03,16
+9.726000E-03,16
+9.728000E-03,16
+9.730000E-03,16
+9.732000E-03,16
+9.734000E-03,16
+9.736000E-03,16
+9.738000E-03,16
+9.740000E-03,16
+9.742000E-03,16
+9.744000E-03,16
+9.746000E-03,16
+9.748000E-03,16
+9.750000E-03,16
+9.752000E-03,16
+9.754000E-03,16
+9.756000E-03,16
+9.758000E-03,16
+9.760000E-03,16
+9.762000E-03,16
+9.764000E-03,20
+9.766000E-03,20
+9.768000E-03,20
+9.770000E-03,20
+9.772000E-03,20
+9.774000E-03,20
+9.776000E-03,20
+9.778000E-03,20
+9.780000E-03,20
+9.782000E-03,20
+9.784000E-03,20
+9.786000E-03,20
+9.788000E-03,20
+9.790000E-03,20
+9.792000E-03,20
+9.794000E-03,20
+9.796000E-03,20
+9.798000E-03,20
+9.800000E-03,20
+9.802000E-03,20
+9.804000E-03,20
+9.806000E-03,20
+9.808000E-03,20
+9.810000E-03,20
+9.812000E-03,20
+9.814000E-03,20
+9.816000E-03,20
+9.818000E-03,20
+9.820000E-03,20
+9.822000E-03,20
+9.824000E-03,16
+9.826000E-03,16
+9.828000E-03,16
+9.830000E-03,16
+9.832000E-03,16
+9.834000E-03,16
+9.836000E-03,16
+9.838000E-03,16
+9.840000E-03,16
+9.842000E-03,16
+9.844000E-03,16
+9.846000E-03,16
+9.848000E-03,16
+9.850000E-03,16
+9.852000E-03,16
+9.854000E-03,16
+9.856000E-03,16
+9.858000E-03,16
+9.860000E-03,16
+9.862000E-03,16
+9.864000E-03,16
+9.866000E-03,16
+9.868000E-03,16
+9.870000E-03,16
+9.872000E-03,16
+9.874000E-03,16
+9.876000E-03,16
+9.878000E-03,16
+9.880000E-03,16
+9.882000E-03,20
+9.884000E-03,20
+9.886000E-03,20
+9.888000E-03,20
+9.890000E-03,20
+9.892000E-03,20
+9.894000E-03,20
+9.896000E-03,20
+9.898000E-03,20
+9.900000E-03,20
+9.902000E-03,20
+9.904000E-03,20
+9.906000E-03,20
+9.908000E-03,20
+9.910000E-03,20
+9.912000E-03,20
+9.914000E-03,20
+9.916000E-03,20
+9.918000E-03,20
+9.920000E-03,20
+9.922000E-03,20
+9.924000E-03,20
+9.926000E-03,20
+9.928000E-03,20
+9.930000E-03,20
+9.932000E-03,20
+9.934000E-03,20
+9.936000E-03,20
+9.938000E-03,20
+9.940000E-03,20
+9.942000E-03,20
+9.944000E-03,20
+9.946000E-03,16
+9.948000E-03,16
+9.950000E-03,16
+9.952000E-03,16
+9.954000E-03,16
+9.956000E-03,16
+9.958000E-03,16
+9.960000E-03,16
+9.962000E-03,16
+9.964000E-03,16
+9.966000E-03,16
+9.968000E-03,16
+9.970000E-03,16
+9.972000E-03,16
+9.974000E-03,16
+9.976000E-03,16
+9.978000E-03,16
+9.980000E-03,16
+9.982000E-03,16
+9.984000E-03,16
+9.986000E-03,16
+9.988000E-03,16
+9.990000E-03,16
+9.992000E-03,16
+9.994000E-03,16
+9.996000E-03,16
+9.998000E-03,16
+10.000000E-03,16
+10.002000E-03,16
+10.004000E-03,16
+10.006000E-03,20
+10.008000E-03,20
+10.010000E-03,20
+10.012000E-03,20
+10.014000E-03,20
+10.016000E-03,20
+10.018000E-03,20
+10.020000E-03,20
+10.022000E-03,20
+10.024000E-03,20
+10.026000E-03,20
+10.028000E-03,20
+10.030000E-03,20
+10.032000E-03,20
+10.034000E-03,20
+10.036000E-03,20
+10.038000E-03,20
+10.040000E-03,20
+10.042000E-03,20
+10.044000E-03,20
+10.046000E-03,20
+10.048000E-03,20
+10.050000E-03,20
+10.052000E-03,20
+10.054000E-03,20
+10.056000E-03,20
+10.058000E-03,20
+10.060000E-03,20
+10.062000E-03,20
+10.064000E-03,20
+10.066000E-03,20
+10.068000E-03,20
+10.070000E-03,20
+10.072000E-03,16
+10.074000E-03,16
+10.076000E-03,16
+10.078000E-03,16
+10.080000E-03,16
+10.082000E-03,16
+10.084000E-03,16
+10.086000E-03,16
+10.088000E-03,16
+10.090000E-03,16
+10.092000E-03,16
+10.094000E-03,16
+10.096000E-03,16
+10.098000E-03,16
+10.100000E-03,16
+10.102000E-03,16
+10.104000E-03,16
+10.106000E-03,16
+10.108000E-03,16
+10.110000E-03,16
+10.112000E-03,16
+10.114000E-03,16
+10.116000E-03,16
+10.118000E-03,16
+10.120000E-03,16
+10.122000E-03,16
+10.124000E-03,16
+10.126000E-03,16
+10.128000E-03,20
+10.130000E-03,20
+10.132000E-03,20
+10.134000E-03,20
+10.136000E-03,20
+10.138000E-03,20
+10.140000E-03,20
+10.142000E-03,20
+10.144000E-03,20
+10.146000E-03,20
+10.148000E-03,20
+10.150000E-03,20
+10.152000E-03,20
+10.154000E-03,20
+10.156000E-03,20
+10.158000E-03,20
+10.160000E-03,20
+10.162000E-03,20
+10.164000E-03,20
+10.166000E-03,20
+10.168000E-03,20
+10.170000E-03,20
+10.172000E-03,20
+10.174000E-03,20
+10.176000E-03,20
+10.178000E-03,20
+10.180000E-03,20
+10.182000E-03,20
+10.184000E-03,20
+10.186000E-03,20
+10.188000E-03,20
+10.190000E-03,20
+10.192000E-03,16
+10.194000E-03,16
+10.196000E-03,16
+10.198000E-03,16
+10.200000E-03,16
+10.202000E-03,16
+10.204000E-03,16
+10.206000E-03,16
+10.208000E-03,16
+10.210000E-03,16
+10.212000E-03,16
+10.214000E-03,16
+10.216000E-03,16
+10.218000E-03,16
+10.220000E-03,16
+10.222000E-03,16
+10.224000E-03,16
+10.226000E-03,16
+10.228000E-03,16
+10.230000E-03,16
+10.232000E-03,16
+10.234000E-03,16
+10.236000E-03,16
+10.238000E-03,16
+10.240000E-03,16
+10.242000E-03,16
+10.244000E-03,16
+10.246000E-03,16
+10.248000E-03,16
+10.250000E-03,16
+10.252000E-03,20
+10.254000E-03,20
+10.256000E-03,20
+10.258000E-03,20
+10.260000E-03,20
+10.262000E-03,20
+10.264000E-03,20
+10.266000E-03,20
+10.268000E-03,20
+10.270000E-03,20
+10.272000E-03,20
+10.274000E-03,20
+10.276000E-03,20
+10.278000E-03,20
+10.280000E-03,20
+10.282000E-03,20
+10.284000E-03,20
+10.286000E-03,20
+10.288000E-03,20
+10.290000E-03,20
+10.292000E-03,20
+10.294000E-03,20
+10.296000E-03,20
+10.298000E-03,20
+10.300000E-03,20
+10.302000E-03,20
+10.304000E-03,20
+10.306000E-03,20
+10.308000E-03,16
+10.310000E-03,16
+10.312000E-03,16
+10.314000E-03,16
+10.316000E-03,16
+10.318000E-03,16
+10.320000E-03,16
+10.322000E-03,16
+10.324000E-03,16
+10.326000E-03,16
+10.328000E-03,16
+10.330000E-03,16
+10.332000E-03,16
+10.334000E-03,16
+10.336000E-03,16
+10.338000E-03,16
+10.340000E-03,16
+10.342000E-03,16
+10.344000E-03,16
+10.346000E-03,16
+10.348000E-03,16
+10.350000E-03,16
+10.352000E-03,16
+10.354000E-03,16
+10.356000E-03,16
+10.358000E-03,16
+10.360000E-03,16
+10.362000E-03,16
+10.364000E-03,16
+10.366000E-03,16
+10.368000E-03,16
+10.370000E-03,20
+10.372000E-03,20
+10.374000E-03,20
+10.376000E-03,20
+10.378000E-03,20
+10.380000E-03,20
+10.382000E-03,20
+10.384000E-03,20
+10.386000E-03,20
+10.388000E-03,20
+10.390000E-03,20
+10.392000E-03,20
+10.394000E-03,20
+10.396000E-03,20
+10.398000E-03,20
+10.400000E-03,20
+10.402000E-03,20
+10.404000E-03,20
+10.406000E-03,20
+10.408000E-03,20
+10.410000E-03,20
+10.412000E-03,20
+10.414000E-03,20
+10.416000E-03,20
+10.418000E-03,20
+10.420000E-03,20
+10.422000E-03,20
+10.424000E-03,20
+10.426000E-03,20
+10.428000E-03,20
+10.430000E-03,20
+10.432000E-03,20
+10.434000E-03,16
+10.436000E-03,16
+10.438000E-03,16
+10.440000E-03,16
+10.442000E-03,16
+10.444000E-03,16
+10.446000E-03,16
+10.448000E-03,16
+10.450000E-03,16
+10.452000E-03,16
+10.454000E-03,16
+10.456000E-03,16
+10.458000E-03,16
+10.460000E-03,16
+10.462000E-03,16
+10.464000E-03,16
+10.466000E-03,16
+10.468000E-03,16
+10.470000E-03,16
+10.472000E-03,16
+10.474000E-03,16
+10.476000E-03,16
+10.478000E-03,16
+10.480000E-03,16
+10.482000E-03,16
+10.484000E-03,16
+10.486000E-03,16
+10.488000E-03,16
+10.490000E-03,16
+10.492000E-03,16
+10.494000E-03,16
+10.496000E-03,20
+10.498000E-03,20
+10.500000E-03,20
+10.502000E-03,20
+10.504000E-03,20
+10.506000E-03,20
+10.508000E-03,20
+10.510000E-03,20
+10.512000E-03,20
+10.514000E-03,20
+10.516000E-03,20
+10.518000E-03,20
+10.520000E-03,20
+10.522000E-03,20
+10.524000E-03,20
+10.526000E-03,20
+10.528000E-03,20
+10.530000E-03,20
+10.532000E-03,20
+10.534000E-03,20
+10.536000E-03,20
+10.538000E-03,20
+10.540000E-03,20
+10.542000E-03,20
+10.544000E-03,20
+10.546000E-03,20
+10.548000E-03,20
+10.550000E-03,20
+10.552000E-03,20
+10.554000E-03,20
+10.556000E-03,16
+10.558000E-03,16
+10.560000E-03,16
+10.562000E-03,16
+10.564000E-03,16
+10.566000E-03,16
+10.568000E-03,16
+10.570000E-03,16
+10.572000E-03,16
+10.574000E-03,16
+10.576000E-03,16
+10.578000E-03,16
+10.580000E-03,16
+10.582000E-03,16
+10.584000E-03,16
+10.586000E-03,16
+10.588000E-03,16
+10.590000E-03,16
+10.592000E-03,16
+10.594000E-03,16
+10.596000E-03,16
+10.598000E-03,16
+10.600000E-03,16
+10.602000E-03,16
+10.604000E-03,16
+10.606000E-03,16
+10.608000E-03,16
+10.610000E-03,16
+10.612000E-03,20
+10.614000E-03,20
+10.616000E-03,20
+10.618000E-03,20
+10.620000E-03,20
+10.622000E-03,20
+10.624000E-03,20
+10.626000E-03,20
+10.628000E-03,20
+10.630000E-03,20
+10.632000E-03,20
+10.634000E-03,20
+10.636000E-03,20
+10.638000E-03,20
+10.640000E-03,20
+10.642000E-03,20
+10.644000E-03,28
+10.646000E-03,28
+10.648000E-03,28
+10.650000E-03,28
+10.652000E-03,28
+10.654000E-03,28
+10.656000E-03,28
+10.658000E-03,28
+10.660000E-03,28
+10.662000E-03,28
+10.664000E-03,28
+10.666000E-03,28
+10.668000E-03,28
+10.670000E-03,28
+10.672000E-03,28
+10.674000E-03,28
+10.676000E-03,28
+10.678000E-03,28
+10.680000E-03,24
+10.682000E-03,24
+10.684000E-03,24
+10.686000E-03,24
+10.688000E-03,24
+10.690000E-03,24
+10.692000E-03,24
+10.694000E-03,24
+10.696000E-03,24
+10.698000E-03,24
+10.700000E-03,24
+10.702000E-03,24
+10.704000E-03,24
+10.706000E-03,24
+10.708000E-03,24
+10.710000E-03,24
+10.712000E-03,24
+10.714000E-03,24
+10.716000E-03,24
+10.718000E-03,24
+10.720000E-03,24
+10.722000E-03,16
+10.724000E-03,16
+10.726000E-03,16
+10.728000E-03,16
+10.730000E-03,16
+10.732000E-03,16
+10.734000E-03,16
+10.736000E-03,16
+10.738000E-03,16
+10.740000E-03,16
+10.742000E-03,16
+10.744000E-03,16
+10.746000E-03,16
+10.748000E-03,16
+10.750000E-03,16
+10.752000E-03,16
+10.754000E-03,16
+10.756000E-03,16
+10.758000E-03,16
+10.760000E-03,16
+10.762000E-03,16
+10.764000E-03,16
+10.766000E-03,16
+10.768000E-03,16
+10.770000E-03,16
+10.772000E-03,16
+10.774000E-03,16
+10.776000E-03,16
+10.778000E-03,16
+10.780000E-03,16
+10.782000E-03,16
+10.784000E-03,16
+10.786000E-03,16
+10.788000E-03,16
+10.790000E-03,16
+10.792000E-03,16
+10.794000E-03,16
+10.796000E-03,16
+10.798000E-03,16
+10.800000E-03,16
+10.802000E-03,16
+10.804000E-03,16
+10.806000E-03,16
+10.808000E-03,16
+10.810000E-03,16
+10.812000E-03,16
+10.814000E-03,16
+10.816000E-03,16
+10.818000E-03,16
+10.820000E-03,16
+10.822000E-03,16
+10.824000E-03,16
+10.826000E-03,16
+10.828000E-03,16
+10.830000E-03,16
+10.832000E-03,16
+10.834000E-03,16
+10.836000E-03,16
+10.838000E-03,16
+10.840000E-03,16
+10.842000E-03,16
+10.844000E-03,16
+10.846000E-03,16
+10.848000E-03,16
+10.850000E-03,16
+10.852000E-03,16
+10.854000E-03,16
+10.856000E-03,16
+10.858000E-03,16
+10.860000E-03,16
+10.862000E-03,16
+10.864000E-03,16
+10.866000E-03,16
+10.868000E-03,16
+10.870000E-03,16
+10.872000E-03,16
+10.874000E-03,16
+10.876000E-03,16
+10.878000E-03,16
+10.880000E-03,16
+10.882000E-03,16
+10.884000E-03,16
+10.886000E-03,16
+10.888000E-03,16
+10.890000E-03,16
+10.892000E-03,16
+10.894000E-03,16
+10.896000E-03,16
+10.898000E-03,16
+10.900000E-03,16
+10.902000E-03,16
+10.904000E-03,16
+10.906000E-03,16
+10.908000E-03,16
+10.910000E-03,16
+10.912000E-03,16
+10.914000E-03,16
+10.916000E-03,16
+10.918000E-03,16
+10.920000E-03,16
+10.922000E-03,16
+10.924000E-03,16
+10.926000E-03,16
+10.928000E-03,16
+10.930000E-03,16
+10.932000E-03,16
+10.934000E-03,16
+10.936000E-03,16
+10.938000E-03,16
+10.940000E-03,16
+10.942000E-03,16
+10.944000E-03,16
+10.946000E-03,16
+10.948000E-03,16
+10.950000E-03,16
+10.952000E-03,16
+10.954000E-03,16
+10.956000E-03,16
+10.958000E-03,16
+10.960000E-03,16
+10.962000E-03,16
+10.964000E-03,16
+10.966000E-03,16
+10.968000E-03,16
+10.970000E-03,16
+10.972000E-03,16
+10.974000E-03,16
+10.976000E-03,16
+10.978000E-03,16
+10.980000E-03,16
+10.982000E-03,16
+10.984000E-03,16
+10.986000E-03,16
+10.988000E-03,16
+10.990000E-03,16
+10.992000E-03,16
+10.994000E-03,16
+10.996000E-03,16
+10.998000E-03,16
+11.000000E-03,16
+11.002000E-03,16
+11.004000E-03,16
+11.006000E-03,16
+11.008000E-03,16
+11.010000E-03,16
+11.012000E-03,16
+11.014000E-03,16
+11.016000E-03,16
+11.018000E-03,16
+11.020000E-03,16
+11.022000E-03,16
+11.024000E-03,16
+11.026000E-03,16
+11.028000E-03,16
+11.030000E-03,16
+11.032000E-03,16
+11.034000E-03,16
+11.036000E-03,16
+11.038000E-03,16
+11.040000E-03,16
+11.042000E-03,16
+11.044000E-03,16
+11.046000E-03,16
+11.048000E-03,16
+11.050000E-03,16
+11.052000E-03,16
+11.054000E-03,16
+11.056000E-03,16
+11.058000E-03,16
+11.060000E-03,16
+11.062000E-03,16
+11.064000E-03,16
+11.066000E-03,16
+11.068000E-03,16
+11.070000E-03,16
+11.072000E-03,16
+11.074000E-03,16
+11.076000E-03,16
+11.078000E-03,16
+11.080000E-03,16
+11.082000E-03,16
+11.084000E-03,16
+11.086000E-03,16
+11.088000E-03,16
+11.090000E-03,16
+11.092000E-03,16
+11.094000E-03,16
+11.096000E-03,16
+11.098000E-03,16
+11.100000E-03,16
+11.102000E-03,16
+11.104000E-03,16
+11.106000E-03,16
+11.108000E-03,16
+11.110000E-03,16
+11.112000E-03,16
+11.114000E-03,16
+11.116000E-03,16
+11.118000E-03,16
+11.120000E-03,16
+11.122000E-03,16
+11.124000E-03,16
+11.126000E-03,16
+11.128000E-03,16
+11.130000E-03,16
+11.132000E-03,16
+11.134000E-03,16
+11.136000E-03,16
+11.138000E-03,16
+11.140000E-03,16
+11.142000E-03,16
+11.144000E-03,16
+11.146000E-03,16
+11.148000E-03,16
+11.150000E-03,16
+11.152000E-03,16
+11.154000E-03,16
+11.156000E-03,16
+11.158000E-03,16
+11.160000E-03,16
+11.162000E-03,16
+11.164000E-03,16
+11.166000E-03,16
+11.168000E-03,16
+11.170000E-03,16
+11.172000E-03,16
+11.174000E-03,16
+11.176000E-03,16
+11.178000E-03,16
+11.180000E-03,16
+11.182000E-03,16
+11.184000E-03,16
+11.186000E-03,16
+11.188000E-03,16
+11.190000E-03,16
+11.192000E-03,16
+11.194000E-03,16
+11.196000E-03,16
+11.198000E-03,16
+11.200000E-03,16
+11.202000E-03,16
+11.204000E-03,16
+11.206000E-03,16
+11.208000E-03,16
+11.210000E-03,16
+11.212000E-03,16
+11.214000E-03,16
+11.216000E-03,16
+11.218000E-03,16
+11.220000E-03,16
+11.222000E-03,16
+11.224000E-03,16
+11.226000E-03,16
+11.228000E-03,16
+11.230000E-03,16
+11.232000E-03,16
+11.234000E-03,16
+11.236000E-03,16
+11.238000E-03,16
+11.240000E-03,16
+11.242000E-03,16
+11.244000E-03,16
+11.246000E-03,16
+11.248000E-03,16
+11.250000E-03,16
+11.252000E-03,16
+11.254000E-03,16
+11.256000E-03,16
+11.258000E-03,16
+11.260000E-03,16
+11.262000E-03,16
+11.264000E-03,16
+11.266000E-03,16
+11.268000E-03,16
+11.270000E-03,16
+11.272000E-03,16
+11.274000E-03,16
+11.276000E-03,16
+11.278000E-03,16
+11.280000E-03,16
+11.282000E-03,16
+11.284000E-03,16
+11.286000E-03,16
+11.288000E-03,16
+11.290000E-03,16
+11.292000E-03,16
+11.294000E-03,16
+11.296000E-03,16
+11.298000E-03,16
+11.300000E-03,16
+11.302000E-03,16
+11.304000E-03,16
+11.306000E-03,16
+11.308000E-03,16
+11.310000E-03,16
+11.312000E-03,16
+11.314000E-03,16
+11.316000E-03,16
+11.318000E-03,16
+11.320000E-03,16
+11.322000E-03,16
+11.324000E-03,16
+11.326000E-03,16
+11.328000E-03,16
+11.330000E-03,16
+11.332000E-03,16
+11.334000E-03,16
+11.336000E-03,16
+11.338000E-03,16
+11.340000E-03,16
+11.342000E-03,16
+11.344000E-03,16
+11.346000E-03,16
+11.348000E-03,16
+11.350000E-03,16
+11.352000E-03,16
+11.354000E-03,16
+11.356000E-03,16
+11.358000E-03,16
+11.360000E-03,16
+11.362000E-03,16
+11.364000E-03,16
+11.366000E-03,16
+11.368000E-03,16
+11.370000E-03,16
+11.372000E-03,16
+11.374000E-03,16
+11.376000E-03,16
+11.378000E-03,16
+11.380000E-03,16
+11.382000E-03,16
+11.384000E-03,16
+11.386000E-03,16
+11.388000E-03,16
+11.390000E-03,16
+11.392000E-03,16
+11.394000E-03,16
+11.396000E-03,16
+11.398000E-03,16
+11.400000E-03,16
+11.402000E-03,16
+11.404000E-03,16
+11.406000E-03,16
+11.408000E-03,16
+11.410000E-03,16
+11.412000E-03,16
+11.414000E-03,16
+11.416000E-03,16
+11.418000E-03,16
+11.420000E-03,16
+11.422000E-03,16
+11.424000E-03,16
+11.426000E-03,16
+11.428000E-03,16
+11.430000E-03,16
+11.432000E-03,16
+11.434000E-03,16
+11.436000E-03,16
+11.438000E-03,16
+11.440000E-03,16
+11.442000E-03,16
+11.444000E-03,16
+11.446000E-03,16
+11.448000E-03,16
+11.450000E-03,16
+11.452000E-03,16
+11.454000E-03,16
+11.456000E-03,16
+11.458000E-03,16
+11.460000E-03,16
+11.462000E-03,16
+11.464000E-03,16
+11.466000E-03,16
+11.468000E-03,16
+11.470000E-03,16
+11.472000E-03,16
+11.474000E-03,16
+11.476000E-03,16
+11.478000E-03,16
+11.480000E-03,16
+11.482000E-03,16
+11.484000E-03,16
+11.486000E-03,16
+11.488000E-03,16
+11.490000E-03,16
+11.492000E-03,16
+11.494000E-03,16
+11.496000E-03,16
+11.498000E-03,16
+11.500000E-03,16
+11.502000E-03,16
+11.504000E-03,16
+11.506000E-03,16
+11.508000E-03,16
+11.510000E-03,16
+11.512000E-03,16
+11.514000E-03,16
+11.516000E-03,16
+11.518000E-03,16
+11.520000E-03,16
+11.522000E-03,16
+11.524000E-03,16
+11.526000E-03,16
+11.528000E-03,16
+11.530000E-03,16
+11.532000E-03,16
+11.534000E-03,16
+11.536000E-03,16
+11.538000E-03,16
+11.540000E-03,16
+11.542000E-03,16
+11.544000E-03,16
+11.546000E-03,16
+11.548000E-03,16
+11.550000E-03,16
+11.552000E-03,16
+11.554000E-03,16
+11.556000E-03,16
+11.558000E-03,16
+11.560000E-03,16
+11.562000E-03,16
+11.564000E-03,16
+11.566000E-03,16
+11.568000E-03,16
+11.570000E-03,16
+11.572000E-03,16
+11.574000E-03,16
+11.576000E-03,16
+11.578000E-03,16
+11.580000E-03,16
+11.582000E-03,16
+11.584000E-03,16
+11.586000E-03,16
+11.588000E-03,16
+11.590000E-03,16
+11.592000E-03,16
+11.594000E-03,16
+11.596000E-03,16
+11.598000E-03,16
+11.600000E-03,16
+11.602000E-03,16
+11.604000E-03,16
+11.606000E-03,16
+11.608000E-03,16
+11.610000E-03,16
+11.612000E-03,16
+11.614000E-03,16
+11.616000E-03,16
+11.618000E-03,16
+11.620000E-03,16
+11.622000E-03,16
+11.624000E-03,16
+11.626000E-03,16
+11.628000E-03,16
+11.630000E-03,16
+11.632000E-03,16
+11.634000E-03,16
+11.636000E-03,16
+11.638000E-03,16
+11.640000E-03,16
+11.642000E-03,16
+11.644000E-03,16
+11.646000E-03,16
+11.648000E-03,16
+11.650000E-03,16
+11.652000E-03,16
+11.654000E-03,16
+11.656000E-03,16
+11.658000E-03,16
+11.660000E-03,16
+11.662000E-03,16
+11.664000E-03,16
+11.666000E-03,16
+11.668000E-03,16
+11.670000E-03,16
+11.672000E-03,16
+11.674000E-03,16
+11.676000E-03,16
+11.678000E-03,16
+11.680000E-03,16
+11.682000E-03,16
+11.684000E-03,16
+11.686000E-03,16
+11.688000E-03,16
+11.690000E-03,16
+11.692000E-03,16
+11.694000E-03,16
+11.696000E-03,16
+11.698000E-03,16
+11.700000E-03,16
+11.702000E-03,16
+11.704000E-03,16
+11.706000E-03,16
+11.708000E-03,16
+11.710000E-03,16
+11.712000E-03,16
+11.714000E-03,16
+11.716000E-03,16
+11.718000E-03,16
+11.720000E-03,16
+11.722000E-03,16
+11.724000E-03,16
+11.726000E-03,16
+11.728000E-03,16
+11.730000E-03,16
+11.732000E-03,16
+11.734000E-03,16
+11.736000E-03,16
+11.738000E-03,16
+11.740000E-03,16
+11.742000E-03,16
+11.744000E-03,16
+11.746000E-03,16
+11.748000E-03,16
+11.750000E-03,16
+11.752000E-03,16
+11.754000E-03,16
+11.756000E-03,16
+11.758000E-03,16
+11.760000E-03,16
+11.762000E-03,16
+11.764000E-03,16
+11.766000E-03,16
+11.768000E-03,16
+11.770000E-03,16
+11.772000E-03,16
+11.774000E-03,16
+11.776000E-03,16
+11.778000E-03,16
+11.780000E-03,16
+11.782000E-03,16
+11.784000E-03,16
+11.786000E-03,16
+11.788000E-03,16
+11.790000E-03,16
+11.792000E-03,16
+11.794000E-03,16
+11.796000E-03,16
+11.798000E-03,16
+11.800000E-03,16
+11.802000E-03,16
+11.804000E-03,16
+11.806000E-03,16
+11.808000E-03,16
+11.810000E-03,16
+11.812000E-03,16
+11.814000E-03,16
+11.816000E-03,16
+11.818000E-03,16
+11.820000E-03,16
+11.822000E-03,16
+11.824000E-03,16
+11.826000E-03,16
+11.828000E-03,16
+11.830000E-03,16
+11.832000E-03,16
+11.834000E-03,16
+11.836000E-03,16
+11.838000E-03,16
+11.840000E-03,16
+11.842000E-03,16
+11.844000E-03,16
+11.846000E-03,16
+11.848000E-03,16
+11.850000E-03,16
+11.852000E-03,16
+11.854000E-03,16
+11.856000E-03,16
+11.858000E-03,16
+11.860000E-03,16
+11.862000E-03,16
+11.864000E-03,16
+11.866000E-03,16
+11.868000E-03,16
+11.870000E-03,16
+11.872000E-03,16
+11.874000E-03,16
+11.876000E-03,16
+11.878000E-03,16
+11.880000E-03,16
+11.882000E-03,16
+11.884000E-03,16
+11.886000E-03,16
+11.888000E-03,16
+11.890000E-03,16
+11.892000E-03,16
+11.894000E-03,16
+11.896000E-03,16
+11.898000E-03,16
+11.900000E-03,16
+11.902000E-03,16
+11.904000E-03,16
+11.906000E-03,16
+11.908000E-03,16
+11.910000E-03,16
+11.912000E-03,16
+11.914000E-03,16
+11.916000E-03,16
+11.918000E-03,16
+11.920000E-03,16
+11.922000E-03,16
+11.924000E-03,16
+11.926000E-03,16
+11.928000E-03,16
+11.930000E-03,16
+11.932000E-03,16
+11.934000E-03,16
+11.936000E-03,16
+11.938000E-03,16
+11.940000E-03,16
+11.942000E-03,16
+11.944000E-03,16
+11.946000E-03,16
+11.948000E-03,16
+11.950000E-03,16
+11.952000E-03,16
+11.954000E-03,16
+11.956000E-03,16
+11.958000E-03,16
+11.960000E-03,16
+11.962000E-03,16
+11.964000E-03,16
+11.966000E-03,16
+11.968000E-03,16
+11.970000E-03,16
+11.972000E-03,16
+11.974000E-03,16
+11.976000E-03,16
+11.978000E-03,16
+11.980000E-03,16
+11.982000E-03,16
+11.984000E-03,16
+11.986000E-03,16
+11.988000E-03,16
+11.990000E-03,16
+11.992000E-03,16
+11.994000E-03,16
+11.996000E-03,16
+11.998000E-03,16
+12.000000E-03,16
+12.002000E-03,16
+12.004000E-03,16
+12.006000E-03,16
+12.008000E-03,16
+12.010000E-03,16
+12.012000E-03,16
+12.014000E-03,16
+12.016000E-03,16
+12.018000E-03,16
+12.020000E-03,16
+12.022000E-03,16
+12.024000E-03,16
+12.026000E-03,16
+12.028000E-03,16
+12.030000E-03,16
+12.032000E-03,16
+12.034000E-03,16
+12.036000E-03,16
+12.038000E-03,16
+12.040000E-03,16
+12.042000E-03,16
+12.044000E-03,16
+12.046000E-03,16
+12.048000E-03,16
+12.050000E-03,16
+12.052000E-03,16
+12.054000E-03,16
+12.056000E-03,16
+12.058000E-03,16
+12.060000E-03,16
+12.062000E-03,16
+12.064000E-03,16
+12.066000E-03,16
+12.068000E-03,16
+12.070000E-03,16
+12.072000E-03,16
+12.074000E-03,16
+12.076000E-03,16
+12.078000E-03,16
+12.080000E-03,16
+12.082000E-03,16
+12.084000E-03,16
+12.086000E-03,16
+12.088000E-03,16
+12.090000E-03,16
+12.092000E-03,16
+12.094000E-03,16
+12.096000E-03,16
+12.098000E-03,16
+12.100000E-03,16
+12.102000E-03,16
+12.104000E-03,16
+12.106000E-03,16
+12.108000E-03,16
+12.110000E-03,16
+12.112000E-03,16
+12.114000E-03,16
+12.116000E-03,16
+12.118000E-03,16
+12.120000E-03,16
+12.122000E-03,16
+12.124000E-03,16
+12.126000E-03,16
+12.128000E-03,16
+12.130000E-03,16
+12.132000E-03,16
+12.134000E-03,16
+12.136000E-03,16
+12.138000E-03,16
+12.140000E-03,16
+12.142000E-03,16
+12.144000E-03,16
+12.146000E-03,16
+12.148000E-03,16
+12.150000E-03,16
+12.152000E-03,16
+12.154000E-03,16
+12.156000E-03,16
+12.158000E-03,16
+12.160000E-03,16
+12.162000E-03,16
+12.164000E-03,16
+12.166000E-03,16
+12.168000E-03,16
+12.170000E-03,16
+12.172000E-03,16
+12.174000E-03,16
+12.176000E-03,16
+12.178000E-03,16
+12.180000E-03,16
+12.182000E-03,16
+12.184000E-03,16
+12.186000E-03,16
+12.188000E-03,16
+12.190000E-03,16
+12.192000E-03,16
+12.194000E-03,16
+12.196000E-03,16
+12.198000E-03,16
+12.200000E-03,16
+12.202000E-03,16
+12.204000E-03,16
+12.206000E-03,16
+12.208000E-03,16
+12.210000E-03,16
+12.212000E-03,16
+12.214000E-03,16
+12.216000E-03,16
+12.218000E-03,16
+12.220000E-03,16
+12.222000E-03,16
+12.224000E-03,16
+12.226000E-03,16
+12.228000E-03,16
+12.230000E-03,16
+12.232000E-03,16
+12.234000E-03,16
+12.236000E-03,16
+12.238000E-03,16
+12.240000E-03,16
+12.242000E-03,16
+12.244000E-03,16
+12.246000E-03,16
+12.248000E-03,16
+12.250000E-03,16
+12.252000E-03,16
+12.254000E-03,16
+12.256000E-03,16
+12.258000E-03,16
+12.260000E-03,16
+12.262000E-03,16
+12.264000E-03,16
+12.266000E-03,16
+12.268000E-03,16
+12.270000E-03,16
+12.272000E-03,16
+12.274000E-03,16
+12.276000E-03,16
+12.278000E-03,16
+12.280000E-03,16
+12.282000E-03,16
+12.284000E-03,16
+12.286000E-03,16
+12.288000E-03,16
+12.290000E-03,16
+12.292000E-03,16
+12.294000E-03,16
+12.296000E-03,16
+12.298000E-03,16
+12.300000E-03,16
+12.302000E-03,16
+12.304000E-03,16
+12.306000E-03,16
+12.308000E-03,16
+12.310000E-03,16
+12.312000E-03,16
+12.314000E-03,16
+12.316000E-03,16
+12.318000E-03,16
+12.320000E-03,16
+12.322000E-03,16
+12.324000E-03,16
+12.326000E-03,16
+12.328000E-03,16
+12.330000E-03,16
+12.332000E-03,16
+12.334000E-03,16
+12.336000E-03,16
+12.338000E-03,16
+12.340000E-03,16
+12.342000E-03,16
+12.344000E-03,16
+12.346000E-03,16
+12.348000E-03,16
+12.350000E-03,16
+12.352000E-03,16
+12.354000E-03,16
+12.356000E-03,16
+12.358000E-03,16
+12.360000E-03,16
+12.362000E-03,16
+12.364000E-03,16
+12.366000E-03,16
+12.368000E-03,16
+12.370000E-03,16
+12.372000E-03,16
+12.374000E-03,16
+12.376000E-03,16
+12.378000E-03,16
+12.380000E-03,16
+12.382000E-03,16
+12.384000E-03,16
+12.386000E-03,16
+12.388000E-03,16
+12.390000E-03,16
+12.392000E-03,16
+12.394000E-03,16
+12.396000E-03,16
+12.398000E-03,16
+12.400000E-03,16
+12.402000E-03,16
+12.404000E-03,16
+12.406000E-03,16
+12.408000E-03,16
+12.410000E-03,16
+12.412000E-03,16
+12.414000E-03,16
+12.416000E-03,16
+12.418000E-03,16
+12.420000E-03,16
+12.422000E-03,16
+12.424000E-03,16
+12.426000E-03,16
+12.428000E-03,16
+12.430000E-03,16
+12.432000E-03,16
+12.434000E-03,16
+12.436000E-03,16
+12.438000E-03,16
+12.440000E-03,16
+12.442000E-03,16
+12.444000E-03,16
+12.446000E-03,16
+12.448000E-03,16
+12.450000E-03,16
+12.452000E-03,16
+12.454000E-03,16
+12.456000E-03,16
+12.458000E-03,16
+12.460000E-03,16
+12.462000E-03,16
+12.464000E-03,16
+12.466000E-03,16
+12.468000E-03,16
+12.470000E-03,16
+12.472000E-03,16
+12.474000E-03,16
+12.476000E-03,16
+12.478000E-03,16
+12.480000E-03,16
+12.482000E-03,16
+12.484000E-03,16
+12.486000E-03,16
+12.488000E-03,16
+12.490000E-03,16
+12.492000E-03,16
+12.494000E-03,16
+12.496000E-03,16
+12.498000E-03,16
+12.500000E-03,16
+12.502000E-03,16
+12.504000E-03,16
+12.506000E-03,16
+12.508000E-03,16
+12.510000E-03,16
+12.512000E-03,16
+12.514000E-03,16
+12.516000E-03,16
+12.518000E-03,16
+12.520000E-03,16
+12.522000E-03,16
+12.524000E-03,16
+12.526000E-03,16
+12.528000E-03,16
+12.530000E-03,16
+12.532000E-03,16
+12.534000E-03,16
+12.536000E-03,16
+12.538000E-03,16
+12.540000E-03,16
+12.542000E-03,16
+12.544000E-03,16
+12.546000E-03,16
+12.548000E-03,16
+12.550000E-03,16
+12.552000E-03,16
+12.554000E-03,16
+12.556000E-03,16
+12.558000E-03,16
+12.560000E-03,16
+12.562000E-03,16
+12.564000E-03,16
+12.566000E-03,16
+12.568000E-03,16
+12.570000E-03,16
+12.572000E-03,16
+12.574000E-03,16
+12.576000E-03,16
+12.578000E-03,16
+12.580000E-03,16
+12.582000E-03,16
+12.584000E-03,16
+12.586000E-03,16
+12.588000E-03,16
+12.590000E-03,16
+12.592000E-03,16
+12.594000E-03,16
+12.596000E-03,16
+12.598000E-03,16
+12.600000E-03,16
+12.602000E-03,16
+12.604000E-03,16
+12.606000E-03,16
+12.608000E-03,16
+12.610000E-03,16
+12.612000E-03,16
+12.614000E-03,16
+12.616000E-03,16
+12.618000E-03,16
+12.620000E-03,16
+12.622000E-03,16
+12.624000E-03,16
+12.626000E-03,16
+12.628000E-03,16
+12.630000E-03,16
+12.632000E-03,16
+12.634000E-03,16
+12.636000E-03,16
+12.638000E-03,16
+12.640000E-03,16
+12.642000E-03,16
+12.644000E-03,16
+12.646000E-03,16
+12.648000E-03,16
+12.650000E-03,16
+12.652000E-03,16
+12.654000E-03,16
+12.656000E-03,16
+12.658000E-03,16
+12.660000E-03,16
+12.662000E-03,16
+12.664000E-03,16
+12.666000E-03,16
+12.668000E-03,16
+12.670000E-03,16
+12.672000E-03,16
+12.674000E-03,16
+12.676000E-03,16
+12.678000E-03,16
+12.680000E-03,16
+12.682000E-03,16
+12.684000E-03,16
+12.686000E-03,16
+12.688000E-03,16
+12.690000E-03,16
+12.692000E-03,16
+12.694000E-03,16
+12.696000E-03,16
+12.698000E-03,16
+12.700000E-03,16
+12.702000E-03,16
+12.704000E-03,16
+12.706000E-03,16
+12.708000E-03,16
+12.710000E-03,16
+12.712000E-03,16
+12.714000E-03,16
+12.716000E-03,16
+12.718000E-03,16
+12.720000E-03,16
+12.722000E-03,16
+12.724000E-03,16
+12.726000E-03,16
+12.728000E-03,16
+12.730000E-03,16
+12.732000E-03,16
+12.734000E-03,16
+12.736000E-03,16
+12.738000E-03,16
+12.740000E-03,16
+12.742000E-03,16
+12.744000E-03,16
+12.746000E-03,16
+12.748000E-03,16
+12.750000E-03,16
+12.752000E-03,16
+12.754000E-03,16
+12.756000E-03,16
+12.758000E-03,16
+12.760000E-03,16
+12.762000E-03,16
+12.764000E-03,16
+12.766000E-03,16
+12.768000E-03,16
+12.770000E-03,16
+12.772000E-03,16
+12.774000E-03,16
+12.776000E-03,16
+12.778000E-03,16
+12.780000E-03,16
+12.782000E-03,16
+12.784000E-03,16
+12.786000E-03,16
+12.788000E-03,16
+12.790000E-03,16
+12.792000E-03,16
+12.794000E-03,16
+12.796000E-03,16
+12.798000E-03,16
+12.800000E-03,16
+12.802000E-03,16
+12.804000E-03,16
+12.806000E-03,16
+12.808000E-03,16
+12.810000E-03,16
+12.812000E-03,16
+12.814000E-03,16
+12.816000E-03,16
+12.818000E-03,16
+12.820000E-03,16
+12.822000E-03,16
+12.824000E-03,16
+12.826000E-03,16
+12.828000E-03,16
+12.830000E-03,16
+12.832000E-03,16
+12.834000E-03,16
+12.836000E-03,16
+12.838000E-03,16
+12.840000E-03,16
+12.842000E-03,16
+12.844000E-03,16
+12.846000E-03,16
+12.848000E-03,16
+12.850000E-03,16
+12.852000E-03,16
+12.854000E-03,16
+12.856000E-03,16
+12.858000E-03,16
+12.860000E-03,16
+12.862000E-03,16
+12.864000E-03,16
+12.866000E-03,16
+12.868000E-03,16
+12.870000E-03,16
+12.872000E-03,16
+12.874000E-03,16
+12.876000E-03,16
+12.878000E-03,16
+12.880000E-03,16
+12.882000E-03,16
+12.884000E-03,16
+12.886000E-03,16
+12.888000E-03,16
+12.890000E-03,16
+12.892000E-03,16
+12.894000E-03,16
+12.896000E-03,16
+12.898000E-03,16
+12.900000E-03,16
+12.902000E-03,16
+12.904000E-03,16
+12.906000E-03,16
+12.908000E-03,16
+12.910000E-03,16
+12.912000E-03,16
+12.914000E-03,16
+12.916000E-03,16
+12.918000E-03,16
+12.920000E-03,16
+12.922000E-03,16
+12.924000E-03,16
+12.926000E-03,16
+12.928000E-03,16
+12.930000E-03,16
+12.932000E-03,16
+12.934000E-03,16
+12.936000E-03,16
+12.938000E-03,16
+12.940000E-03,16
+12.942000E-03,16
+12.944000E-03,16
+12.946000E-03,16
+12.948000E-03,16
+12.950000E-03,16
+12.952000E-03,16
+12.954000E-03,16
+12.956000E-03,16
+12.958000E-03,16
+12.960000E-03,16
+12.962000E-03,16
+12.964000E-03,16
+12.966000E-03,16
+12.968000E-03,16
+12.970000E-03,16
+12.972000E-03,16
+12.974000E-03,16
+12.976000E-03,16
+12.978000E-03,16
+12.980000E-03,16
+12.982000E-03,16
+12.984000E-03,16
+12.986000E-03,16
+12.988000E-03,16
+12.990000E-03,16
+12.992000E-03,16
+12.994000E-03,16
+12.996000E-03,16
+12.998000E-03,16
+13.000000E-03,16
+13.002000E-03,16
+13.004000E-03,16
+13.006000E-03,16
+13.008000E-03,16
+13.010000E-03,16
+13.012000E-03,16
+13.014000E-03,16
+13.016000E-03,16
+13.018000E-03,16
+13.020000E-03,16
+13.022000E-03,16
+13.024000E-03,16
+13.026000E-03,16
+13.028000E-03,16
+13.030000E-03,16
+13.032000E-03,16
+13.034000E-03,16
+13.036000E-03,16
+13.038000E-03,16
+13.040000E-03,16
+13.042000E-03,16
+13.044000E-03,16
+13.046000E-03,16
+13.048000E-03,16
+13.050000E-03,16
+13.052000E-03,16
+13.054000E-03,16
+13.056000E-03,16
+13.058000E-03,16
+13.060000E-03,16
+13.062000E-03,16
+13.064000E-03,16
+13.066000E-03,16
+13.068000E-03,16
+13.070000E-03,16
+13.072000E-03,16
+13.074000E-03,16
+13.076000E-03,16
+13.078000E-03,16
+13.080000E-03,16
+13.082000E-03,16
+13.084000E-03,16
+13.086000E-03,16
+13.088000E-03,16
+13.090000E-03,16
+13.092000E-03,16
+13.094000E-03,16
+13.096000E-03,16
+13.098000E-03,16
+13.100000E-03,16
+13.102000E-03,16
+13.104000E-03,16
+13.106000E-03,16
+13.108000E-03,16
+13.110000E-03,16
+13.112000E-03,16
+13.114000E-03,16
+13.116000E-03,16
+13.118000E-03,16
+13.120000E-03,16
+13.122000E-03,16
+13.124000E-03,16
+13.126000E-03,16
+13.128000E-03,16
+13.130000E-03,16
+13.132000E-03,16
+13.134000E-03,16
+13.136000E-03,16
+13.138000E-03,16
+13.140000E-03,16
+13.142000E-03,16
+13.144000E-03,16
+13.146000E-03,16
+13.148000E-03,16
+13.150000E-03,16
+13.152000E-03,16
+13.154000E-03,16
+13.156000E-03,16
+13.158000E-03,16
+13.160000E-03,16
+13.162000E-03,16
+13.164000E-03,16
+13.166000E-03,16
+13.168000E-03,16
+13.170000E-03,16
+13.172000E-03,16
+13.174000E-03,16
+13.176000E-03,16
+13.178000E-03,16
+13.180000E-03,16
+13.182000E-03,16
+13.184000E-03,16
+13.186000E-03,16
+13.188000E-03,16
+13.190000E-03,16
+13.192000E-03,16
+13.194000E-03,16
+13.196000E-03,16
+13.198000E-03,16
+13.200000E-03,16
+13.202000E-03,16
+13.204000E-03,16
+13.206000E-03,16
+13.208000E-03,16
+13.210000E-03,16
+13.212000E-03,16
+13.214000E-03,16
+13.216000E-03,16
+13.218000E-03,16
+13.220000E-03,16
+13.222000E-03,16
+13.224000E-03,16
+13.226000E-03,16
+13.228000E-03,16
+13.230000E-03,16
+13.232000E-03,16
+13.234000E-03,16
+13.236000E-03,16
+13.238000E-03,16
+13.240000E-03,16
+13.242000E-03,16
+13.244000E-03,16
+13.246000E-03,16
+13.248000E-03,16
+13.250000E-03,16
+13.252000E-03,16
+13.254000E-03,16
+13.256000E-03,16
+13.258000E-03,16
+13.260000E-03,16
+13.262000E-03,16
+13.264000E-03,16
+13.266000E-03,16
+13.268000E-03,16
+13.270000E-03,16
+13.272000E-03,16
+13.274000E-03,16
+13.276000E-03,16
+13.278000E-03,16
+13.280000E-03,16
+13.282000E-03,16
+13.284000E-03,16
+13.286000E-03,16
+13.288000E-03,16
+13.290000E-03,16
+13.292000E-03,16
+13.294000E-03,16
+13.296000E-03,16
+13.298000E-03,16
+13.300000E-03,16
+13.302000E-03,16
+13.304000E-03,16
+13.306000E-03,16
+13.308000E-03,16
+13.310000E-03,16
+13.312000E-03,16
+13.314000E-03,16
+13.316000E-03,16
+13.318000E-03,16
+13.320000E-03,16
+13.322000E-03,16
+13.324000E-03,16
+13.326000E-03,16
+13.328000E-03,16
+13.330000E-03,16
+13.332000E-03,16
+13.334000E-03,16
+13.336000E-03,16
+13.338000E-03,16
+13.340000E-03,16
+13.342000E-03,16
+13.344000E-03,16
+13.346000E-03,16
+13.348000E-03,16
+13.350000E-03,16
+13.352000E-03,16
+13.354000E-03,16
+13.356000E-03,16
+13.358000E-03,16
+13.360000E-03,16
+13.362000E-03,16
+13.364000E-03,16
+13.366000E-03,16
+13.368000E-03,16
+13.370000E-03,16
+13.372000E-03,16
+13.374000E-03,16
+13.376000E-03,16
+13.378000E-03,16
+13.380000E-03,16
+13.382000E-03,16
+13.384000E-03,16
+13.386000E-03,16
+13.388000E-03,16
+13.390000E-03,16
+13.392000E-03,16
+13.394000E-03,16
+13.396000E-03,16
+13.398000E-03,16
+13.400000E-03,16
+13.402000E-03,16
+13.404000E-03,16
+13.406000E-03,16
+13.408000E-03,16
+13.410000E-03,16
+13.412000E-03,16
+13.414000E-03,16
+13.416000E-03,16
+13.418000E-03,16
+13.420000E-03,16
+13.422000E-03,16
+13.424000E-03,16
+13.426000E-03,16
+13.428000E-03,16
+13.430000E-03,16
+13.432000E-03,16
+13.434000E-03,16
+13.436000E-03,16
+13.438000E-03,16
+13.440000E-03,16
+13.442000E-03,16
+13.444000E-03,16
+13.446000E-03,16
+13.448000E-03,16
+13.450000E-03,16
+13.452000E-03,16
+13.454000E-03,16
+13.456000E-03,16
+13.458000E-03,16
+13.460000E-03,16
+13.462000E-03,16
+13.464000E-03,16
+13.466000E-03,16
+13.468000E-03,16
+13.470000E-03,16
+13.472000E-03,16
+13.474000E-03,16
+13.476000E-03,16
+13.478000E-03,16
+13.480000E-03,16
+13.482000E-03,16
+13.484000E-03,16
+13.486000E-03,16
+13.488000E-03,16
+13.490000E-03,16
+13.492000E-03,16
+13.494000E-03,16
+13.496000E-03,16
+13.498000E-03,16
+13.500000E-03,16
+13.502000E-03,16
+13.504000E-03,16
+13.506000E-03,16
+13.508000E-03,16
+13.510000E-03,16
+13.512000E-03,16
+13.514000E-03,16
+13.516000E-03,16
+13.518000E-03,16
+13.520000E-03,16
+13.522000E-03,16
+13.524000E-03,16
+13.526000E-03,16
+13.528000E-03,16
+13.530000E-03,16
+13.532000E-03,16
+13.534000E-03,16
+13.536000E-03,16
+13.538000E-03,16
+13.540000E-03,16
+13.542000E-03,16
+13.544000E-03,16
+13.546000E-03,16
+13.548000E-03,16
+13.550000E-03,16
+13.552000E-03,16
+13.554000E-03,16
+13.556000E-03,16
+13.558000E-03,16
+13.560000E-03,16
+13.562000E-03,16
+13.564000E-03,16
+13.566000E-03,16
+13.568000E-03,16
+13.570000E-03,16
+13.572000E-03,16
+13.574000E-03,16
+13.576000E-03,16
+13.578000E-03,16
+13.580000E-03,16
+13.582000E-03,16
+13.584000E-03,16
+13.586000E-03,16
+13.588000E-03,16
+13.590000E-03,16
+13.592000E-03,16
+13.594000E-03,16
+13.596000E-03,16
+13.598000E-03,16
+13.600000E-03,16
+13.602000E-03,16
+13.604000E-03,16
+13.606000E-03,16
+13.608000E-03,16
+13.610000E-03,16
+13.612000E-03,16
+13.614000E-03,16
+13.616000E-03,16
+13.618000E-03,16
+13.620000E-03,16
+13.622000E-03,16
+13.624000E-03,16
+13.626000E-03,16
+13.628000E-03,16
+13.630000E-03,16
+13.632000E-03,16
+13.634000E-03,16
+13.636000E-03,16
+13.638000E-03,16
+13.640000E-03,16
+13.642000E-03,16
+13.644000E-03,16
+13.646000E-03,16
+13.648000E-03,16
+13.650000E-03,16
+13.652000E-03,16
+13.654000E-03,16
+13.656000E-03,16
+13.658000E-03,16
+13.660000E-03,16
+13.662000E-03,16
+13.664000E-03,16
+13.666000E-03,16
+13.668000E-03,16
+13.670000E-03,16
+13.672000E-03,16
+13.674000E-03,16
+13.676000E-03,16
+13.678000E-03,16
+13.680000E-03,16
+13.682000E-03,16
+13.684000E-03,16
+13.686000E-03,16
+13.688000E-03,16
+13.690000E-03,16
+13.692000E-03,16
+13.694000E-03,16
+13.696000E-03,16
+13.698000E-03,16
+13.700000E-03,16
+13.702000E-03,16
+13.704000E-03,16
+13.706000E-03,16
+13.708000E-03,16
+13.710000E-03,16
+13.712000E-03,16
+13.714000E-03,16
+13.716000E-03,16
+13.718000E-03,16
+13.720000E-03,16
+13.722000E-03,16
+13.724000E-03,16
+13.726000E-03,16
+13.728000E-03,16
+13.730000E-03,16
+13.732000E-03,16
+13.734000E-03,16
+13.736000E-03,16
+13.738000E-03,16
+13.740000E-03,16
+13.742000E-03,16
+13.744000E-03,16
+13.746000E-03,16
+13.748000E-03,16
+13.750000E-03,16
+13.752000E-03,16
+13.754000E-03,16
+13.756000E-03,16
+13.758000E-03,16
+13.760000E-03,16
+13.762000E-03,16
+13.764000E-03,16
+13.766000E-03,16
+13.768000E-03,16
+13.770000E-03,16
+13.772000E-03,16
+13.774000E-03,16
+13.776000E-03,16
+13.778000E-03,16
+13.780000E-03,16
+13.782000E-03,16
+13.784000E-03,16
+13.786000E-03,16
+13.788000E-03,16
+13.790000E-03,16
+13.792000E-03,16
+13.794000E-03,16
+13.796000E-03,16
+13.798000E-03,16
+13.800000E-03,16
+13.802000E-03,16
+13.804000E-03,16
+13.806000E-03,16
+13.808000E-03,16
+13.810000E-03,16
+13.812000E-03,16
+13.814000E-03,16
+13.816000E-03,16
+13.818000E-03,16
+13.820000E-03,16
+13.822000E-03,16
+13.824000E-03,16
+13.826000E-03,16
+13.828000E-03,16
+13.830000E-03,16
+13.832000E-03,16
+13.834000E-03,16
+13.836000E-03,16
+13.838000E-03,16
+13.840000E-03,16
+13.842000E-03,16
+13.844000E-03,16
+13.846000E-03,16
+13.848000E-03,16
+13.850000E-03,16
+13.852000E-03,16
+13.854000E-03,16
+13.856000E-03,16
+13.858000E-03,16
+13.860000E-03,16
+13.862000E-03,16
+13.864000E-03,16
+13.866000E-03,16
+13.868000E-03,16
+13.870000E-03,16
+13.872000E-03,16
+13.874000E-03,16
+13.876000E-03,16
+13.878000E-03,16
+13.880000E-03,16
+13.882000E-03,16
+13.884000E-03,16
+13.886000E-03,16
+13.888000E-03,16
+13.890000E-03,16
+13.892000E-03,16
+13.894000E-03,16
+13.896000E-03,16
+13.898000E-03,16
+13.900000E-03,16
+13.902000E-03,16
+13.904000E-03,16
+13.906000E-03,16
+13.908000E-03,16
+13.910000E-03,16
+13.912000E-03,16
+13.914000E-03,16
+13.916000E-03,16
+13.918000E-03,16
+13.920000E-03,16
+13.922000E-03,16
+13.924000E-03,16
+13.926000E-03,16
+13.928000E-03,16
+13.930000E-03,16
+13.932000E-03,16
+13.934000E-03,16
+13.936000E-03,16
+13.938000E-03,16
+13.940000E-03,16
+13.942000E-03,16
+13.944000E-03,16
+13.946000E-03,16
+13.948000E-03,16
+13.950000E-03,16
+13.952000E-03,16
+13.954000E-03,16
+13.956000E-03,16
+13.958000E-03,16
+13.960000E-03,16
+13.962000E-03,16
+13.964000E-03,16
+13.966000E-03,16
+13.968000E-03,16
+13.970000E-03,16
+13.972000E-03,16
+13.974000E-03,16
+13.976000E-03,16
+13.978000E-03,16
+13.980000E-03,16
+13.982000E-03,16
+13.984000E-03,16
+13.986000E-03,16
+13.988000E-03,16
+13.990000E-03,16
+13.992000E-03,16
+13.994000E-03,16
+13.996000E-03,16
+13.998000E-03,16
+14.000000E-03,16
+14.002000E-03,16
+14.004000E-03,16
+14.006000E-03,16
+14.008000E-03,16
+14.010000E-03,16
+14.012000E-03,16
+14.014000E-03,16
+14.016000E-03,16
+14.018000E-03,16
+14.020000E-03,16
+14.022000E-03,16
+14.024000E-03,16
+14.026000E-03,16
+14.028000E-03,16
+14.030000E-03,16
+14.032000E-03,16
+14.034000E-03,16
+14.036000E-03,16
+14.038000E-03,16
+14.040000E-03,16
+14.042000E-03,16
+14.044000E-03,16
+14.046000E-03,16
+14.048000E-03,16
+14.050000E-03,16
+14.052000E-03,16
+14.054000E-03,16
+14.056000E-03,16
+14.058000E-03,16
+14.060000E-03,16
+14.062000E-03,16
+14.064000E-03,16
+14.066000E-03,16
+14.068000E-03,16
+14.070000E-03,16
+14.072000E-03,16
+14.074000E-03,16
+14.076000E-03,16
+14.078000E-03,16
+14.080000E-03,16
+14.082000E-03,16
+14.084000E-03,16
+14.086000E-03,16
+14.088000E-03,16
+14.090000E-03,16
+14.092000E-03,16
+14.094000E-03,16
+14.096000E-03,16
+14.098000E-03,16
+14.100000E-03,16
+14.102000E-03,16
+14.104000E-03,16
+14.106000E-03,16
+14.108000E-03,16
+14.110000E-03,16
+14.112000E-03,16
+14.114000E-03,16
+14.116000E-03,16
+14.118000E-03,16
+14.120000E-03,16
+14.122000E-03,16
+14.124000E-03,16
+14.126000E-03,16
+14.128000E-03,16
+14.130000E-03,16
+14.132000E-03,16
+14.134000E-03,16
+14.136000E-03,16
+14.138000E-03,16
+14.140000E-03,16
+14.142000E-03,16
+14.144000E-03,16
+14.146000E-03,16
+14.148000E-03,16
+14.150000E-03,16
+14.152000E-03,16
+14.154000E-03,16
+14.156000E-03,16
+14.158000E-03,16
+14.160000E-03,16
+14.162000E-03,16
+14.164000E-03,16
+14.166000E-03,16
+14.168000E-03,16
+14.170000E-03,16
+14.172000E-03,16
+14.174000E-03,16
+14.176000E-03,16
+14.178000E-03,16
+14.180000E-03,16
+14.182000E-03,16
+14.184000E-03,16
+14.186000E-03,16
+14.188000E-03,16
+14.190000E-03,16
+14.192000E-03,16
+14.194000E-03,16
+14.196000E-03,16
+14.198000E-03,16
+14.200000E-03,16
+14.202000E-03,16
+14.204000E-03,16
+14.206000E-03,16
+14.208000E-03,16
+14.210000E-03,16
+14.212000E-03,16
+14.214000E-03,16
+14.216000E-03,16
+14.218000E-03,16
+14.220000E-03,16
+14.222000E-03,16
+14.224000E-03,16
+14.226000E-03,16
+14.228000E-03,16
+14.230000E-03,16
+14.232000E-03,16
+14.234000E-03,16
+14.236000E-03,16
+14.238000E-03,16
+14.240000E-03,16
+14.242000E-03,16
+14.244000E-03,16
+14.246000E-03,16
+14.248000E-03,16
+14.250000E-03,16
+14.252000E-03,16
+14.254000E-03,16
+14.256000E-03,16
+14.258000E-03,16
+14.260000E-03,16
+14.262000E-03,16
+14.264000E-03,16
+14.266000E-03,16
+14.268000E-03,16
+14.270000E-03,16
+14.272000E-03,16
+14.274000E-03,16
+14.276000E-03,16
+14.278000E-03,16
+14.280000E-03,16
+14.282000E-03,16
+14.284000E-03,16
+14.286000E-03,16
+14.288000E-03,16
+14.290000E-03,16
+14.292000E-03,16
+14.294000E-03,16
+14.296000E-03,16
+14.298000E-03,16
+14.300000E-03,16
+14.302000E-03,16
+14.304000E-03,16
+14.306000E-03,16
+14.308000E-03,16
+14.310000E-03,16
+14.312000E-03,16
+14.314000E-03,16
+14.316000E-03,16
+14.318000E-03,16
+14.320000E-03,16
+14.322000E-03,16
+14.324000E-03,16
+14.326000E-03,16
+14.328000E-03,16
+14.330000E-03,16
+14.332000E-03,16
+14.334000E-03,16
+14.336000E-03,16
+14.338000E-03,16
+14.340000E-03,16
+14.342000E-03,16
+14.344000E-03,16
+14.346000E-03,16
+14.348000E-03,16
+14.350000E-03,16
+14.352000E-03,16
+14.354000E-03,16
+14.356000E-03,16
+14.358000E-03,16
+14.360000E-03,16
+14.362000E-03,16
+14.364000E-03,16
+14.366000E-03,16
+14.368000E-03,16
+14.370000E-03,16
+14.372000E-03,16
+14.374000E-03,16
+14.376000E-03,16
+14.378000E-03,16
+14.380000E-03,16
+14.382000E-03,16
+14.384000E-03,16
+14.386000E-03,16
+14.388000E-03,16
+14.390000E-03,16
+14.392000E-03,16
+14.394000E-03,16
+14.396000E-03,16
+14.398000E-03,16
+14.400000E-03,16
+14.402000E-03,16
+14.404000E-03,16
+14.406000E-03,16
+14.408000E-03,16
+14.410000E-03,16
+14.412000E-03,16
+14.414000E-03,16
+14.416000E-03,16
+14.418000E-03,16
+14.420000E-03,16
+14.422000E-03,16
+14.424000E-03,16
+14.426000E-03,16
+14.428000E-03,16
+14.430000E-03,16
+14.432000E-03,16
+14.434000E-03,16
+14.436000E-03,16
+14.438000E-03,16
+14.440000E-03,16
+14.442000E-03,16
+14.444000E-03,16
+14.446000E-03,16
+14.448000E-03,16
+14.450000E-03,16
+14.452000E-03,16
+14.454000E-03,16
+14.456000E-03,16
+14.458000E-03,16
+14.460000E-03,16
+14.462000E-03,16
+14.464000E-03,16
+14.466000E-03,16
+14.468000E-03,16
+14.470000E-03,16
+14.472000E-03,16
+14.474000E-03,16
+14.476000E-03,16
+14.478000E-03,16
+14.480000E-03,16
+14.482000E-03,16
+14.484000E-03,16
+14.486000E-03,16
+14.488000E-03,16
+14.490000E-03,16
+14.492000E-03,16
+14.494000E-03,16
+14.496000E-03,16
+14.498000E-03,16
+14.500000E-03,16
+14.502000E-03,16
+14.504000E-03,16
+14.506000E-03,16
+14.508000E-03,16
+14.510000E-03,16
+14.512000E-03,16
+14.514000E-03,16
+14.516000E-03,16
+14.518000E-03,16
+14.520000E-03,16
+14.522000E-03,16
+14.524000E-03,16
+14.526000E-03,16
+14.528000E-03,16
+14.530000E-03,16
+14.532000E-03,16
+14.534000E-03,16
+14.536000E-03,16
+14.538000E-03,16
+14.540000E-03,16
+14.542000E-03,16
+14.544000E-03,16
+14.546000E-03,16
+14.548000E-03,16
+14.550000E-03,16
+14.552000E-03,16
+14.554000E-03,16
+14.556000E-03,16
+14.558000E-03,16
+14.560000E-03,16
+14.562000E-03,16
+14.564000E-03,16
+14.566000E-03,16
+14.568000E-03,16
+14.570000E-03,16
+14.572000E-03,16
+14.574000E-03,16
+14.576000E-03,16
+14.578000E-03,16
+14.580000E-03,16
+14.582000E-03,16
+14.584000E-03,16
+14.586000E-03,16
+14.588000E-03,16
+14.590000E-03,16
+14.592000E-03,16
+14.594000E-03,16
+14.596000E-03,16
+14.598000E-03,16
+14.600000E-03,16
+14.602000E-03,16
+14.604000E-03,16
+14.606000E-03,16
+14.608000E-03,16
+14.610000E-03,16
+14.612000E-03,16
+14.614000E-03,16
+14.616000E-03,16
+14.618000E-03,16
+14.620000E-03,16
+14.622000E-03,16
+14.624000E-03,16
+14.626000E-03,16
+14.628000E-03,16
+14.630000E-03,16
+14.632000E-03,16
+14.634000E-03,16
+14.636000E-03,16
+14.638000E-03,16
+14.640000E-03,16
+14.642000E-03,16
+14.644000E-03,16
+14.646000E-03,16
+14.648000E-03,16
+14.650000E-03,16
+14.652000E-03,16
+14.654000E-03,16
+14.656000E-03,16
+14.658000E-03,16
+14.660000E-03,16
+14.662000E-03,16
+14.664000E-03,16
+14.666000E-03,16
+14.668000E-03,16
+14.670000E-03,16
+14.672000E-03,16
+14.674000E-03,16
+14.676000E-03,16
+14.678000E-03,16
+14.680000E-03,16
+14.682000E-03,16
+14.684000E-03,16
+14.686000E-03,16
+14.688000E-03,16
+14.690000E-03,16
+14.692000E-03,16
+14.694000E-03,16
+14.696000E-03,16
+14.698000E-03,16
+14.700000E-03,16
+14.702000E-03,16
+14.704000E-03,16
+14.706000E-03,16
+14.708000E-03,16
+14.710000E-03,16
+14.712000E-03,16
+14.714000E-03,16
+14.716000E-03,16
+14.718000E-03,16
+14.720000E-03,16
+14.722000E-03,16
+14.724000E-03,16
+14.726000E-03,16
+14.728000E-03,16
+14.730000E-03,16
+14.732000E-03,16
+14.734000E-03,16
+14.736000E-03,16
+14.738000E-03,16
+14.740000E-03,16
+14.742000E-03,16
+14.744000E-03,16
+14.746000E-03,16
+14.748000E-03,16
+14.750000E-03,16
+14.752000E-03,16
+14.754000E-03,16
+14.756000E-03,16
+14.758000E-03,16
+14.760000E-03,16
+14.762000E-03,16
+14.764000E-03,16
+14.766000E-03,16
+14.768000E-03,16
+14.770000E-03,16
+14.772000E-03,16
+14.774000E-03,16
+14.776000E-03,16
+14.778000E-03,16
+14.780000E-03,16
+14.782000E-03,16
+14.784000E-03,16
+14.786000E-03,16
+14.788000E-03,16
+14.790000E-03,16
+14.792000E-03,16
+14.794000E-03,16
+14.796000E-03,16
+14.798000E-03,16
+14.800000E-03,16
+14.802000E-03,16
+14.804000E-03,16
+14.806000E-03,16
+14.808000E-03,16
+14.810000E-03,16
+14.812000E-03,16
+14.814000E-03,16
+14.816000E-03,16
+14.818000E-03,16
+14.820000E-03,16
+14.822000E-03,16
+14.824000E-03,16
+14.826000E-03,16
+14.828000E-03,16
+14.830000E-03,16
+14.832000E-03,16
+14.834000E-03,16
+14.836000E-03,16
+14.838000E-03,16
+14.840000E-03,16
+14.842000E-03,16
+14.844000E-03,16
+14.846000E-03,16
+14.848000E-03,16
+14.850000E-03,16
+14.852000E-03,16
+14.854000E-03,16
+14.856000E-03,16
+14.858000E-03,16
+14.860000E-03,16
+14.862000E-03,16
+14.864000E-03,16
+14.866000E-03,16
+14.868000E-03,16
+14.870000E-03,16
+14.872000E-03,16
+14.874000E-03,16
+14.876000E-03,16
+14.878000E-03,16
+14.880000E-03,16
+14.882000E-03,16
+14.884000E-03,16
+14.886000E-03,16
+14.888000E-03,16
+14.890000E-03,16
+14.892000E-03,16
+14.894000E-03,16
+14.896000E-03,16
+14.898000E-03,16
+14.900000E-03,16
+14.902000E-03,16
+14.904000E-03,16
+14.906000E-03,16
+14.908000E-03,16
+14.910000E-03,16
+14.912000E-03,16
+14.914000E-03,16
+14.916000E-03,16
+14.918000E-03,16
+14.920000E-03,16
+14.922000E-03,16
+14.924000E-03,16
+14.926000E-03,16
+14.928000E-03,16
+14.930000E-03,16
+14.932000E-03,16
+14.934000E-03,16
+14.936000E-03,16
+14.938000E-03,16
+14.940000E-03,16
+14.942000E-03,16
+14.944000E-03,16
+14.946000E-03,16
+14.948000E-03,16
+14.950000E-03,16
+14.952000E-03,16
+14.954000E-03,16
+14.956000E-03,16
+14.958000E-03,16
+14.960000E-03,16
+14.962000E-03,16
+14.964000E-03,16
+14.966000E-03,16
+14.968000E-03,16
+14.970000E-03,16
+14.972000E-03,16
+14.974000E-03,16
+14.976000E-03,16
+14.978000E-03,16
+14.980000E-03,16
+14.982000E-03,16
+14.984000E-03,16
+14.986000E-03,16
+14.988000E-03,16
+14.990000E-03,16
+14.992000E-03,16
+14.994000E-03,16
+14.996000E-03,16
+14.998000E-03,16
+15.000000E-03,16
+15.002000E-03,16
+15.004000E-03,16
+15.006000E-03,16
+15.008000E-03,16
+15.010000E-03,16
+15.012000E-03,16
+15.014000E-03,16
+15.016000E-03,16
+15.018000E-03,16
+15.020000E-03,16
+15.022000E-03,16
+15.024000E-03,16
+15.026000E-03,16
+15.028000E-03,16
+15.030000E-03,16
+15.032000E-03,16
+15.034000E-03,16
+15.036000E-03,16
+15.038000E-03,16
+15.040000E-03,16
+15.042000E-03,16
+15.044000E-03,16
+15.046000E-03,16
+15.048000E-03,16
+15.050000E-03,16
+15.052000E-03,16
+15.054000E-03,16
+15.056000E-03,16
+15.058000E-03,16
+15.060000E-03,16
+15.062000E-03,16
+15.064000E-03,16
+15.066000E-03,16
+15.068000E-03,16
+15.070000E-03,16
+15.072000E-03,16
+15.074000E-03,16
+15.076000E-03,16
+15.078000E-03,16
+15.080000E-03,16
+15.082000E-03,16
+15.084000E-03,16
+15.086000E-03,16
+15.088000E-03,16
+15.090000E-03,16
+15.092000E-03,16
+15.094000E-03,16
+15.096000E-03,16
+15.098000E-03,16
+15.100000E-03,16
+15.102000E-03,16
+15.104000E-03,16
+15.106000E-03,16
+15.108000E-03,16
+15.110000E-03,16
+15.112000E-03,16
+15.114000E-03,16
+15.116000E-03,16
+15.118000E-03,16
+15.120000E-03,16
+15.122000E-03,16
+15.124000E-03,16
+15.126000E-03,16
+15.128000E-03,16
+15.130000E-03,16
+15.132000E-03,16
+15.134000E-03,16
+15.136000E-03,16
+15.138000E-03,16
+15.140000E-03,16
+15.142000E-03,16
+15.144000E-03,16
+15.146000E-03,16
+15.148000E-03,16
+15.150000E-03,16
+15.152000E-03,16
+15.154000E-03,16
+15.156000E-03,16
+15.158000E-03,16
+15.160000E-03,16
+15.162000E-03,16
+15.164000E-03,16
+15.166000E-03,16
+15.168000E-03,16
+15.170000E-03,16
+15.172000E-03,16
+15.174000E-03,16
+15.176000E-03,16
+15.178000E-03,16
+15.180000E-03,16
+15.182000E-03,16
+15.184000E-03,16
+15.186000E-03,16
+15.188000E-03,16
+15.190000E-03,16
+15.192000E-03,16
+15.194000E-03,16
+15.196000E-03,16
+15.198000E-03,16
+15.200000E-03,16
+15.202000E-03,16
+15.204000E-03,16
+15.206000E-03,16
+15.208000E-03,16
+15.210000E-03,16
+15.212000E-03,16
+15.214000E-03,16
+15.216000E-03,16
+15.218000E-03,16
+15.220000E-03,16
+15.222000E-03,16
+15.224000E-03,16
+15.226000E-03,16
+15.228000E-03,16
+15.230000E-03,16
+15.232000E-03,16
+15.234000E-03,16
+15.236000E-03,16
+15.238000E-03,16
+15.240000E-03,16
+15.242000E-03,16
+15.244000E-03,16
+15.246000E-03,16
+15.248000E-03,16
+15.250000E-03,16
+15.252000E-03,16
+15.254000E-03,16
+15.256000E-03,16
+15.258000E-03,16
+15.260000E-03,16
+15.262000E-03,16
+15.264000E-03,16
+15.266000E-03,16
+15.268000E-03,16
+15.270000E-03,16
+15.272000E-03,16
+15.274000E-03,16
+15.276000E-03,16
+15.278000E-03,16
+15.280000E-03,16
+15.282000E-03,16
+15.284000E-03,16
+15.286000E-03,16
+15.288000E-03,16
+15.290000E-03,16
+15.292000E-03,16
+15.294000E-03,16
+15.296000E-03,16
+15.298000E-03,16
+15.300000E-03,16
+15.302000E-03,16
+15.304000E-03,16
+15.306000E-03,16
+15.308000E-03,16
+15.310000E-03,16
+15.312000E-03,16
+15.314000E-03,16
+15.316000E-03,16
+15.318000E-03,16
+15.320000E-03,16
+15.322000E-03,16
+15.324000E-03,16
+15.326000E-03,16
+15.328000E-03,16
+15.330000E-03,16
+15.332000E-03,16
+15.334000E-03,16
+15.336000E-03,16
+15.338000E-03,16
+15.340000E-03,16
+15.342000E-03,16
+15.344000E-03,16
+15.346000E-03,16
+15.348000E-03,16
+15.350000E-03,16
+15.352000E-03,16
+15.354000E-03,16
+15.356000E-03,16
+15.358000E-03,16
+15.360000E-03,16
+15.362000E-03,16
+15.364000E-03,16
+15.366000E-03,16
+15.368000E-03,16
+15.370000E-03,16
+15.372000E-03,16
+15.374000E-03,16
+15.376000E-03,16
+15.378000E-03,16
+15.380000E-03,16
+15.382000E-03,16
+15.384000E-03,16
+15.386000E-03,16
+15.388000E-03,16
+15.390000E-03,16
+15.392000E-03,16
+15.394000E-03,16
+15.396000E-03,16
+15.398000E-03,16
+15.400000E-03,16
+15.402000E-03,16
+15.404000E-03,16
+15.406000E-03,16
+15.408000E-03,16
+15.410000E-03,16
+15.412000E-03,16
+15.414000E-03,16
+15.416000E-03,16
+15.418000E-03,16
+15.420000E-03,16
+15.422000E-03,16
+15.424000E-03,16
+15.426000E-03,16
+15.428000E-03,16
+15.430000E-03,16
+15.432000E-03,16
+15.434000E-03,16
+15.436000E-03,16
+15.438000E-03,16
+15.440000E-03,16
+15.442000E-03,16
+15.444000E-03,16
+15.446000E-03,16
+15.448000E-03,16
+15.450000E-03,16
+15.452000E-03,16
+15.454000E-03,16
+15.456000E-03,16
+15.458000E-03,16
+15.460000E-03,16
+15.462000E-03,16
+15.464000E-03,16
+15.466000E-03,16
+15.468000E-03,16
+15.470000E-03,16
+15.472000E-03,16
+15.474000E-03,16
+15.476000E-03,16
+15.478000E-03,16
+15.480000E-03,16
+15.482000E-03,16
+15.484000E-03,16
+15.486000E-03,16
+15.488000E-03,16
+15.490000E-03,16
+15.492000E-03,16
+15.494000E-03,16
+15.496000E-03,16
+15.498000E-03,16
+15.500000E-03,16
+15.502000E-03,16
+15.504000E-03,16
+15.506000E-03,16
+15.508000E-03,16
+15.510000E-03,16
+15.512000E-03,16
+15.514000E-03,16
+15.516000E-03,16
+15.518000E-03,16
+15.520000E-03,16
+15.522000E-03,16
+15.524000E-03,16
+15.526000E-03,16
+15.528000E-03,16
+15.530000E-03,16
+15.532000E-03,16
+15.534000E-03,16
+15.536000E-03,16
+15.538000E-03,16
+15.540000E-03,16
+15.542000E-03,16
+15.544000E-03,16
+15.546000E-03,16
+15.548000E-03,16
+15.550000E-03,16
+15.552000E-03,16
+15.554000E-03,16
+15.556000E-03,16
+15.558000E-03,16
+15.560000E-03,16
+15.562000E-03,16
+15.564000E-03,16
+15.566000E-03,16
+15.568000E-03,16
+15.570000E-03,16
+15.572000E-03,16
+15.574000E-03,16
+15.576000E-03,16
+15.578000E-03,16
+15.580000E-03,16
+15.582000E-03,16
+15.584000E-03,16
+15.586000E-03,16
+15.588000E-03,16
+15.590000E-03,16
+15.592000E-03,16
+15.594000E-03,16
+15.596000E-03,16
+15.598000E-03,16
+15.600000E-03,16
+15.602000E-03,16
+15.604000E-03,16
+15.606000E-03,16
+15.608000E-03,16
+15.610000E-03,16
+15.612000E-03,16
+15.614000E-03,16
+15.616000E-03,16
+15.618000E-03,16
+15.620000E-03,16
+15.622000E-03,16
+15.624000E-03,16
+15.626000E-03,16
+15.628000E-03,16
+15.630000E-03,16
+15.632000E-03,16
+15.634000E-03,16
+15.636000E-03,16
+15.638000E-03,16
+15.640000E-03,16
+15.642000E-03,16
+15.644000E-03,16
+15.646000E-03,16
+15.648000E-03,16
+15.650000E-03,16
+15.652000E-03,16
+15.654000E-03,16
+15.656000E-03,16
+15.658000E-03,16
+15.660000E-03,16
+15.662000E-03,16
+15.664000E-03,16
+15.666000E-03,16
+15.668000E-03,16
+15.670000E-03,16
+15.672000E-03,16
+15.674000E-03,16
+15.676000E-03,16
+15.678000E-03,16
+15.680000E-03,16
+15.682000E-03,16
+15.684000E-03,16
+15.686000E-03,16
+15.688000E-03,16
+15.690000E-03,16
+15.692000E-03,16
+15.694000E-03,16
+15.696000E-03,16
+15.698000E-03,16
+15.700000E-03,16
+15.702000E-03,16
+15.704000E-03,16
+15.706000E-03,16
+15.708000E-03,16
+15.710000E-03,16
+15.712000E-03,16
+15.714000E-03,16
+15.716000E-03,16
+15.718000E-03,16
+15.720000E-03,16
+15.722000E-03,16
+15.724000E-03,16
+15.726000E-03,16
+15.728000E-03,16
+15.730000E-03,16
+15.732000E-03,16
+15.734000E-03,16
+15.736000E-03,16
+15.738000E-03,16
+15.740000E-03,16
+15.742000E-03,16
+15.744000E-03,16
+15.746000E-03,16
+15.748000E-03,16
+15.750000E-03,16
+15.752000E-03,16
+15.754000E-03,16
+15.756000E-03,16
+15.758000E-03,16
+15.760000E-03,16
+15.762000E-03,16
+15.764000E-03,16
+15.766000E-03,16
+15.768000E-03,16
+15.770000E-03,16
+15.772000E-03,16
+15.774000E-03,16
+15.776000E-03,16
+15.778000E-03,16
+15.780000E-03,16
+15.782000E-03,16
+15.784000E-03,16
+15.786000E-03,16
+15.788000E-03,16
+15.790000E-03,16
+15.792000E-03,16
+15.794000E-03,16
+15.796000E-03,16
+15.798000E-03,16
+15.800000E-03,16
+15.802000E-03,16
+15.804000E-03,16
+15.806000E-03,16
+15.808000E-03,16
+15.810000E-03,16
+15.812000E-03,16
+15.814000E-03,16
+15.816000E-03,16
+15.818000E-03,16
+15.820000E-03,16
+15.822000E-03,16
+15.824000E-03,16
+15.826000E-03,16
+15.828000E-03,16
+15.830000E-03,16
+15.832000E-03,16
+15.834000E-03,16
+15.836000E-03,16
+15.838000E-03,16
+15.840000E-03,16
+15.842000E-03,16
+15.844000E-03,16
+15.846000E-03,16
+15.848000E-03,16
+15.850000E-03,16
+15.852000E-03,16
+15.854000E-03,16
+15.856000E-03,16
+15.858000E-03,16
+15.860000E-03,16
+15.862000E-03,16
+15.864000E-03,16
+15.866000E-03,16
+15.868000E-03,16
+15.870000E-03,16
+15.872000E-03,16
+15.874000E-03,16
+15.876000E-03,16
+15.878000E-03,16
+15.880000E-03,16
+15.882000E-03,16
+15.884000E-03,16
+15.886000E-03,16
+15.888000E-03,16
+15.890000E-03,16
+15.892000E-03,16
+15.894000E-03,16
+15.896000E-03,16
+15.898000E-03,16
+15.900000E-03,16
+15.902000E-03,16
+15.904000E-03,16
+15.906000E-03,16
+15.908000E-03,16
+15.910000E-03,16
+15.912000E-03,16
+15.914000E-03,16
+15.916000E-03,16
+15.918000E-03,16
+15.920000E-03,16
+15.922000E-03,16
+15.924000E-03,16
+15.926000E-03,16
+15.928000E-03,16
+15.930000E-03,16
+15.932000E-03,16
+15.934000E-03,16
+15.936000E-03,16
+15.938000E-03,16
+15.940000E-03,16
+15.942000E-03,16
+15.944000E-03,16
+15.946000E-03,16
+15.948000E-03,16
+15.950000E-03,16
+15.952000E-03,16
+15.954000E-03,16
+15.956000E-03,16
+15.958000E-03,16
+15.960000E-03,16
+15.962000E-03,16
+15.964000E-03,16
+15.966000E-03,16
+15.968000E-03,16
+15.970000E-03,16
+15.972000E-03,16
+15.974000E-03,16
+15.976000E-03,16
+15.978000E-03,16
+15.980000E-03,16
+15.982000E-03,16
+15.984000E-03,16
+15.986000E-03,16
+15.988000E-03,16
+15.990000E-03,16
+15.992000E-03,16
+15.994000E-03,16
+15.996000E-03,16
+15.998000E-03,16
+16.000000E-03,16
+16.002000E-03,16
+16.004000E-03,16
+16.006000E-03,16
+16.008000E-03,16
+16.010000E-03,16
+16.012000E-03,16
+16.014000E-03,16
+16.016000E-03,16
+16.018000E-03,16
+16.020000E-03,16
+16.022000E-03,16
+16.024000E-03,16
+16.026000E-03,16
+16.028000E-03,16
+16.030000E-03,16
+16.032000E-03,16
+16.034000E-03,16
+16.036000E-03,16
+16.038000E-03,16
+16.040000E-03,16
+16.042000E-03,16
+16.044000E-03,16
+16.046000E-03,16
+16.048000E-03,16
+16.050000E-03,16
+16.052000E-03,16
+16.054000E-03,16
+16.056000E-03,16
+16.058000E-03,16
+16.060000E-03,16
+16.062000E-03,16
+16.064000E-03,16
+16.066000E-03,16
+16.068000E-03,16
+16.070000E-03,16
+16.072000E-03,16
+16.074000E-03,16
+16.076000E-03,16
+16.078000E-03,16
+16.080000E-03,16
+16.082000E-03,16
+16.084000E-03,16
+16.086000E-03,16
+16.088000E-03,16
+16.090000E-03,16
+16.092000E-03,16
+16.094000E-03,16
+16.096000E-03,16
+16.098000E-03,16
+16.100000E-03,16
+16.102000E-03,16
+16.104000E-03,16
+16.106000E-03,16
+16.108000E-03,16
+16.110000E-03,16
+16.112000E-03,16
+16.114000E-03,16
+16.116000E-03,16
+16.118000E-03,16
+16.120000E-03,16
+16.122000E-03,16
+16.124000E-03,16
+16.126000E-03,16
+16.128000E-03,16
+16.130000E-03,16
+16.132000E-03,16
+16.134000E-03,16
+16.136000E-03,16
+16.138000E-03,16
+16.140000E-03,16
+16.142000E-03,16
+16.144000E-03,16
+16.146000E-03,16
+16.148000E-03,16
+16.150000E-03,16
+16.152000E-03,16
+16.154000E-03,16
+16.156000E-03,16
+16.158000E-03,16
+16.160000E-03,16
+16.162000E-03,16
+16.164000E-03,16
+16.166000E-03,16
+16.168000E-03,16
+16.170000E-03,16
+16.172000E-03,16
+16.174000E-03,16
+16.176000E-03,16
+16.178000E-03,16
+16.180000E-03,16
+16.182000E-03,16
+16.184000E-03,16
+16.186000E-03,16
+16.188000E-03,16
+16.190000E-03,16
+16.192000E-03,16
+16.194000E-03,16
+16.196000E-03,16
+16.198000E-03,16
+16.200000E-03,16
+16.202000E-03,16
+16.204000E-03,16
+16.206000E-03,16
+16.208000E-03,16
+16.210000E-03,16
+16.212000E-03,16
+16.214000E-03,16
+16.216000E-03,16
+16.218000E-03,16
+16.220000E-03,16
+16.222000E-03,16
+16.224000E-03,16
+16.226000E-03,16
+16.228000E-03,16
+16.230000E-03,16
+16.232000E-03,16
+16.234000E-03,16
+16.236000E-03,16
+16.238000E-03,16
+16.240000E-03,16
+16.242000E-03,16
+16.244000E-03,16
+16.246000E-03,16
+16.248000E-03,16
+16.250000E-03,16
+16.252000E-03,16
+16.254000E-03,16
+16.256000E-03,16
+16.258000E-03,16
+16.260000E-03,16
+16.262000E-03,16
+16.264000E-03,16
+16.266000E-03,16
+16.268000E-03,16
+16.270000E-03,16
+16.272000E-03,16
+16.274000E-03,16
+16.276000E-03,16
+16.278000E-03,16
+16.280000E-03,16
+16.282000E-03,16
+16.284000E-03,16
+16.286000E-03,16
+16.288000E-03,16
+16.290000E-03,16
+16.292000E-03,16
+16.294000E-03,16
+16.296000E-03,16
+16.298000E-03,16
+16.300000E-03,16
+16.302000E-03,16
+16.304000E-03,16
+16.306000E-03,16
+16.308000E-03,16
+16.310000E-03,16
+16.312000E-03,16
+16.314000E-03,16
+16.316000E-03,16
+16.318000E-03,16
+16.320000E-03,16
+16.322000E-03,16
+16.324000E-03,16
+16.326000E-03,16
+16.328000E-03,16
+16.330000E-03,16
+16.332000E-03,16
+16.334000E-03,16
+16.336000E-03,16
+16.338000E-03,16
+16.340000E-03,16
+16.342000E-03,16
+16.344000E-03,16
+16.346000E-03,16
+16.348000E-03,16
+16.350000E-03,16
+16.352000E-03,16
+16.354000E-03,16
+16.356000E-03,16
+16.358000E-03,16
+16.360000E-03,16
+16.362000E-03,16
+16.364000E-03,16
+16.366000E-03,16
+16.368000E-03,16
+16.370000E-03,16
+16.372000E-03,16
+16.374000E-03,16
+16.376000E-03,16
+16.378000E-03,16
+16.380000E-03,16
+16.382000E-03,16
+16.384000E-03,16
+16.386000E-03,16
+16.388000E-03,16
+16.390000E-03,16
+16.392000E-03,16
+16.394000E-03,16
+16.396000E-03,16
+16.398000E-03,16
+16.400000E-03,16
+16.402000E-03,16
+16.404000E-03,16
+16.406000E-03,16
+16.408000E-03,16
+16.410000E-03,16
+16.412000E-03,16
+16.414000E-03,16
+16.416000E-03,16
+16.418000E-03,16
+16.420000E-03,16
+16.422000E-03,16
+16.424000E-03,16
+16.426000E-03,16
+16.428000E-03,16
+16.430000E-03,16
+16.432000E-03,16
+16.434000E-03,16
+16.436000E-03,16
+16.438000E-03,16
+16.440000E-03,16
+16.442000E-03,16
+16.444000E-03,16
+16.446000E-03,16
+16.448000E-03,16
+16.450000E-03,16
+16.452000E-03,16
+16.454000E-03,16
+16.456000E-03,16
+16.458000E-03,16
+16.460000E-03,16
+16.462000E-03,16
+16.464000E-03,16
+16.466000E-03,16
+16.468000E-03,16
+16.470000E-03,16
+16.472000E-03,16
+16.474000E-03,16
+16.476000E-03,16
+16.478000E-03,16
+16.480000E-03,16
+16.482000E-03,16
+16.484000E-03,16
+16.486000E-03,16
+16.488000E-03,16
+16.490000E-03,16
+16.492000E-03,16
+16.494000E-03,16
+16.496000E-03,16
+16.498000E-03,16
+16.500000E-03,16
+16.502000E-03,16
+16.504000E-03,16
+16.506000E-03,16
+16.508000E-03,16
+16.510000E-03,16
+16.512000E-03,16
+16.514000E-03,16
+16.516000E-03,16
+16.518000E-03,16
+16.520000E-03,16
+16.522000E-03,16
+16.524000E-03,16
+16.526000E-03,16
+16.528000E-03,16
+16.530000E-03,16
+16.532000E-03,16
+16.534000E-03,16
+16.536000E-03,16
+16.538000E-03,16
+16.540000E-03,16
+16.542000E-03,16
+16.544000E-03,16
+16.546000E-03,16
+16.548000E-03,16
+16.550000E-03,16
+16.552000E-03,16
+16.554000E-03,16
+16.556000E-03,16
+16.558000E-03,16
+16.560000E-03,16
+16.562000E-03,16
+16.564000E-03,16
+16.566000E-03,16
+16.568000E-03,16
+16.570000E-03,16
+16.572000E-03,16
+16.574000E-03,16
+16.576000E-03,16
+16.578000E-03,16
+16.580000E-03,16
+16.582000E-03,16
+16.584000E-03,16
+16.586000E-03,16
+16.588000E-03,16
+16.590000E-03,16
+16.592000E-03,16
+16.594000E-03,16
+16.596000E-03,16
+16.598000E-03,16
+16.600000E-03,16
+16.602000E-03,16
+16.604000E-03,16
+16.606000E-03,16
+16.608000E-03,16
+16.610000E-03,16
+16.612000E-03,16
+16.614000E-03,16
+16.616000E-03,16
+16.618000E-03,16
+16.620000E-03,16
+16.622000E-03,16
+16.624000E-03,16
+16.626000E-03,16
+16.628000E-03,16
+16.630000E-03,16
+16.632000E-03,16
+16.634000E-03,16
+16.636000E-03,16
+16.638000E-03,16
+16.640000E-03,16
+16.642000E-03,16
+16.644000E-03,16
+16.646000E-03,16
+16.648000E-03,16
+16.650000E-03,16
+16.652000E-03,16
+16.654000E-03,16
+16.656000E-03,16
+16.658000E-03,16
+16.660000E-03,16
+16.662000E-03,16
+16.664000E-03,16
+16.666000E-03,16
+16.668000E-03,16
+16.670000E-03,16
+16.672000E-03,16
+16.674000E-03,16
+16.676000E-03,16
+16.678000E-03,16
+16.680000E-03,16
+16.682000E-03,16
+16.684000E-03,16
+16.686000E-03,16
+16.688000E-03,16
+16.690000E-03,16
+16.692000E-03,16
+16.694000E-03,16
+16.696000E-03,16
+16.698000E-03,16
+16.700000E-03,16
+16.702000E-03,16
+16.704000E-03,16
+16.706000E-03,16
+16.708000E-03,16
+16.710000E-03,16
+16.712000E-03,16
+16.714000E-03,16
+16.716000E-03,16
+16.718000E-03,16
+16.720000E-03,16
+16.722000E-03,16
+16.724000E-03,16
+16.726000E-03,16
+16.728000E-03,16
+16.730000E-03,16
+16.732000E-03,16
+16.734000E-03,16
+16.736000E-03,16
+16.738000E-03,16
+16.740000E-03,16
+16.742000E-03,16
+16.744000E-03,16
+16.746000E-03,16
+16.748000E-03,16
+16.750000E-03,16
+16.752000E-03,16
+16.754000E-03,16
+16.756000E-03,16
+16.758000E-03,16
+16.760000E-03,16
+16.762000E-03,16
+16.764000E-03,16
+16.766000E-03,16
+16.768000E-03,16
+16.770000E-03,16
+16.772000E-03,16
+16.774000E-03,16
+16.776000E-03,16
+16.778000E-03,16
+16.780000E-03,16
+16.782000E-03,16
+16.784000E-03,16
+16.786000E-03,16
+16.788000E-03,16
+16.790000E-03,16
+16.792000E-03,16
+16.794000E-03,16
+16.796000E-03,16
+16.798000E-03,16
+16.800000E-03,16
+16.802000E-03,16
+16.804000E-03,16
+16.806000E-03,16
+16.808000E-03,16
+16.810000E-03,16
+16.812000E-03,16
+16.814000E-03,16
+16.816000E-03,16
+16.818000E-03,16
+16.820000E-03,16
+16.822000E-03,16
+16.824000E-03,16
+16.826000E-03,16
+16.828000E-03,16
+16.830000E-03,16
+16.832000E-03,16
+16.834000E-03,16
+16.836000E-03,16
+16.838000E-03,16
+16.840000E-03,16
+16.842000E-03,16
+16.844000E-03,16
+16.846000E-03,16
+16.848000E-03,16
+16.850000E-03,16
+16.852000E-03,16
+16.854000E-03,16
+16.856000E-03,16
+16.858000E-03,16
+16.860000E-03,16
+16.862000E-03,16
+16.864000E-03,16
+16.866000E-03,16
+16.868000E-03,16
+16.870000E-03,16
+16.872000E-03,16
+16.874000E-03,16
+16.876000E-03,16
+16.878000E-03,16
+16.880000E-03,16
+16.882000E-03,16
+16.884000E-03,16
+16.886000E-03,16
+16.888000E-03,16
+16.890000E-03,16
+16.892000E-03,16
+16.894000E-03,16
+16.896000E-03,16
+16.898000E-03,16
+16.900000E-03,16
+16.902000E-03,16
+16.904000E-03,16
+16.906000E-03,16
+16.908000E-03,16
+16.910000E-03,16
+16.912000E-03,16
+16.914000E-03,16
+16.916000E-03,16
+16.918000E-03,16
+16.920000E-03,16
+16.922000E-03,16
+16.924000E-03,16
+16.926000E-03,16
+16.928000E-03,16
+16.930000E-03,16
+16.932000E-03,16
+16.934000E-03,16
+16.936000E-03,16
+16.938000E-03,16
+16.940000E-03,16
+16.942000E-03,16
+16.944000E-03,16
+16.946000E-03,16
+16.948000E-03,16
+16.950000E-03,16
+16.952000E-03,16
+16.954000E-03,16
+16.956000E-03,16
+16.958000E-03,16
+16.960000E-03,16
+16.962000E-03,16
+16.964000E-03,16
+16.966000E-03,16
+16.968000E-03,16
+16.970000E-03,16
+16.972000E-03,16
+16.974000E-03,16
+16.976000E-03,16
+16.978000E-03,16
+16.980000E-03,16
+16.982000E-03,16
+16.984000E-03,16
+16.986000E-03,16
+16.988000E-03,16
+16.990000E-03,16
+16.992000E-03,16
+16.994000E-03,16
+16.996000E-03,16
+16.998000E-03,16
+17.000000E-03,16
+17.002000E-03,16
+17.004000E-03,16
+17.006000E-03,16
+17.008000E-03,16
+17.010000E-03,16
+17.012000E-03,16
+17.014000E-03,16
+17.016000E-03,16
+17.018000E-03,16
+17.020000E-03,16
+17.022000E-03,16
+17.024000E-03,16
+17.026000E-03,16
+17.028000E-03,16
+17.030000E-03,16
+17.032000E-03,16
+17.034000E-03,16
+17.036000E-03,16
+17.038000E-03,16
+17.040000E-03,16
+17.042000E-03,16
+17.044000E-03,16
+17.046000E-03,16
+17.048000E-03,16
+17.050000E-03,16
+17.052000E-03,16
+17.054000E-03,16
+17.056000E-03,16
+17.058000E-03,16
+17.060000E-03,16
+17.062000E-03,16
+17.064000E-03,16
+17.066000E-03,16
+17.068000E-03,16
+17.070000E-03,16
+17.072000E-03,16
+17.074000E-03,16
+17.076000E-03,16
+17.078000E-03,16
+17.080000E-03,16
+17.082000E-03,16
+17.084000E-03,16
+17.086000E-03,16
+17.088000E-03,16
+17.090000E-03,16
+17.092000E-03,16
+17.094000E-03,16
+17.096000E-03,16
+17.098000E-03,16
+17.100000E-03,16
+17.102000E-03,16
+17.104000E-03,16
+17.106000E-03,16
+17.108000E-03,16
+17.110000E-03,16
+17.112000E-03,16
+17.114000E-03,16
+17.116000E-03,16
+17.118000E-03,16
+17.120000E-03,16
+17.122000E-03,16
+17.124000E-03,16
+17.126000E-03,16
+17.128000E-03,16
+17.130000E-03,16
+17.132000E-03,16
+17.134000E-03,16
+17.136000E-03,16
+17.138000E-03,16
+17.140000E-03,16
+17.142000E-03,16
+17.144000E-03,16
+17.146000E-03,16
+17.148000E-03,16
+17.150000E-03,16
+17.152000E-03,16
+17.154000E-03,16
+17.156000E-03,16
+17.158000E-03,16
+17.160000E-03,16
+17.162000E-03,16
+17.164000E-03,16
+17.166000E-03,16
+17.168000E-03,16
+17.170000E-03,16
+17.172000E-03,16
+17.174000E-03,16
+17.176000E-03,16
+17.178000E-03,16
+17.180000E-03,16
+17.182000E-03,16
+17.184000E-03,16
+17.186000E-03,16
+17.188000E-03,16
+17.190000E-03,16
+17.192000E-03,16
+17.194000E-03,16
+17.196000E-03,16
+17.198000E-03,16
+17.200000E-03,16
+17.202000E-03,16
+17.204000E-03,16
+17.206000E-03,16
+17.208000E-03,16
+17.210000E-03,16
+17.212000E-03,16
+17.214000E-03,16
+17.216000E-03,16
+17.218000E-03,16
+17.220000E-03,16
+17.222000E-03,16
+17.224000E-03,16
+17.226000E-03,16
+17.228000E-03,16
+17.230000E-03,16
+17.232000E-03,16
+17.234000E-03,16
+17.236000E-03,16
+17.238000E-03,16
+17.240000E-03,16
+17.242000E-03,16
+17.244000E-03,16
+17.246000E-03,16
+17.248000E-03,16
+17.250000E-03,16
+17.252000E-03,16
+17.254000E-03,16
+17.256000E-03,16
+17.258000E-03,16
+17.260000E-03,16
+17.262000E-03,16
+17.264000E-03,16
+17.266000E-03,16
+17.268000E-03,16
+17.270000E-03,16
+17.272000E-03,16
+17.274000E-03,16
+17.276000E-03,16
+17.278000E-03,16
+17.280000E-03,16
+17.282000E-03,16
+17.284000E-03,16
+17.286000E-03,16
+17.288000E-03,16
+17.290000E-03,16
+17.292000E-03,16
+17.294000E-03,16
+17.296000E-03,16
+17.298000E-03,16
+17.300000E-03,16
+17.302000E-03,16
+17.304000E-03,16
+17.306000E-03,16
+17.308000E-03,16
+17.310000E-03,16
+17.312000E-03,16
+17.314000E-03,16
+17.316000E-03,16
+17.318000E-03,16
+17.320000E-03,16
+17.322000E-03,16
+17.324000E-03,16
+17.326000E-03,16
+17.328000E-03,16
+17.330000E-03,16
+17.332000E-03,16
+17.334000E-03,16
+17.336000E-03,16
+17.338000E-03,16
+17.340000E-03,16
+17.342000E-03,16
+17.344000E-03,16
+17.346000E-03,16
+17.348000E-03,16
+17.350000E-03,16
+17.352000E-03,16
+17.354000E-03,16
+17.356000E-03,16
+17.358000E-03,16
+17.360000E-03,16
+17.362000E-03,16
+17.364000E-03,16
+17.366000E-03,16
+17.368000E-03,16
+17.370000E-03,16
+17.372000E-03,16
+17.374000E-03,16
+17.376000E-03,16
+17.378000E-03,16
+17.380000E-03,16
+17.382000E-03,16
+17.384000E-03,16
+17.386000E-03,16
+17.388000E-03,16
+17.390000E-03,16
+17.392000E-03,16
+17.394000E-03,16
+17.396000E-03,16
+17.398000E-03,16
+17.400000E-03,16
+17.402000E-03,16
+17.404000E-03,16
+17.406000E-03,16
+17.408000E-03,16
+17.410000E-03,16
+17.412000E-03,16
+17.414000E-03,16
+17.416000E-03,16
+17.418000E-03,16
+17.420000E-03,16
+17.422000E-03,16
+17.424000E-03,16
+17.426000E-03,16
+17.428000E-03,16
+17.430000E-03,16
+17.432000E-03,16
+17.434000E-03,16
+17.436000E-03,16
+17.438000E-03,16
+17.440000E-03,16
+17.442000E-03,16
+17.444000E-03,16
+17.446000E-03,16
+17.448000E-03,16
+17.450000E-03,16
+17.452000E-03,16
+17.454000E-03,16
+17.456000E-03,16
+17.458000E-03,16
+17.460000E-03,16
+17.462000E-03,16
+17.464000E-03,16
+17.466000E-03,16
+17.468000E-03,16
+17.470000E-03,16
+17.472000E-03,16
+17.474000E-03,16
+17.476000E-03,16
+17.478000E-03,16
+17.480000E-03,16
+17.482000E-03,16
+17.484000E-03,16
+17.486000E-03,16
+17.488000E-03,16
+17.490000E-03,16
+17.492000E-03,16
+17.494000E-03,16
+17.496000E-03,16
+17.498000E-03,16
+17.500000E-03,16
+17.502000E-03,16
+17.504000E-03,16
+17.506000E-03,16
+17.508000E-03,16
+17.510000E-03,16
+17.512000E-03,16
+17.514000E-03,16
+17.516000E-03,16
+17.518000E-03,16
+17.520000E-03,16
+17.522000E-03,16
+17.524000E-03,16
+17.526000E-03,16
+17.528000E-03,16
+17.530000E-03,16
+17.532000E-03,16
+17.534000E-03,16
+17.536000E-03,16
+17.538000E-03,16
+17.540000E-03,16
+17.542000E-03,16
+17.544000E-03,16
+17.546000E-03,16
+17.548000E-03,16
+17.550000E-03,16
+17.552000E-03,16
+17.554000E-03,16
+17.556000E-03,16
+17.558000E-03,16
+17.560000E-03,16
+17.562000E-03,16
+17.564000E-03,16
+17.566000E-03,16
+17.568000E-03,16
+17.570000E-03,16
+17.572000E-03,16
+17.574000E-03,16
+17.576000E-03,16
+17.578000E-03,16
+17.580000E-03,16
+17.582000E-03,16
+17.584000E-03,16
+17.586000E-03,16
+17.588000E-03,16
+17.590000E-03,16
+17.592000E-03,16
+17.594000E-03,16
+17.596000E-03,16
+17.598000E-03,16
+17.600000E-03,16
+17.602000E-03,16
+17.604000E-03,16
+17.606000E-03,16
+17.608000E-03,16
+17.610000E-03,16
+17.612000E-03,16
+17.614000E-03,16
+17.616000E-03,16
+17.618000E-03,16
+17.620000E-03,16
+17.622000E-03,16
+17.624000E-03,16
+17.626000E-03,16
+17.628000E-03,16
+17.630000E-03,16
+17.632000E-03,16
+17.634000E-03,16
+17.636000E-03,16
+17.638000E-03,16
+17.640000E-03,16
+17.642000E-03,16
+17.644000E-03,16
+17.646000E-03,16
+17.648000E-03,16
+17.650000E-03,16
+17.652000E-03,16
+17.654000E-03,16
+17.656000E-03,16
+17.658000E-03,16
+17.660000E-03,16
+17.662000E-03,16
+17.664000E-03,16
+17.666000E-03,16
+17.668000E-03,16
+17.670000E-03,16
+17.672000E-03,16
+17.674000E-03,16
+17.676000E-03,16
+17.678000E-03,16
+17.680000E-03,16
+17.682000E-03,16
+17.684000E-03,16
+17.686000E-03,16
+17.688000E-03,16
+17.690000E-03,16
+17.692000E-03,16
+17.694000E-03,16
+17.696000E-03,16
+17.698000E-03,16
+17.700000E-03,16
+17.702000E-03,16
+17.704000E-03,16
+17.706000E-03,16
+17.708000E-03,16
+17.710000E-03,16
+17.712000E-03,16
+17.714000E-03,16
+17.716000E-03,16
+17.718000E-03,16
+17.720000E-03,16
+17.722000E-03,16
+17.724000E-03,16
+17.726000E-03,16
+17.728000E-03,16
+17.730000E-03,16
+17.732000E-03,16
+17.734000E-03,16
+17.736000E-03,16
+17.738000E-03,16
+17.740000E-03,16
+17.742000E-03,16
+17.744000E-03,16
+17.746000E-03,16
+17.748000E-03,16
+17.750000E-03,16
+17.752000E-03,16
+17.754000E-03,16
+17.756000E-03,16
+17.758000E-03,16
+17.760000E-03,16
+17.762000E-03,16
+17.764000E-03,16
+17.766000E-03,16
+17.768000E-03,16
+17.770000E-03,16
+17.772000E-03,16
+17.774000E-03,16
+17.776000E-03,16
+17.778000E-03,16
+17.780000E-03,16
+17.782000E-03,16
+17.784000E-03,16
+17.786000E-03,16
+17.788000E-03,16
+17.790000E-03,16
+17.792000E-03,16
+17.794000E-03,16
+17.796000E-03,16
+17.798000E-03,16
+17.800000E-03,16
+17.802000E-03,16
+17.804000E-03,16
+17.806000E-03,16
+17.808000E-03,16
+17.810000E-03,16
+17.812000E-03,16
+17.814000E-03,16
+17.816000E-03,16
+17.818000E-03,16
+17.820000E-03,16
+17.822000E-03,16
+17.824000E-03,16
+17.826000E-03,16
+17.828000E-03,16
+17.830000E-03,16
+17.832000E-03,16
+17.834000E-03,16
+17.836000E-03,16
+17.838000E-03,16
+17.840000E-03,16
+17.842000E-03,16
+17.844000E-03,16
+17.846000E-03,16
+17.848000E-03,16
+17.850000E-03,16
+17.852000E-03,16
+17.854000E-03,16
+17.856000E-03,16
+17.858000E-03,16
+17.860000E-03,16
+17.862000E-03,16
+17.864000E-03,16
+17.866000E-03,16
+17.868000E-03,16
+17.870000E-03,16
+17.872000E-03,16
+17.874000E-03,16
+17.876000E-03,16
+17.878000E-03,16
+17.880000E-03,16
+17.882000E-03,16
+17.884000E-03,16
+17.886000E-03,16
+17.888000E-03,16
+17.890000E-03,16
+17.892000E-03,16
+17.894000E-03,16
+17.896000E-03,16
+17.898000E-03,16
+17.900000E-03,16
+17.902000E-03,16
+17.904000E-03,16
+17.906000E-03,16
+17.908000E-03,16
+17.910000E-03,16
+17.912000E-03,16
+17.914000E-03,16
+17.916000E-03,16
+17.918000E-03,16
+17.920000E-03,16
+17.922000E-03,16
+17.924000E-03,16
+17.926000E-03,16
+17.928000E-03,16
+17.930000E-03,16
+17.932000E-03,16
+17.934000E-03,16
+17.936000E-03,16
+17.938000E-03,16
+17.940000E-03,16
+17.942000E-03,16
+17.944000E-03,16
+17.946000E-03,16
+17.948000E-03,16
+17.950000E-03,16
+17.952000E-03,16
+17.954000E-03,16
+17.956000E-03,16
+17.958000E-03,16
+17.960000E-03,16
+17.962000E-03,16
+17.964000E-03,16
+17.966000E-03,16
+17.968000E-03,16
+17.970000E-03,16
+17.972000E-03,16
+17.974000E-03,16
+17.976000E-03,16
+17.978000E-03,16
+17.980000E-03,16
+17.982000E-03,16
+17.984000E-03,16
+17.986000E-03,16
+17.988000E-03,16
+17.990000E-03,16
+17.992000E-03,16
+17.994000E-03,16
+17.996000E-03,16
+17.998000E-03,16
+18.000000E-03,16
+18.002000E-03,16
+18.004000E-03,16
+18.006000E-03,16
+18.008000E-03,16
+18.010000E-03,16
+18.012000E-03,16
+18.014000E-03,16
+18.016000E-03,16
+18.018000E-03,16
+18.020000E-03,16
+18.022000E-03,16
+18.024000E-03,16
+18.026000E-03,16
+18.028000E-03,16
+18.030000E-03,16
+18.032000E-03,16
+18.034000E-03,16
+18.036000E-03,16
+18.038000E-03,16
+18.040000E-03,16
+18.042000E-03,16
+18.044000E-03,16
+18.046000E-03,16
+18.048000E-03,16
+18.050000E-03,16
+18.052000E-03,16
+18.054000E-03,16
+18.056000E-03,16
+18.058000E-03,16
+18.060000E-03,16
+18.062000E-03,16
+18.064000E-03,16
+18.066000E-03,16
+18.068000E-03,16
+18.070000E-03,16
+18.072000E-03,16
+18.074000E-03,16
+18.076000E-03,16
+18.078000E-03,16
+18.080000E-03,16
+18.082000E-03,16
+18.084000E-03,16
+18.086000E-03,16
+18.088000E-03,16
+18.090000E-03,16
+18.092000E-03,16
+18.094000E-03,16
+18.096000E-03,16
+18.098000E-03,16
+18.100000E-03,16
+18.102000E-03,16
+18.104000E-03,16
+18.106000E-03,16
+18.108000E-03,16
+18.110000E-03,16
+18.112000E-03,16
+18.114000E-03,16
+18.116000E-03,16
+18.118000E-03,16
+18.120000E-03,16
+18.122000E-03,16
+18.124000E-03,16
+18.126000E-03,16
+18.128000E-03,16
+18.130000E-03,16
+18.132000E-03,16
+18.134000E-03,16
+18.136000E-03,16
+18.138000E-03,16
+18.140000E-03,16
+18.142000E-03,16
+18.144000E-03,16
+18.146000E-03,16
+18.148000E-03,16
+18.150000E-03,16
+18.152000E-03,16
+18.154000E-03,16
+18.156000E-03,16
+18.158000E-03,16
+18.160000E-03,16
+18.162000E-03,16
+18.164000E-03,16
+18.166000E-03,16
+18.168000E-03,16
+18.170000E-03,16
+18.172000E-03,16
+18.174000E-03,16
+18.176000E-03,16
+18.178000E-03,16
+18.180000E-03,16
+18.182000E-03,16
+18.184000E-03,16
+18.186000E-03,16
+18.188000E-03,16
+18.190000E-03,16
+18.192000E-03,16
+18.194000E-03,16
+18.196000E-03,16
+18.198000E-03,16
+18.200000E-03,16
+18.202000E-03,16
+18.204000E-03,16
+18.206000E-03,16
+18.208000E-03,16
+18.210000E-03,16
+18.212000E-03,16
+18.214000E-03,16
+18.216000E-03,16
+18.218000E-03,16
+18.220000E-03,16
+18.222000E-03,16
+18.224000E-03,16
+18.226000E-03,16
+18.228000E-03,16
+18.230000E-03,16
+18.232000E-03,16
+18.234000E-03,16
+18.236000E-03,16
+18.238000E-03,16
+18.240000E-03,16
+18.242000E-03,16
+18.244000E-03,16
+18.246000E-03,16
+18.248000E-03,16
+18.250000E-03,16
+18.252000E-03,16
+18.254000E-03,16
+18.256000E-03,16
+18.258000E-03,16
+18.260000E-03,16
+18.262000E-03,16
+18.264000E-03,16
+18.266000E-03,16
+18.268000E-03,16
+18.270000E-03,16
+18.272000E-03,16
+18.274000E-03,16
+18.276000E-03,16
+18.278000E-03,16
+18.280000E-03,16
+18.282000E-03,16
+18.284000E-03,16
+18.286000E-03,16
+18.288000E-03,16
+18.290000E-03,16
+18.292000E-03,16
+18.294000E-03,16
+18.296000E-03,16
+18.298000E-03,16
+18.300000E-03,16
+18.302000E-03,16
+18.304000E-03,16
+18.306000E-03,16
+18.308000E-03,16
+18.310000E-03,16
+18.312000E-03,16
+18.314000E-03,16
+18.316000E-03,16
+18.318000E-03,16
+18.320000E-03,16
+18.322000E-03,16
+18.324000E-03,16
+18.326000E-03,16
+18.328000E-03,16
+18.330000E-03,16
+18.332000E-03,16
+18.334000E-03,16
+18.336000E-03,16
+18.338000E-03,16
+18.340000E-03,16
+18.342000E-03,16
+18.344000E-03,16
+18.346000E-03,16
+18.348000E-03,16
+18.350000E-03,16
+18.352000E-03,16
+18.354000E-03,16
+18.356000E-03,16
+18.358000E-03,16
+18.360000E-03,16
+18.362000E-03,16
+18.364000E-03,16
+18.366000E-03,16
+18.368000E-03,16
+18.370000E-03,16
+18.372000E-03,16
+18.374000E-03,16
+18.376000E-03,16
+18.378000E-03,16
+18.380000E-03,16
+18.382000E-03,16
+18.384000E-03,16
+18.386000E-03,16
+18.388000E-03,16
+18.390000E-03,16
+18.392000E-03,16
+18.394000E-03,16
+18.396000E-03,16
+18.398000E-03,16
+18.400000E-03,16
+18.402000E-03,16
+18.404000E-03,16
+18.406000E-03,16
+18.408000E-03,16
+18.410000E-03,16
+18.412000E-03,16
+18.414000E-03,16
+18.416000E-03,16
+18.418000E-03,16
+18.420000E-03,16
+18.422000E-03,16
+18.424000E-03,16
+18.426000E-03,16
+18.428000E-03,16
+18.430000E-03,16
+18.432000E-03,16
+18.434000E-03,16
+18.436000E-03,16
+18.438000E-03,16
+18.440000E-03,16
+18.442000E-03,16
+18.444000E-03,16
+18.446000E-03,16
+18.448000E-03,16
+18.450000E-03,16
+18.452000E-03,16
+18.454000E-03,16
+18.456000E-03,16
+18.458000E-03,16
+18.460000E-03,16
+18.462000E-03,16
+18.464000E-03,16
+18.466000E-03,16
+18.468000E-03,16
+18.470000E-03,16
+18.472000E-03,16
+18.474000E-03,16
+18.476000E-03,16
+18.478000E-03,16
+18.480000E-03,16
+18.482000E-03,16
+18.484000E-03,16
+18.486000E-03,16
+18.488000E-03,16
+18.490000E-03,16
+18.492000E-03,16
+18.494000E-03,16
+18.496000E-03,16
+18.498000E-03,16
+18.500000E-03,16
+18.502000E-03,16
+18.504000E-03,16
+18.506000E-03,16
+18.508000E-03,16
+18.510000E-03,16
+18.512000E-03,16
+18.514000E-03,16
+18.516000E-03,16
+18.518000E-03,16
+18.520000E-03,16
+18.522000E-03,16
+18.524000E-03,16
+18.526000E-03,16
+18.528000E-03,16
+18.530000E-03,16
+18.532000E-03,16
+18.534000E-03,16
+18.536000E-03,16
+18.538000E-03,16
+18.540000E-03,16
+18.542000E-03,16
+18.544000E-03,16
+18.546000E-03,16
+18.548000E-03,16
+18.550000E-03,16
+18.552000E-03,16
+18.554000E-03,16
+18.556000E-03,16
+18.558000E-03,16
+18.560000E-03,16
+18.562000E-03,16
+18.564000E-03,16
+18.566000E-03,16
+18.568000E-03,16
+18.570000E-03,16
+18.572000E-03,16
+18.574000E-03,16
+18.576000E-03,16
+18.578000E-03,16
+18.580000E-03,16
+18.582000E-03,16
+18.584000E-03,16
+18.586000E-03,16
+18.588000E-03,16
+18.590000E-03,16
+18.592000E-03,16
+18.594000E-03,16
+18.596000E-03,16
+18.598000E-03,16
+18.600000E-03,16
+18.602000E-03,16
+18.604000E-03,16
+18.606000E-03,16
+18.608000E-03,16
+18.610000E-03,16
+18.612000E-03,16
+18.614000E-03,16
+18.616000E-03,16
+18.618000E-03,16
+18.620000E-03,16
+18.622000E-03,16
+18.624000E-03,16
+18.626000E-03,16
+18.628000E-03,16
+18.630000E-03,16
+18.632000E-03,16
+18.634000E-03,16
+18.636000E-03,16
+18.638000E-03,16
+18.640000E-03,16
+18.642000E-03,16
+18.644000E-03,16
+18.646000E-03,16
+18.648000E-03,16
+18.650000E-03,16
+18.652000E-03,16
+18.654000E-03,16
+18.656000E-03,16
+18.658000E-03,16
+18.660000E-03,16
+18.662000E-03,16
+18.664000E-03,16
+18.666000E-03,16
+18.668000E-03,16
+18.670000E-03,16
+18.672000E-03,16
+18.674000E-03,16
+18.676000E-03,16
+18.678000E-03,16
+18.680000E-03,16
+18.682000E-03,16
+18.684000E-03,16
+18.686000E-03,16
+18.688000E-03,16
+18.690000E-03,16
+18.692000E-03,16
+18.694000E-03,16
+18.696000E-03,16
+18.698000E-03,16
+18.700000E-03,16
+18.702000E-03,16
+18.704000E-03,16
+18.706000E-03,16
+18.708000E-03,16
+18.710000E-03,16
+18.712000E-03,16
+18.714000E-03,16
+18.716000E-03,16
+18.718000E-03,16
+18.720000E-03,16
+18.722000E-03,16
+18.724000E-03,16
+18.726000E-03,16
+18.728000E-03,16
+18.730000E-03,16
+18.732000E-03,16
+18.734000E-03,16
+18.736000E-03,16
+18.738000E-03,16
+18.740000E-03,16
+18.742000E-03,16
+18.744000E-03,16
+18.746000E-03,16
+18.748000E-03,16
+18.750000E-03,16
+18.752000E-03,16
+18.754000E-03,16
+18.756000E-03,16
+18.758000E-03,16
+18.760000E-03,16
+18.762000E-03,16
+18.764000E-03,16
+18.766000E-03,16
+18.768000E-03,16
+18.770000E-03,16
+18.772000E-03,16
+18.774000E-03,16
+18.776000E-03,16
+18.778000E-03,16
+18.780000E-03,16
+18.782000E-03,16
+18.784000E-03,16
+18.786000E-03,16
+18.788000E-03,16
+18.790000E-03,16
+18.792000E-03,16
+18.794000E-03,16
+18.796000E-03,16
+18.798000E-03,16
+18.800000E-03,16
+18.802000E-03,16
+18.804000E-03,16
+18.806000E-03,16
+18.808000E-03,16
+18.810000E-03,16
+18.812000E-03,16
+18.814000E-03,16
+18.816000E-03,16
+18.818000E-03,16
+18.820000E-03,16
+18.822000E-03,16
+18.824000E-03,16
+18.826000E-03,16
+18.828000E-03,16
+18.830000E-03,16
+18.832000E-03,16
+18.834000E-03,16
+18.836000E-03,16
+18.838000E-03,16
+18.840000E-03,16
+18.842000E-03,16
+18.844000E-03,16
+18.846000E-03,16
+18.848000E-03,16
+18.850000E-03,16
+18.852000E-03,16
+18.854000E-03,16
+18.856000E-03,16
+18.858000E-03,16
+18.860000E-03,16
+18.862000E-03,16
+18.864000E-03,16
+18.866000E-03,16
+18.868000E-03,16
+18.870000E-03,16
+18.872000E-03,16
+18.874000E-03,16
+18.876000E-03,16
+18.878000E-03,16
+18.880000E-03,16
+18.882000E-03,16
+18.884000E-03,16
+18.886000E-03,16
+18.888000E-03,16
+18.890000E-03,16
+18.892000E-03,16
+18.894000E-03,16
+18.896000E-03,16
+18.898000E-03,16
+18.900000E-03,16
+18.902000E-03,16
+18.904000E-03,16
+18.906000E-03,16
+18.908000E-03,16
+18.910000E-03,16
+18.912000E-03,16
+18.914000E-03,16
+18.916000E-03,16
+18.918000E-03,16
+18.920000E-03,16
+18.922000E-03,16
+18.924000E-03,16
+18.926000E-03,16
+18.928000E-03,16
+18.930000E-03,16
+18.932000E-03,16
+18.934000E-03,16
+18.936000E-03,16
+18.938000E-03,16
+18.940000E-03,16
+18.942000E-03,16
+18.944000E-03,16
+18.946000E-03,16
+18.948000E-03,16
+18.950000E-03,16
+18.952000E-03,16
+18.954000E-03,16
+18.956000E-03,16
+18.958000E-03,16
+18.960000E-03,16
+18.962000E-03,16
+18.964000E-03,16
+18.966000E-03,16
+18.968000E-03,16
+18.970000E-03,16
+18.972000E-03,16
+18.974000E-03,16
+18.976000E-03,16
+18.978000E-03,16
+18.980000E-03,16
+18.982000E-03,16
+18.984000E-03,16
+18.986000E-03,16
+18.988000E-03,16
+18.990000E-03,16
+18.992000E-03,16
+18.994000E-03,16
+18.996000E-03,16
+18.998000E-03,16
+19.000000E-03,16
+19.002000E-03,16
+19.004000E-03,16
+19.006000E-03,16
+19.008000E-03,16
+19.010000E-03,16
+19.012000E-03,16
+19.014000E-03,16
+19.016000E-03,16
+19.018000E-03,16
+19.020000E-03,16
+19.022000E-03,16
+19.024000E-03,16
+19.026000E-03,16
+19.028000E-03,16
+19.030000E-03,16
+19.032000E-03,16
+19.034000E-03,16
+19.036000E-03,16
+19.038000E-03,16
+19.040000E-03,16
+19.042000E-03,16
+19.044000E-03,16
+19.046000E-03,16
+19.048000E-03,16
+19.050000E-03,16
+19.052000E-03,16
+19.054000E-03,16
+19.056000E-03,16
+19.058000E-03,16
+19.060000E-03,16
+19.062000E-03,16
+19.064000E-03,16
+19.066000E-03,16
+19.068000E-03,16
+19.070000E-03,16
+19.072000E-03,16
+19.074000E-03,16
+19.076000E-03,16
+19.078000E-03,16
+19.080000E-03,16
+19.082000E-03,16
+19.084000E-03,16
+19.086000E-03,16
+19.088000E-03,16
+19.090000E-03,16
+19.092000E-03,16
+19.094000E-03,16
+19.096000E-03,16
+19.098000E-03,16
+19.100000E-03,16
+19.102000E-03,16
+19.104000E-03,16
+19.106000E-03,16
+19.108000E-03,16
+19.110000E-03,16
+19.112000E-03,16
+19.114000E-03,16
+19.116000E-03,16
+19.118000E-03,16
+19.120000E-03,16
+19.122000E-03,16
+19.124000E-03,16
+19.126000E-03,16
+19.128000E-03,16
+19.130000E-03,16
+19.132000E-03,16
+19.134000E-03,16
+19.136000E-03,16
+19.138000E-03,16
+19.140000E-03,16
+19.142000E-03,16
+19.144000E-03,16
+19.146000E-03,16
+19.148000E-03,16
+19.150000E-03,16
+19.152000E-03,16
+19.154000E-03,16
+19.156000E-03,16
+19.158000E-03,16
+19.160000E-03,16
+19.162000E-03,16
+19.164000E-03,16
+19.166000E-03,16
+19.168000E-03,16
+19.170000E-03,16
+19.172000E-03,16
+19.174000E-03,16
+19.176000E-03,16
+19.178000E-03,16
+19.180000E-03,16
+19.182000E-03,16
+19.184000E-03,16
+19.186000E-03,16
+19.188000E-03,16
+19.190000E-03,16
+19.192000E-03,16
+19.194000E-03,16
+19.196000E-03,16
+19.198000E-03,16
+19.200000E-03,16
+19.202000E-03,16
+19.204000E-03,16
+19.206000E-03,16
+19.208000E-03,16
+19.210000E-03,16
+19.212000E-03,16
+19.214000E-03,16
+19.216000E-03,16
+19.218000E-03,16
+19.220000E-03,16
+19.222000E-03,16
+19.224000E-03,16
+19.226000E-03,16
+19.228000E-03,16
+19.230000E-03,16
+19.232000E-03,16
+19.234000E-03,16
+19.236000E-03,16
+19.238000E-03,16
+19.240000E-03,16
+19.242000E-03,16
+19.244000E-03,16
+19.246000E-03,16
+19.248000E-03,16
+19.250000E-03,16
+19.252000E-03,16
+19.254000E-03,16
+19.256000E-03,16
+19.258000E-03,16
+19.260000E-03,16
+19.262000E-03,16
+19.264000E-03,16
+19.266000E-03,16
+19.268000E-03,16
+19.270000E-03,16
+19.272000E-03,16
+19.274000E-03,16
+19.276000E-03,16
+19.278000E-03,16
+19.280000E-03,16
+19.282000E-03,16
+19.284000E-03,16
+19.286000E-03,16
+19.288000E-03,16
+19.290000E-03,16
+19.292000E-03,16
+19.294000E-03,16
+19.296000E-03,16
+19.298000E-03,16
+19.300000E-03,16
+19.302000E-03,16
+19.304000E-03,16
+19.306000E-03,16
+19.308000E-03,16
+19.310000E-03,16
+19.312000E-03,16
+19.314000E-03,16
+19.316000E-03,16
+19.318000E-03,16
+19.320000E-03,16
+19.322000E-03,16
+19.324000E-03,16
+19.326000E-03,16
+19.328000E-03,16
+19.330000E-03,16
+19.332000E-03,16
+19.334000E-03,16
+19.336000E-03,16
+19.338000E-03,16
+19.340000E-03,16
+19.342000E-03,16
+19.344000E-03,16
+19.346000E-03,16
+19.348000E-03,16
+19.350000E-03,16
+19.352000E-03,16
+19.354000E-03,16
+19.356000E-03,16
+19.358000E-03,16
+19.360000E-03,16
+19.362000E-03,16
+19.364000E-03,16
+19.366000E-03,16
+19.368000E-03,16
+19.370000E-03,16
+19.372000E-03,16
+19.374000E-03,16
+19.376000E-03,16
+19.378000E-03,16
+19.380000E-03,16
+19.382000E-03,16
+19.384000E-03,16
+19.386000E-03,16
+19.388000E-03,16
+19.390000E-03,16
+19.392000E-03,16
+19.394000E-03,16
+19.396000E-03,16
+19.398000E-03,16
+19.400000E-03,16
+19.402000E-03,16
+19.404000E-03,16
+19.406000E-03,16
+19.408000E-03,16
+19.410000E-03,16
+19.412000E-03,16
+19.414000E-03,16
+19.416000E-03,16
+19.418000E-03,16
+19.420000E-03,16
+19.422000E-03,16
+19.424000E-03,16
+19.426000E-03,16
+19.428000E-03,16
+19.430000E-03,16
+19.432000E-03,16
+19.434000E-03,16
+19.436000E-03,16
+19.438000E-03,16
+19.440000E-03,16
+19.442000E-03,16
+19.444000E-03,16
+19.446000E-03,16
+19.448000E-03,16
+19.450000E-03,16
+19.452000E-03,16
+19.454000E-03,16
+19.456000E-03,16
+19.458000E-03,16
+19.460000E-03,16
+19.462000E-03,16
+19.464000E-03,16
+19.466000E-03,16
+19.468000E-03,16
+19.470000E-03,16
+19.472000E-03,16
+19.474000E-03,16
+19.476000E-03,16
+19.478000E-03,16
+19.480000E-03,16
+19.482000E-03,16
+19.484000E-03,16
+19.486000E-03,16
+19.488000E-03,16
+19.490000E-03,16
+19.492000E-03,16
+19.494000E-03,16
+19.496000E-03,16
+19.498000E-03,16
+19.500000E-03,16
+19.502000E-03,16
+19.504000E-03,16
+19.506000E-03,16
+19.508000E-03,16
+19.510000E-03,16
+19.512000E-03,16
+19.514000E-03,16
+19.516000E-03,16
+19.518000E-03,16
+19.520000E-03,16
+19.522000E-03,16
+19.524000E-03,16
+19.526000E-03,16
+19.528000E-03,16
+19.530000E-03,16
+19.532000E-03,16
+19.534000E-03,16
+19.536000E-03,16
+19.538000E-03,16
+19.540000E-03,16
+19.542000E-03,16
+19.544000E-03,16
+19.546000E-03,16
+19.548000E-03,16
+19.550000E-03,16
+19.552000E-03,16
+19.554000E-03,16
+19.556000E-03,16
+19.558000E-03,16
+19.560000E-03,16
+19.562000E-03,16
+19.564000E-03,16
+19.566000E-03,16
+19.568000E-03,16
+19.570000E-03,16
+19.572000E-03,16
+19.574000E-03,16
+19.576000E-03,16
+19.578000E-03,16
+19.580000E-03,16
+19.582000E-03,16
+19.584000E-03,16
+19.586000E-03,16
+19.588000E-03,16
+19.590000E-03,16
+19.592000E-03,16
+19.594000E-03,16
+19.596000E-03,16
+19.598000E-03,16
+19.600000E-03,16
+19.602000E-03,16
+19.604000E-03,16
+19.606000E-03,16
+19.608000E-03,16
+19.610000E-03,16
+19.612000E-03,16
+19.614000E-03,16
+19.616000E-03,16
+19.618000E-03,16
+19.620000E-03,16
+19.622000E-03,16
+19.624000E-03,16
+19.626000E-03,16
+19.628000E-03,16
+19.630000E-03,16
+19.632000E-03,16
+19.634000E-03,16
+19.636000E-03,16
+19.638000E-03,16
+19.640000E-03,16
+19.642000E-03,16
+19.644000E-03,16
+19.646000E-03,16
+19.648000E-03,16
+19.650000E-03,16
+19.652000E-03,16
+19.654000E-03,16
+19.656000E-03,16
+19.658000E-03,16
+19.660000E-03,16
+19.662000E-03,16
+19.664000E-03,16
+19.666000E-03,16
+19.668000E-03,16
+19.670000E-03,16
+19.672000E-03,16
+19.674000E-03,16
+19.676000E-03,16
+19.678000E-03,16
+19.680000E-03,16
+19.682000E-03,16
+19.684000E-03,16
+19.686000E-03,16
+19.688000E-03,16
+19.690000E-03,16
+19.692000E-03,16
+19.694000E-03,16
+19.696000E-03,16
+19.698000E-03,16
+19.700000E-03,16
+19.702000E-03,16
+19.704000E-03,16
+19.706000E-03,16
+19.708000E-03,16
+19.710000E-03,16
+19.712000E-03,16
+19.714000E-03,16
+19.716000E-03,16
+19.718000E-03,16
+19.720000E-03,16
+19.722000E-03,16
+19.724000E-03,16
+19.726000E-03,16
+19.728000E-03,16
+19.730000E-03,16
+19.732000E-03,16
+19.734000E-03,16
+19.736000E-03,16
+19.738000E-03,16
+19.740000E-03,16
+19.742000E-03,16
+19.744000E-03,16
+19.746000E-03,16
+19.748000E-03,16
+19.750000E-03,16
+19.752000E-03,16
+19.754000E-03,16
+19.756000E-03,16
+19.758000E-03,16
+19.760000E-03,16
+19.762000E-03,16
+19.764000E-03,16
+19.766000E-03,16
+19.768000E-03,16
+19.770000E-03,16
+19.772000E-03,16
+19.774000E-03,16
+19.776000E-03,16
+19.778000E-03,16
+19.780000E-03,16
+19.782000E-03,16
+19.784000E-03,16
+19.786000E-03,16
+19.788000E-03,16
+19.790000E-03,16
+19.792000E-03,16
+19.794000E-03,16
+19.796000E-03,16
+19.798000E-03,16
+19.800000E-03,16
+19.802000E-03,16
+19.804000E-03,16
+19.806000E-03,16
+19.808000E-03,16
+19.810000E-03,16
+19.812000E-03,16
+19.814000E-03,16
+19.816000E-03,16
+19.818000E-03,16
+19.820000E-03,16
+19.822000E-03,16
+19.824000E-03,16
+19.826000E-03,16
+19.828000E-03,16
+19.830000E-03,16
+19.832000E-03,16
+19.834000E-03,16
+19.836000E-03,16
+19.838000E-03,16
+19.840000E-03,16
+19.842000E-03,16
+19.844000E-03,16
+19.846000E-03,16
+19.848000E-03,16
+19.850000E-03,16
+19.852000E-03,16
+19.854000E-03,16
+19.856000E-03,16
+19.858000E-03,16
+19.860000E-03,16
+19.862000E-03,16
+19.864000E-03,16
+19.866000E-03,16
+19.868000E-03,16
+19.870000E-03,16
+19.872000E-03,16
+19.874000E-03,16
+19.876000E-03,16
+19.878000E-03,16
+19.880000E-03,16
+19.882000E-03,16
+19.884000E-03,16
+19.886000E-03,16
+19.888000E-03,16
+19.890000E-03,16
+19.892000E-03,16
+19.894000E-03,16
+19.896000E-03,16
+19.898000E-03,16
+19.900000E-03,16
+19.902000E-03,16
+19.904000E-03,16
+19.906000E-03,16
+19.908000E-03,16
+19.910000E-03,16
+19.912000E-03,16
+19.914000E-03,16
+19.916000E-03,16
+19.918000E-03,16
+19.920000E-03,16
+19.922000E-03,16
+19.924000E-03,16
+19.926000E-03,16
+19.928000E-03,16
+19.930000E-03,16
+19.932000E-03,16
+19.934000E-03,16
+19.936000E-03,16
+19.938000E-03,16
+19.940000E-03,16
+19.942000E-03,16
+19.944000E-03,16
+19.946000E-03,16
+19.948000E-03,16
+19.950000E-03,16
+19.952000E-03,16
+19.954000E-03,16
+19.956000E-03,16
+19.958000E-03,16
+19.960000E-03,16
+19.962000E-03,16
+19.964000E-03,16
+19.966000E-03,16
+19.968000E-03,16
+19.970000E-03,16
+19.972000E-03,16
+19.974000E-03,16
+19.976000E-03,16
+19.978000E-03,16
+19.980000E-03,16
+19.982000E-03,16
+19.984000E-03,16
+19.986000E-03,16
+19.988000E-03,16
+19.990000E-03,16
+19.992000E-03,16
+19.994000E-03,16
+19.996000E-03,16
+19.998000E-03,16
+20.000000E-03,16
+20.002000E-03,16
+20.004000E-03,16
+20.006000E-03,16
+20.008000E-03,16
+20.010000E-03,16
+20.012000E-03,16
+20.014000E-03,16
+20.016000E-03,16
+20.018000E-03,16
+20.020000E-03,16
+20.022000E-03,16
+20.024000E-03,16
+20.026000E-03,16
+20.028000E-03,16
+20.030000E-03,16
+20.032000E-03,16
+20.034000E-03,16
+20.036000E-03,16
+20.038000E-03,16
+20.040000E-03,16
+20.042000E-03,16
+20.044000E-03,16
+20.046000E-03,16
+20.048000E-03,16
+20.050000E-03,16
+20.052000E-03,16
+20.054000E-03,16
+20.056000E-03,16
+20.058000E-03,16
+20.060000E-03,16
+20.062000E-03,16
+20.064000E-03,16
+20.066000E-03,16
+20.068000E-03,16
+20.070000E-03,16
+20.072000E-03,16
+20.074000E-03,16
+20.076000E-03,16
+20.078000E-03,16
+20.080000E-03,16
+20.082000E-03,16
+20.084000E-03,16
+20.086000E-03,16
+20.088000E-03,16
+20.090000E-03,16
+20.092000E-03,16
+20.094000E-03,16
+20.096000E-03,16
+20.098000E-03,16
+20.100000E-03,16
+20.102000E-03,16
+20.104000E-03,16
+20.106000E-03,16
+20.108000E-03,16
+20.110000E-03,16
+20.112000E-03,16
+20.114000E-03,16
+20.116000E-03,16
+20.118000E-03,16
+20.120000E-03,16
+20.122000E-03,16
+20.124000E-03,16
+20.126000E-03,16
+20.128000E-03,16
+20.130000E-03,16
+20.132000E-03,16
+20.134000E-03,16
+20.136000E-03,16
+20.138000E-03,16
+20.140000E-03,16
+20.142000E-03,16
+20.144000E-03,16
+20.146000E-03,16
+20.148000E-03,16
+20.150000E-03,16
+20.152000E-03,16
+20.154000E-03,16
+20.156000E-03,16
+20.158000E-03,16
+20.160000E-03,16
+20.162000E-03,16
+20.164000E-03,16
+20.166000E-03,16
+20.168000E-03,16
+20.170000E-03,16
+20.172000E-03,16
+20.174000E-03,16
+20.176000E-03,16
+20.178000E-03,16
+20.180000E-03,16
+20.182000E-03,16
+20.184000E-03,16
+20.186000E-03,16
+20.188000E-03,16
+20.190000E-03,16
+20.192000E-03,16
+20.194000E-03,16
+20.196000E-03,16
+20.198000E-03,16
+20.200000E-03,16
+20.202000E-03,16
+20.204000E-03,16
+20.206000E-03,16
+20.208000E-03,16
+20.210000E-03,16
+20.212000E-03,16
+20.214000E-03,16
+20.216000E-03,16
+20.218000E-03,16
+20.220000E-03,16
+20.222000E-03,16
+20.224000E-03,16
+20.226000E-03,16
+20.228000E-03,16
+20.230000E-03,16
+20.232000E-03,16
+20.234000E-03,16
+20.236000E-03,16
+20.238000E-03,16
+20.240000E-03,16
+20.242000E-03,16
+20.244000E-03,16
+20.246000E-03,16
+20.248000E-03,16
+20.250000E-03,16
+20.252000E-03,16
+20.254000E-03,16
+20.256000E-03,16
+20.258000E-03,16
+20.260000E-03,16
+20.262000E-03,16
+20.264000E-03,16
+20.266000E-03,16
+20.268000E-03,16
+20.270000E-03,16
+20.272000E-03,16
+20.274000E-03,16
+20.276000E-03,16
+20.278000E-03,16
+20.280000E-03,16
+20.282000E-03,16
+20.284000E-03,16
+20.286000E-03,16
+20.288000E-03,16
+20.290000E-03,16
+20.292000E-03,16
+20.294000E-03,16
+20.296000E-03,16
+20.298000E-03,16
+20.300000E-03,16
+20.302000E-03,16
+20.304000E-03,16
+20.306000E-03,16
+20.308000E-03,16
+20.310000E-03,16
+20.312000E-03,16
+20.314000E-03,16
+20.316000E-03,16
+20.318000E-03,16
+20.320000E-03,16
+20.322000E-03,16
+20.324000E-03,16
+20.326000E-03,16
+20.328000E-03,16
+20.330000E-03,16
+20.332000E-03,16
+20.334000E-03,16
+20.336000E-03,16
+20.338000E-03,16
+20.340000E-03,16
+20.342000E-03,16
+20.344000E-03,16
+20.346000E-03,16
+20.348000E-03,16
+20.350000E-03,16
+20.352000E-03,16
+20.354000E-03,16
+20.356000E-03,16
+20.358000E-03,16
+20.360000E-03,16
+20.362000E-03,16
+20.364000E-03,16
+20.366000E-03,16
+20.368000E-03,16
+20.370000E-03,16
+20.372000E-03,16
+20.374000E-03,16
+20.376000E-03,16
+20.378000E-03,16
+20.380000E-03,16
+20.382000E-03,16
+20.384000E-03,16
+20.386000E-03,16
+20.388000E-03,16
+20.390000E-03,16
+20.392000E-03,16
+20.394000E-03,16
+20.396000E-03,16
+20.398000E-03,16
+20.400000E-03,16
+20.402000E-03,16
+20.404000E-03,16
+20.406000E-03,16
+20.408000E-03,16
+20.410000E-03,16
+20.412000E-03,16
+20.414000E-03,16
+20.416000E-03,16
+20.418000E-03,16
+20.420000E-03,16
+20.422000E-03,16
+20.424000E-03,16
+20.426000E-03,16
+20.428000E-03,16
+20.430000E-03,16
+20.432000E-03,16
+20.434000E-03,16
+20.436000E-03,16
+20.438000E-03,16
+20.440000E-03,16
+20.442000E-03,16
+20.444000E-03,16
+20.446000E-03,16
+20.448000E-03,16
+20.450000E-03,16
+20.452000E-03,16
+20.454000E-03,16
+20.456000E-03,16
+20.458000E-03,16
+20.460000E-03,16
+20.462000E-03,16
+20.464000E-03,16
+20.466000E-03,16
+20.468000E-03,16
+20.470000E-03,16
+20.472000E-03,16
+20.474000E-03,16
+20.476000E-03,16
+20.478000E-03,16
+20.480000E-03,16
+20.482000E-03,16
+20.484000E-03,16
+20.486000E-03,16
+20.488000E-03,16
+20.490000E-03,16
+20.492000E-03,16
+20.494000E-03,16
+20.496000E-03,16
+20.498000E-03,16
+20.500000E-03,16
+20.502000E-03,16
+20.504000E-03,16
+20.506000E-03,16
+20.508000E-03,16
+20.510000E-03,16
+20.512000E-03,16
+20.514000E-03,16
+20.516000E-03,16
+20.518000E-03,16
+20.520000E-03,16
+20.522000E-03,16
+20.524000E-03,16
+20.526000E-03,16
+20.528000E-03,16
+20.530000E-03,16
+20.532000E-03,16
+20.534000E-03,16
+20.536000E-03,16
+20.538000E-03,16
+20.540000E-03,16
+20.542000E-03,16
+20.544000E-03,16
+20.546000E-03,16
+20.548000E-03,16
+20.550000E-03,16
+20.552000E-03,16
+20.554000E-03,16
+20.556000E-03,16
+20.558000E-03,16
+20.560000E-03,16
+20.562000E-03,16
+20.564000E-03,16
+20.566000E-03,16
+20.568000E-03,16
+20.570000E-03,16
+20.572000E-03,16
+20.574000E-03,16
+20.576000E-03,16
+20.578000E-03,16
+20.580000E-03,16
+20.582000E-03,16
+20.584000E-03,16
+20.586000E-03,16
+20.588000E-03,16
+20.590000E-03,16
+20.592000E-03,16
+20.594000E-03,16
+20.596000E-03,16
+20.598000E-03,16
+20.600000E-03,16
+20.602000E-03,16
+20.604000E-03,16
+20.606000E-03,16
+20.608000E-03,16
+20.610000E-03,16
+20.612000E-03,16
+20.614000E-03,16
+20.616000E-03,16
+20.618000E-03,16
+20.620000E-03,16
+20.622000E-03,16
+20.624000E-03,16
+20.626000E-03,16
+20.628000E-03,16
+20.630000E-03,16
+20.632000E-03,16
+20.634000E-03,16
+20.636000E-03,16
+20.638000E-03,16
+20.640000E-03,16
+20.642000E-03,16
+20.644000E-03,16
+20.646000E-03,16
+20.648000E-03,16
+20.650000E-03,16
+20.652000E-03,16
+20.654000E-03,16
+20.656000E-03,16
+20.658000E-03,16
+20.660000E-03,16
+20.662000E-03,16
+20.664000E-03,16
+20.666000E-03,16
+20.668000E-03,16
+20.670000E-03,16
+20.672000E-03,16
+20.674000E-03,16
+20.676000E-03,16
+20.678000E-03,16
+20.680000E-03,16
+20.682000E-03,16
+20.684000E-03,16
+20.686000E-03,16
+20.688000E-03,16
+20.690000E-03,16
+20.692000E-03,16
+20.694000E-03,16
+20.696000E-03,16
+20.698000E-03,16
+20.700000E-03,16
+20.702000E-03,16
+20.704000E-03,16
+20.706000E-03,16
+20.708000E-03,16
+20.710000E-03,16
+20.712000E-03,16
+20.714000E-03,16
+20.716000E-03,16
+20.718000E-03,16
+20.720000E-03,16
+20.722000E-03,16
+20.724000E-03,16
+20.726000E-03,16
+20.728000E-03,16
+20.730000E-03,16
+20.732000E-03,16
+20.734000E-03,16
+20.736000E-03,16
+20.738000E-03,16
+20.740000E-03,16
+20.742000E-03,16
+20.744000E-03,16
+20.746000E-03,16
+20.748000E-03,16
+20.750000E-03,16
+20.752000E-03,16
+20.754000E-03,16
+20.756000E-03,16
+20.758000E-03,16
+20.760000E-03,16
+20.762000E-03,16
+20.764000E-03,16
+20.766000E-03,16
+20.768000E-03,16
+20.770000E-03,16
+20.772000E-03,16
+20.774000E-03,16
+20.776000E-03,16
+20.778000E-03,16
+20.780000E-03,16
+20.782000E-03,16
+20.784000E-03,16
+20.786000E-03,16
+20.788000E-03,16
+20.790000E-03,16
+20.792000E-03,16
+20.794000E-03,16
+20.796000E-03,16
+20.798000E-03,16
+20.800000E-03,16
+20.802000E-03,16
+20.804000E-03,16
+20.806000E-03,16
+20.808000E-03,16
+20.810000E-03,16
+20.812000E-03,16
+20.814000E-03,16
+20.816000E-03,16
+20.818000E-03,16
+20.820000E-03,16
+20.822000E-03,16
+20.824000E-03,16
+20.826000E-03,16
+20.828000E-03,16
+20.830000E-03,16
+20.832000E-03,16
+20.834000E-03,16
+20.836000E-03,16
+20.838000E-03,16
+20.840000E-03,16
+20.842000E-03,16
+20.844000E-03,16
+20.846000E-03,16
+20.848000E-03,16
+20.850000E-03,16
+20.852000E-03,16
+20.854000E-03,16
+20.856000E-03,16
+20.858000E-03,16
+20.860000E-03,16
+20.862000E-03,16
+20.864000E-03,16
+20.866000E-03,16
+20.868000E-03,16
+20.870000E-03,16
+20.872000E-03,16
+20.874000E-03,16
+20.876000E-03,16
+20.878000E-03,16
+20.880000E-03,16
+20.882000E-03,16
+20.884000E-03,16
+20.886000E-03,16
+20.888000E-03,16
+20.890000E-03,16
+20.892000E-03,16
+20.894000E-03,16
+20.896000E-03,16
+20.898000E-03,16
+20.900000E-03,16
+20.902000E-03,16
+20.904000E-03,16
+20.906000E-03,16
+20.908000E-03,16
+20.910000E-03,16
+20.912000E-03,16
+20.914000E-03,16
+20.916000E-03,16
+20.918000E-03,16
+20.920000E-03,16
+20.922000E-03,16
+20.924000E-03,16
+20.926000E-03,16
+20.928000E-03,16
+20.930000E-03,16
+20.932000E-03,16
+20.934000E-03,16
+20.936000E-03,16
+20.938000E-03,16
+20.940000E-03,16
+20.942000E-03,16
+20.944000E-03,16
+20.946000E-03,16
+20.948000E-03,16
+20.950000E-03,16
+20.952000E-03,16
+20.954000E-03,16
+20.956000E-03,16
+20.958000E-03,16
+20.960000E-03,16
+20.962000E-03,16
+20.964000E-03,16
+20.966000E-03,16
+20.968000E-03,16
+20.970000E-03,16
+20.972000E-03,16
+20.974000E-03,16
+20.976000E-03,16
+20.978000E-03,16
+20.980000E-03,16
+20.982000E-03,16
+20.984000E-03,16
+20.986000E-03,16
+20.988000E-03,16
+20.990000E-03,16
+20.992000E-03,16
+20.994000E-03,16
+20.996000E-03,16
+20.998000E-03,16
+21.000000E-03,16
+21.002000E-03,16
+21.004000E-03,16
+21.006000E-03,16
+21.008000E-03,16
+21.010000E-03,16
+21.012000E-03,16
+21.014000E-03,16
+21.016000E-03,16
+21.018000E-03,16
+21.020000E-03,16
+21.022000E-03,16
+21.024000E-03,16
+21.026000E-03,16
+21.028000E-03,16
+21.030000E-03,16
+21.032000E-03,16
+21.034000E-03,16
+21.036000E-03,16
+21.038000E-03,16
+21.040000E-03,16
+21.042000E-03,16
+21.044000E-03,16
+21.046000E-03,16
+21.048000E-03,16
+21.050000E-03,16
+21.052000E-03,16
+21.054000E-03,16
+21.056000E-03,16
+21.058000E-03,16
+21.060000E-03,16
+21.062000E-03,16
+21.064000E-03,16
+21.066000E-03,16
+21.068000E-03,16
+21.070000E-03,16
+21.072000E-03,16
+21.074000E-03,16
+21.076000E-03,16
+21.078000E-03,16
+21.080000E-03,16
+21.082000E-03,16
+21.084000E-03,16
+21.086000E-03,16
+21.088000E-03,16
+21.090000E-03,16
+21.092000E-03,16
+21.094000E-03,16
+21.096000E-03,16
+21.098000E-03,16
+21.100000E-03,16
+21.102000E-03,16
+21.104000E-03,16
+21.106000E-03,16
+21.108000E-03,16
+21.110000E-03,16
+21.112000E-03,16
+21.114000E-03,16
+21.116000E-03,16
+21.118000E-03,16
+21.120000E-03,16
+21.122000E-03,16
+21.124000E-03,16
+21.126000E-03,16
+21.128000E-03,16
+21.130000E-03,16
+21.132000E-03,16
+21.134000E-03,16
+21.136000E-03,16
+21.138000E-03,16
+21.140000E-03,16
+21.142000E-03,16
+21.144000E-03,16
+21.146000E-03,16
+21.148000E-03,16
+21.150000E-03,16
+21.152000E-03,16
+21.154000E-03,16
+21.156000E-03,16
+21.158000E-03,16
+21.160000E-03,16
+21.162000E-03,16
+21.164000E-03,16
+21.166000E-03,16
+21.168000E-03,16
+21.170000E-03,16
+21.172000E-03,16
+21.174000E-03,16
+21.176000E-03,16
+21.178000E-03,16
+21.180000E-03,16
+21.182000E-03,16
+21.184000E-03,16
+21.186000E-03,16
+21.188000E-03,16
+21.190000E-03,16
+21.192000E-03,16
+21.194000E-03,16
+21.196000E-03,16
+21.198000E-03,16
+21.200000E-03,16
+21.202000E-03,16
+21.204000E-03,16
+21.206000E-03,16
+21.208000E-03,16
+21.210000E-03,16
+21.212000E-03,16
+21.214000E-03,16
+21.216000E-03,16
+21.218000E-03,16
+21.220000E-03,16
+21.222000E-03,16
+21.224000E-03,16
+21.226000E-03,16
+21.228000E-03,16
+21.230000E-03,16
+21.232000E-03,16
+21.234000E-03,16
+21.236000E-03,16
+21.238000E-03,16
+21.240000E-03,16
+21.242000E-03,16
+21.244000E-03,16
+21.246000E-03,16
+21.248000E-03,16
+21.250000E-03,16
+21.252000E-03,16
+21.254000E-03,16
+21.256000E-03,16
+21.258000E-03,16
+21.260000E-03,16
+21.262000E-03,16
+21.264000E-03,16
+21.266000E-03,16
+21.268000E-03,16
+21.270000E-03,16
+21.272000E-03,16
+21.274000E-03,16
+21.276000E-03,16
+21.278000E-03,16
+21.280000E-03,16
+21.282000E-03,16
+21.284000E-03,16
+21.286000E-03,16
+21.288000E-03,16
+21.290000E-03,16
+21.292000E-03,16
+21.294000E-03,16
+21.296000E-03,16
+21.298000E-03,16
+21.300000E-03,16
+21.302000E-03,16
+21.304000E-03,16
+21.306000E-03,16
+21.308000E-03,16
+21.310000E-03,16
+21.312000E-03,16
+21.314000E-03,16
+21.316000E-03,16
+21.318000E-03,16
+21.320000E-03,16
+21.322000E-03,16
+21.324000E-03,16
+21.326000E-03,16
+21.328000E-03,16
+21.330000E-03,16
+21.332000E-03,16
+21.334000E-03,16
+21.336000E-03,16
+21.338000E-03,16
+21.340000E-03,16
+21.342000E-03,16
+21.344000E-03,16
+21.346000E-03,16
+21.348000E-03,16
+21.350000E-03,16
+21.352000E-03,16
+21.354000E-03,16
+21.356000E-03,16
+21.358000E-03,16
+21.360000E-03,16
+21.362000E-03,16
+21.364000E-03,16
+21.366000E-03,16
+21.368000E-03,16
+21.370000E-03,16
+21.372000E-03,16
+21.374000E-03,16
+21.376000E-03,16
+21.378000E-03,16
+21.380000E-03,16
+21.382000E-03,16
+21.384000E-03,16
+21.386000E-03,16
+21.388000E-03,16
+21.390000E-03,16
+21.392000E-03,16
+21.394000E-03,16
+21.396000E-03,16
+21.398000E-03,16
+21.400000E-03,16
+21.402000E-03,16
+21.404000E-03,16
+21.406000E-03,16
+21.408000E-03,16
+21.410000E-03,16
+21.412000E-03,16
+21.414000E-03,16
+21.416000E-03,16
+21.418000E-03,16
+21.420000E-03,16
+21.422000E-03,16
+21.424000E-03,16
+21.426000E-03,16
+21.428000E-03,16
+21.430000E-03,16
+21.432000E-03,16
+21.434000E-03,16
+21.436000E-03,16
+21.438000E-03,16
+21.440000E-03,16
+21.442000E-03,16
+21.444000E-03,16
+21.446000E-03,16
+21.448000E-03,16
+21.450000E-03,16
+21.452000E-03,16
+21.454000E-03,16
+21.456000E-03,16
+21.458000E-03,16
+21.460000E-03,16
+21.462000E-03,16
+21.464000E-03,16
+21.466000E-03,16
+21.468000E-03,16
+21.470000E-03,16
+21.472000E-03,16
+21.474000E-03,16
+21.476000E-03,16
+21.478000E-03,16
+21.480000E-03,16
+21.482000E-03,16
+21.484000E-03,16
+21.486000E-03,16
+21.488000E-03,16
+21.490000E-03,16
+21.492000E-03,16
+21.494000E-03,16
+21.496000E-03,16
+21.498000E-03,16
+21.500000E-03,16
+21.502000E-03,16
+21.504000E-03,16
+21.506000E-03,16
+21.508000E-03,16
+21.510000E-03,16
+21.512000E-03,16
+21.514000E-03,16
+21.516000E-03,16
+21.518000E-03,16
+21.520000E-03,16
+21.522000E-03,16
+21.524000E-03,16
+21.526000E-03,16
+21.528000E-03,16
+21.530000E-03,16
+21.532000E-03,16
+21.534000E-03,16
+21.536000E-03,16
+21.538000E-03,16
+21.540000E-03,16
+21.542000E-03,16
+21.544000E-03,16
+21.546000E-03,16
+21.548000E-03,16
+21.550000E-03,16
+21.552000E-03,16
+21.554000E-03,16
+21.556000E-03,16
+21.558000E-03,16
+21.560000E-03,16
+21.562000E-03,16
+21.564000E-03,16
+21.566000E-03,16
+21.568000E-03,16
+21.570000E-03,16
+21.572000E-03,16
+21.574000E-03,16
+21.576000E-03,16
+21.578000E-03,16
+21.580000E-03,16
+21.582000E-03,16
+21.584000E-03,16
+21.586000E-03,16
+21.588000E-03,16
+21.590000E-03,16
+21.592000E-03,16
+21.594000E-03,16
+21.596000E-03,16
+21.598000E-03,16
+21.600000E-03,16
+21.602000E-03,16
+21.604000E-03,16
+21.606000E-03,16
+21.608000E-03,16
+21.610000E-03,16
+21.612000E-03,16
+21.614000E-03,16
+21.616000E-03,16
+21.618000E-03,16
+21.620000E-03,16
+21.622000E-03,16
+21.624000E-03,16
+21.626000E-03,16
+21.628000E-03,16
+21.630000E-03,16
+21.632000E-03,16
+21.634000E-03,16
+21.636000E-03,16
+21.638000E-03,16
+21.640000E-03,16
+21.642000E-03,16
+21.644000E-03,16
+21.646000E-03,16
+21.648000E-03,16
+21.650000E-03,16
+21.652000E-03,16
+21.654000E-03,16
+21.656000E-03,16
+21.658000E-03,16
+21.660000E-03,16
+21.662000E-03,16
+21.664000E-03,16
+21.666000E-03,16
+21.668000E-03,16
+21.670000E-03,16
+21.672000E-03,16
+21.674000E-03,16
+21.676000E-03,16
+21.678000E-03,16
+21.680000E-03,16
+21.682000E-03,16
+21.684000E-03,16
+21.686000E-03,16
+21.688000E-03,16
+21.690000E-03,16
+21.692000E-03,16
+21.694000E-03,16
+21.696000E-03,16
+21.698000E-03,16
+21.700000E-03,16
+21.702000E-03,16
+21.704000E-03,16
+21.706000E-03,16
+21.708000E-03,16
+21.710000E-03,16
+21.712000E-03,16
+21.714000E-03,16
+21.716000E-03,16
+21.718000E-03,16
+21.720000E-03,16
+21.722000E-03,16
+21.724000E-03,16
+21.726000E-03,16
+21.728000E-03,16
+21.730000E-03,16
+21.732000E-03,16
+21.734000E-03,16
+21.736000E-03,16
+21.738000E-03,16
+21.740000E-03,16
+21.742000E-03,16
+21.744000E-03,16
+21.746000E-03,16
+21.748000E-03,16
+21.750000E-03,16
+21.752000E-03,16
+21.754000E-03,16
+21.756000E-03,16
+21.758000E-03,16
+21.760000E-03,16
+21.762000E-03,16
+21.764000E-03,16
+21.766000E-03,16
+21.768000E-03,16
+21.770000E-03,16
+21.772000E-03,16
+21.774000E-03,16
+21.776000E-03,16
+21.778000E-03,16
+21.780000E-03,16
+21.782000E-03,16
+21.784000E-03,16
+21.786000E-03,16
+21.788000E-03,16
+21.790000E-03,16
+21.792000E-03,16
+21.794000E-03,16
+21.796000E-03,16
+21.798000E-03,16
+21.800000E-03,16
+21.802000E-03,16
+21.804000E-03,16
+21.806000E-03,16
+21.808000E-03,16
+21.810000E-03,16
+21.812000E-03,16
+21.814000E-03,16
+21.816000E-03,16
+21.818000E-03,16
+21.820000E-03,16
+21.822000E-03,16
+21.824000E-03,16
+21.826000E-03,16
+21.828000E-03,16
+21.830000E-03,16
+21.832000E-03,16
+21.834000E-03,16
+21.836000E-03,16
+21.838000E-03,16
+21.840000E-03,16
+21.842000E-03,16
+21.844000E-03,16
+21.846000E-03,16
+21.848000E-03,16
+21.850000E-03,16
+21.852000E-03,16
+21.854000E-03,16
+21.856000E-03,16
+21.858000E-03,16
+21.860000E-03,16
+21.862000E-03,16
+21.864000E-03,16
+21.866000E-03,16
+21.868000E-03,16
+21.870000E-03,16
+21.872000E-03,16
+21.874000E-03,16
+21.876000E-03,16
+21.878000E-03,16
+21.880000E-03,16
+21.882000E-03,16
+21.884000E-03,16
+21.886000E-03,16
+21.888000E-03,16
+21.890000E-03,16
+21.892000E-03,16
+21.894000E-03,16
+21.896000E-03,16
+21.898000E-03,16
+21.900000E-03,16
+21.902000E-03,16
+21.904000E-03,16
+21.906000E-03,16
+21.908000E-03,16
+21.910000E-03,16
+21.912000E-03,16
+21.914000E-03,16
+21.916000E-03,16
+21.918000E-03,16
+21.920000E-03,16
+21.922000E-03,16
+21.924000E-03,16
+21.926000E-03,16
+21.928000E-03,16
+21.930000E-03,16
+21.932000E-03,16
+21.934000E-03,16
+21.936000E-03,16
+21.938000E-03,16
+21.940000E-03,16
+21.942000E-03,16
+21.944000E-03,16
+21.946000E-03,16
+21.948000E-03,16
+21.950000E-03,16
+21.952000E-03,16
+21.954000E-03,16
+21.956000E-03,16
+21.958000E-03,16
+21.960000E-03,16
+21.962000E-03,16
+21.964000E-03,16
+21.966000E-03,16
+21.968000E-03,16
+21.970000E-03,16
+21.972000E-03,16
+21.974000E-03,16
+21.976000E-03,16
+21.978000E-03,16
+21.980000E-03,16
+21.982000E-03,16
+21.984000E-03,16
+21.986000E-03,16
+21.988000E-03,16
+21.990000E-03,16
+21.992000E-03,16
+21.994000E-03,16
+21.996000E-03,16
+21.998000E-03,16
+22.000000E-03,16
+22.002000E-03,16
+22.004000E-03,16
+22.006000E-03,16
+22.008000E-03,16
+22.010000E-03,16
+22.012000E-03,16
+22.014000E-03,16
+22.016000E-03,16
+22.018000E-03,16
+22.020000E-03,16
+22.022000E-03,16
+22.024000E-03,16
+22.026000E-03,16
+22.028000E-03,16
+22.030000E-03,16
+22.032000E-03,16
+22.034000E-03,16
+22.036000E-03,16
+22.038000E-03,16
+22.040000E-03,16
+22.042000E-03,16
+22.044000E-03,16
+22.046000E-03,16
+22.048000E-03,16
+22.050000E-03,16
+22.052000E-03,16
+22.054000E-03,16
+22.056000E-03,16
+22.058000E-03,16
+22.060000E-03,16
+22.062000E-03,16
+22.064000E-03,16
+22.066000E-03,16
+22.068000E-03,16
+22.070000E-03,16
+22.072000E-03,16
+22.074000E-03,16
+22.076000E-03,16
+22.078000E-03,16
+22.080000E-03,16
+22.082000E-03,16
+22.084000E-03,16
+22.086000E-03,16
+22.088000E-03,16
+22.090000E-03,16
+22.092000E-03,16
+22.094000E-03,16
+22.096000E-03,16
+22.098000E-03,16
+22.100000E-03,16
+22.102000E-03,16
+22.104000E-03,16
+22.106000E-03,16
+22.108000E-03,16
+22.110000E-03,16
+22.112000E-03,16
+22.114000E-03,16
+22.116000E-03,16
+22.118000E-03,16
+22.120000E-03,16
+22.122000E-03,16
+22.124000E-03,16
+22.126000E-03,16
+22.128000E-03,16
+22.130000E-03,16
+22.132000E-03,16
+22.134000E-03,16
+22.136000E-03,16
+22.138000E-03,16
+22.140000E-03,16
+22.142000E-03,16
+22.144000E-03,16
+22.146000E-03,16
+22.148000E-03,16
+22.150000E-03,16
+22.152000E-03,16
+22.154000E-03,16
+22.156000E-03,16
+22.158000E-03,16
+22.160000E-03,16
+22.162000E-03,16
+22.164000E-03,16
+22.166000E-03,16
+22.168000E-03,16
+22.170000E-03,16
+22.172000E-03,16
+22.174000E-03,16
+22.176000E-03,16
+22.178000E-03,16
+22.180000E-03,16
+22.182000E-03,16
+22.184000E-03,16
+22.186000E-03,16
+22.188000E-03,16
+22.190000E-03,16
+22.192000E-03,16
+22.194000E-03,16
+22.196000E-03,16
+22.198000E-03,16
+22.200000E-03,16
+22.202000E-03,16
+22.204000E-03,16
+22.206000E-03,16
+22.208000E-03,16
+22.210000E-03,16
+22.212000E-03,16
+22.214000E-03,16
+22.216000E-03,16
+22.218000E-03,16
+22.220000E-03,16
+22.222000E-03,16
+22.224000E-03,16
+22.226000E-03,16
+22.228000E-03,16
+22.230000E-03,16
+22.232000E-03,16
+22.234000E-03,16
+22.236000E-03,16
+22.238000E-03,16
+22.240000E-03,16
+22.242000E-03,16
+22.244000E-03,16
+22.246000E-03,16
+22.248000E-03,16
+22.250000E-03,16
+22.252000E-03,16
+22.254000E-03,16
+22.256000E-03,16
+22.258000E-03,16
+22.260000E-03,16
+22.262000E-03,16
+22.264000E-03,16
+22.266000E-03,16
+22.268000E-03,16
+22.270000E-03,16
+22.272000E-03,16
+22.274000E-03,16
+22.276000E-03,16
+22.278000E-03,16
+22.280000E-03,16
+22.282000E-03,16
+22.284000E-03,16
+22.286000E-03,16
+22.288000E-03,16
+22.290000E-03,16
+22.292000E-03,16
+22.294000E-03,16
+22.296000E-03,16
+22.298000E-03,16
+22.300000E-03,16
+22.302000E-03,16
+22.304000E-03,16
+22.306000E-03,16
+22.308000E-03,16
+22.310000E-03,16
+22.312000E-03,16
+22.314000E-03,16
+22.316000E-03,16
+22.318000E-03,16
+22.320000E-03,16
+22.322000E-03,16
+22.324000E-03,16
+22.326000E-03,16
+22.328000E-03,16
+22.330000E-03,16
+22.332000E-03,16
+22.334000E-03,16
+22.336000E-03,16
+22.338000E-03,16
+22.340000E-03,16
+22.342000E-03,16
+22.344000E-03,16
+22.346000E-03,16
+22.348000E-03,16
+22.350000E-03,16
+22.352000E-03,16
+22.354000E-03,16
+22.356000E-03,16
+22.358000E-03,16
+22.360000E-03,16
+22.362000E-03,16
+22.364000E-03,16
+22.366000E-03,16
+22.368000E-03,16
+22.370000E-03,16
+22.372000E-03,16
+22.374000E-03,16
+22.376000E-03,16
+22.378000E-03,16
+22.380000E-03,16
+22.382000E-03,16
+22.384000E-03,16
+22.386000E-03,16
+22.388000E-03,16
+22.390000E-03,16
+22.392000E-03,16
+22.394000E-03,16
+22.396000E-03,16
+22.398000E-03,16
+22.400000E-03,16
+22.402000E-03,16
+22.404000E-03,16
+22.406000E-03,16
+22.408000E-03,16
+22.410000E-03,16
+22.412000E-03,16
+22.414000E-03,16
+22.416000E-03,16
+22.418000E-03,16
+22.420000E-03,16
+22.422000E-03,16
+22.424000E-03,16
+22.426000E-03,16
+22.428000E-03,16
+22.430000E-03,16
+22.432000E-03,16
+22.434000E-03,16
+22.436000E-03,16
+22.438000E-03,16
+22.440000E-03,16
+22.442000E-03,16
+22.444000E-03,16
+22.446000E-03,16
+22.448000E-03,16
+22.450000E-03,16
+22.452000E-03,16
+22.454000E-03,16
+22.456000E-03,16
+22.458000E-03,16
+22.460000E-03,16
+22.462000E-03,16
+22.464000E-03,16
+22.466000E-03,16
+22.468000E-03,16
+22.470000E-03,16
+22.472000E-03,16
+22.474000E-03,16
+22.476000E-03,16
+22.478000E-03,16
+22.480000E-03,16
+22.482000E-03,16
+22.484000E-03,16
+22.486000E-03,16
+22.488000E-03,16
+22.490000E-03,16
+22.492000E-03,16
+22.494000E-03,16
+22.496000E-03,16
+22.498000E-03,16
+22.500000E-03,16
+22.502000E-03,16
+22.504000E-03,16
+22.506000E-03,16
+22.508000E-03,16
+22.510000E-03,16
+22.512000E-03,16
+22.514000E-03,16
+22.516000E-03,16
+22.518000E-03,16
+22.520000E-03,16
+22.522000E-03,16
+22.524000E-03,16
+22.526000E-03,16
+22.528000E-03,16
+22.530000E-03,16
+22.532000E-03,16
+22.534000E-03,16
+22.536000E-03,16
+22.538000E-03,16
+22.540000E-03,16
+22.542000E-03,16
+22.544000E-03,16
+22.546000E-03,16
+22.548000E-03,16
+22.550000E-03,16
+22.552000E-03,16
+22.554000E-03,16
+22.556000E-03,16
+22.558000E-03,16
+22.560000E-03,16
+22.562000E-03,16
+22.564000E-03,16
+22.566000E-03,16
+22.568000E-03,16
+22.570000E-03,16
+22.572000E-03,16
+22.574000E-03,16
+22.576000E-03,16
+22.578000E-03,16
+22.580000E-03,16
+22.582000E-03,16
+22.584000E-03,16
+22.586000E-03,16
+22.588000E-03,16
+22.590000E-03,16
+22.592000E-03,16
+22.594000E-03,16
+22.596000E-03,16
+22.598000E-03,16
+22.600000E-03,16
+22.602000E-03,16
+22.604000E-03,16
+22.606000E-03,16
+22.608000E-03,16
+22.610000E-03,16
+22.612000E-03,16
+22.614000E-03,16
+22.616000E-03,16
+22.618000E-03,16
+22.620000E-03,16
+22.622000E-03,16
+22.624000E-03,16
+22.626000E-03,16
+22.628000E-03,16
+22.630000E-03,16
+22.632000E-03,16
+22.634000E-03,16
+22.636000E-03,16
+22.638000E-03,16
+22.640000E-03,16
+22.642000E-03,16
+22.644000E-03,16
+22.646000E-03,16
+22.648000E-03,16
+22.650000E-03,16
+22.652000E-03,16
+22.654000E-03,16
+22.656000E-03,16
+22.658000E-03,16
+22.660000E-03,16
+22.662000E-03,16
+22.664000E-03,16
+22.666000E-03,16
+22.668000E-03,16
+22.670000E-03,16
+22.672000E-03,16
+22.674000E-03,16
+22.676000E-03,16
+22.678000E-03,16
+22.680000E-03,16
+22.682000E-03,16
+22.684000E-03,16
+22.686000E-03,16
+22.688000E-03,16
+22.690000E-03,16
+22.692000E-03,16
+22.694000E-03,16
+22.696000E-03,16
+22.698000E-03,16
+22.700000E-03,16
+22.702000E-03,16
+22.704000E-03,16
+22.706000E-03,16
+22.708000E-03,16
+22.710000E-03,16
+22.712000E-03,16
+22.714000E-03,16
+22.716000E-03,16
+22.718000E-03,16
+22.720000E-03,16
+22.722000E-03,16
+22.724000E-03,16
+22.726000E-03,16
+22.728000E-03,16
+22.730000E-03,16
+22.732000E-03,16
+22.734000E-03,16
+22.736000E-03,16
+22.738000E-03,16
+22.740000E-03,16
+22.742000E-03,16
+22.744000E-03,16
+22.746000E-03,16
+22.748000E-03,16
+22.750000E-03,16
+22.752000E-03,16
+22.754000E-03,16
+22.756000E-03,16
+22.758000E-03,16
+22.760000E-03,16
+22.762000E-03,16
+22.764000E-03,16
+22.766000E-03,16
+22.768000E-03,16
+22.770000E-03,16
+22.772000E-03,16
+22.774000E-03,16
+22.776000E-03,16
+22.778000E-03,16
+22.780000E-03,16
+22.782000E-03,16
+22.784000E-03,16
+22.786000E-03,16
+22.788000E-03,16
+22.790000E-03,16
+22.792000E-03,16
+22.794000E-03,16
+22.796000E-03,16
+22.798000E-03,16
+22.800000E-03,16
+22.802000E-03,16
+22.804000E-03,16
+22.806000E-03,16
+22.808000E-03,16
+22.810000E-03,16
+22.812000E-03,16
+22.814000E-03,16
+22.816000E-03,16
+22.818000E-03,16
+22.820000E-03,16
+22.822000E-03,16
+22.824000E-03,16
+22.826000E-03,16
+22.828000E-03,16
+22.830000E-03,16
+22.832000E-03,16
+22.834000E-03,16
+22.836000E-03,16
+22.838000E-03,16
+22.840000E-03,16
+22.842000E-03,16
+22.844000E-03,16
+22.846000E-03,16
+22.848000E-03,16
+22.850000E-03,16
+22.852000E-03,16
+22.854000E-03,16
+22.856000E-03,16
+22.858000E-03,16
+22.860000E-03,16
+22.862000E-03,16
+22.864000E-03,16
+22.866000E-03,16
+22.868000E-03,16
+22.870000E-03,16
+22.872000E-03,16
+22.874000E-03,16
+22.876000E-03,16
+22.878000E-03,16
+22.880000E-03,16
+22.882000E-03,16
+22.884000E-03,16
+22.886000E-03,16
+22.888000E-03,16
+22.890000E-03,16
+22.892000E-03,16
+22.894000E-03,16
+22.896000E-03,16
+22.898000E-03,16
+22.900000E-03,16
+22.902000E-03,16
+22.904000E-03,16
+22.906000E-03,16
+22.908000E-03,16
+22.910000E-03,16
+22.912000E-03,16
+22.914000E-03,16
+22.916000E-03,16
+22.918000E-03,16
+22.920000E-03,16
+22.922000E-03,16
+22.924000E-03,16
+22.926000E-03,16
+22.928000E-03,16
+22.930000E-03,16
+22.932000E-03,16
+22.934000E-03,16
+22.936000E-03,16
+22.938000E-03,16
+22.940000E-03,16
+22.942000E-03,16
+22.944000E-03,16
+22.946000E-03,16
+22.948000E-03,16
+22.950000E-03,16
+22.952000E-03,16
+22.954000E-03,16
+22.956000E-03,16
+22.958000E-03,16
+22.960000E-03,16
+22.962000E-03,16
+22.964000E-03,16
+22.966000E-03,16
+22.968000E-03,16
+22.970000E-03,16
+22.972000E-03,16
+22.974000E-03,16
+22.976000E-03,16
+22.978000E-03,16
+22.980000E-03,16
+22.982000E-03,16
+22.984000E-03,16
+22.986000E-03,16
+22.988000E-03,16
+22.990000E-03,16
+22.992000E-03,16
+22.994000E-03,16
+22.996000E-03,16
+22.998000E-03,16
+23.000000E-03,16
+23.002000E-03,16
+23.004000E-03,16
+23.006000E-03,16
+23.008000E-03,16
+23.010000E-03,16
+23.012000E-03,16
+23.014000E-03,16
+23.016000E-03,16
+23.018000E-03,16
+23.020000E-03,16
+23.022000E-03,16
+23.024000E-03,16
+23.026000E-03,16
+23.028000E-03,16
+23.030000E-03,16
+23.032000E-03,16
+23.034000E-03,16
+23.036000E-03,16
+23.038000E-03,16
+23.040000E-03,16
+23.042000E-03,16
+23.044000E-03,16
+23.046000E-03,16
+23.048000E-03,16
+23.050000E-03,16
+23.052000E-03,16
+23.054000E-03,16
+23.056000E-03,16
+23.058000E-03,16
+23.060000E-03,16
+23.062000E-03,16
+23.064000E-03,16
+23.066000E-03,16
+23.068000E-03,16
+23.070000E-03,16
+23.072000E-03,16
+23.074000E-03,16
+23.076000E-03,16
+23.078000E-03,16
+23.080000E-03,16
+23.082000E-03,16
+23.084000E-03,16
+23.086000E-03,16
+23.088000E-03,16
+23.090000E-03,16
+23.092000E-03,16
+23.094000E-03,16
+23.096000E-03,16
+23.098000E-03,16
+23.100000E-03,16
+23.102000E-03,16
+23.104000E-03,16
+23.106000E-03,16
+23.108000E-03,16
+23.110000E-03,16
+23.112000E-03,16
+23.114000E-03,16
+23.116000E-03,16
+23.118000E-03,16
+23.120000E-03,16
+23.122000E-03,16
+23.124000E-03,16
+23.126000E-03,16
+23.128000E-03,16
+23.130000E-03,16
+23.132000E-03,16
+23.134000E-03,16
+23.136000E-03,16
+23.138000E-03,16
+23.140000E-03,16
+23.142000E-03,16
+23.144000E-03,16
+23.146000E-03,16
+23.148000E-03,16
+23.150000E-03,16
+23.152000E-03,16
+23.154000E-03,16
+23.156000E-03,16
+23.158000E-03,16
+23.160000E-03,16
+23.162000E-03,16
+23.164000E-03,16
+23.166000E-03,16
+23.168000E-03,16
+23.170000E-03,16
+23.172000E-03,16
+23.174000E-03,16
+23.176000E-03,16
+23.178000E-03,16
+23.180000E-03,16
+23.182000E-03,16
+23.184000E-03,16
+23.186000E-03,16
+23.188000E-03,16
+23.190000E-03,16
+23.192000E-03,16
+23.194000E-03,16
+23.196000E-03,16
+23.198000E-03,16
+23.200000E-03,16
+23.202000E-03,16
+23.204000E-03,16
+23.206000E-03,16
+23.208000E-03,16
+23.210000E-03,16
+23.212000E-03,16
+23.214000E-03,16
+23.216000E-03,16
+23.218000E-03,16
+23.220000E-03,16
+23.222000E-03,16
+23.224000E-03,16
+23.226000E-03,16
+23.228000E-03,16
+23.230000E-03,16
+23.232000E-03,16
+23.234000E-03,16
+23.236000E-03,16
+23.238000E-03,16
+23.240000E-03,16
+23.242000E-03,16
+23.244000E-03,16
+23.246000E-03,16
+23.248000E-03,16
+23.250000E-03,16
+23.252000E-03,16
+23.254000E-03,16
+23.256000E-03,16
+23.258000E-03,16
+23.260000E-03,16
+23.262000E-03,16
+23.264000E-03,16
+23.266000E-03,16
+23.268000E-03,16
+23.270000E-03,16
+23.272000E-03,16
+23.274000E-03,16
+23.276000E-03,16
+23.278000E-03,16
+23.280000E-03,16
+23.282000E-03,16
+23.284000E-03,16
+23.286000E-03,16
+23.288000E-03,16
+23.290000E-03,16
+23.292000E-03,16
+23.294000E-03,16
+23.296000E-03,16
+23.298000E-03,16
+23.300000E-03,16
+23.302000E-03,16
+23.304000E-03,16
+23.306000E-03,16
+23.308000E-03,16
+23.310000E-03,16
+23.312000E-03,16
+23.314000E-03,16
+23.316000E-03,16
+23.318000E-03,16
+23.320000E-03,16
+23.322000E-03,16
+23.324000E-03,16
+23.326000E-03,16
+23.328000E-03,16
+23.330000E-03,16
+23.332000E-03,16
+23.334000E-03,16
+23.336000E-03,16
+23.338000E-03,16
+23.340000E-03,16
+23.342000E-03,16
+23.344000E-03,16
+23.346000E-03,16
+23.348000E-03,16
+23.350000E-03,16
+23.352000E-03,16
+23.354000E-03,16
+23.356000E-03,16
+23.358000E-03,16
+23.360000E-03,16
+23.362000E-03,16
+23.364000E-03,16
+23.366000E-03,16
+23.368000E-03,16
+23.370000E-03,16
+23.372000E-03,16
+23.374000E-03,16
+23.376000E-03,16
+23.378000E-03,16
+23.380000E-03,16
+23.382000E-03,16
+23.384000E-03,16
+23.386000E-03,16
+23.388000E-03,16
+23.390000E-03,16
+23.392000E-03,16
+23.394000E-03,16
+23.396000E-03,16
+23.398000E-03,16
+23.400000E-03,16
+23.402000E-03,16
+23.404000E-03,16
+23.406000E-03,16
+23.408000E-03,16
+23.410000E-03,16
+23.412000E-03,16
+23.414000E-03,16
+23.416000E-03,16
+23.418000E-03,16
+23.420000E-03,16
+23.422000E-03,16
+23.424000E-03,16
+23.426000E-03,16
+23.428000E-03,16
+23.430000E-03,16
+23.432000E-03,16
+23.434000E-03,16
+23.436000E-03,16
+23.438000E-03,16
+23.440000E-03,16
+23.442000E-03,16
+23.444000E-03,16
+23.446000E-03,16
+23.448000E-03,16
+23.450000E-03,16
+23.452000E-03,16
+23.454000E-03,16
+23.456000E-03,16
+23.458000E-03,16
+23.460000E-03,16
+23.462000E-03,16
+23.464000E-03,16
+23.466000E-03,16
+23.468000E-03,16
+23.470000E-03,16
+23.472000E-03,16
+23.474000E-03,16
+23.476000E-03,16
+23.478000E-03,16
+23.480000E-03,16
+23.482000E-03,16
+23.484000E-03,16
+23.486000E-03,16
+23.488000E-03,16
+23.490000E-03,16
+23.492000E-03,16
+23.494000E-03,16
+23.496000E-03,16
+23.498000E-03,16
+23.500000E-03,16
+23.502000E-03,16
+23.504000E-03,16
+23.506000E-03,16
+23.508000E-03,16
+23.510000E-03,16
+23.512000E-03,16
+23.514000E-03,16
+23.516000E-03,16
+23.518000E-03,16
+23.520000E-03,16
+23.522000E-03,16
+23.524000E-03,16
+23.526000E-03,16
+23.528000E-03,16
+23.530000E-03,16
+23.532000E-03,16
+23.534000E-03,16
+23.536000E-03,16
+23.538000E-03,16
+23.540000E-03,16
+23.542000E-03,16
+23.544000E-03,16
+23.546000E-03,16
+23.548000E-03,16
+23.550000E-03,16
+23.552000E-03,16
+23.554000E-03,16
+23.556000E-03,16
+23.558000E-03,16
+23.560000E-03,16
+23.562000E-03,16
+23.564000E-03,16
+23.566000E-03,16
+23.568000E-03,16
+23.570000E-03,16
+23.572000E-03,16
+23.574000E-03,16
+23.576000E-03,16
+23.578000E-03,16
+23.580000E-03,16
+23.582000E-03,16
+23.584000E-03,16
+23.586000E-03,16
+23.588000E-03,16
+23.590000E-03,16
+23.592000E-03,16
+23.594000E-03,16
+23.596000E-03,16
+23.598000E-03,16
+23.600000E-03,16
+23.602000E-03,16
+23.604000E-03,16
+23.606000E-03,16
+23.608000E-03,16
+23.610000E-03,16
+23.612000E-03,16
+23.614000E-03,16
+23.616000E-03,16
+23.618000E-03,16
+23.620000E-03,16
+23.622000E-03,16
+23.624000E-03,16
+23.626000E-03,16
+23.628000E-03,16
+23.630000E-03,16
+23.632000E-03,16
+23.634000E-03,16
+23.636000E-03,16
+23.638000E-03,16
+23.640000E-03,16
+23.642000E-03,16
+23.644000E-03,16
+23.646000E-03,16
+23.648000E-03,16
+23.650000E-03,16
+23.652000E-03,16
+23.654000E-03,16
+23.656000E-03,16
+23.658000E-03,16
+23.660000E-03,16
+23.662000E-03,16
+23.664000E-03,16
+23.666000E-03,16
+23.668000E-03,16
+23.670000E-03,16
+23.672000E-03,16
+23.674000E-03,16
+23.676000E-03,16
+23.678000E-03,16
+23.680000E-03,16
+23.682000E-03,16
+23.684000E-03,16
+23.686000E-03,16
+23.688000E-03,16
+23.690000E-03,16
+23.692000E-03,16
+23.694000E-03,16
+23.696000E-03,16
+23.698000E-03,16
+23.700000E-03,16
+23.702000E-03,16
+23.704000E-03,16
+23.706000E-03,16
+23.708000E-03,16
+23.710000E-03,16
+23.712000E-03,16
+23.714000E-03,16
+23.716000E-03,16
+23.718000E-03,16
+23.720000E-03,16
+23.722000E-03,16
+23.724000E-03,16
+23.726000E-03,16
+23.728000E-03,16
+23.730000E-03,16
+23.732000E-03,16
+23.734000E-03,16
+23.736000E-03,16
+23.738000E-03,16
+23.740000E-03,16
+23.742000E-03,16
+23.744000E-03,16
+23.746000E-03,16
+23.748000E-03,16
+23.750000E-03,16
+23.752000E-03,16
+23.754000E-03,16
+23.756000E-03,16
+23.758000E-03,16
+23.760000E-03,16
+23.762000E-03,16
+23.764000E-03,16
+23.766000E-03,16
+23.768000E-03,16
+23.770000E-03,16
+23.772000E-03,16
+23.774000E-03,16
+23.776000E-03,16
+23.778000E-03,16
+23.780000E-03,16
+23.782000E-03,16
+23.784000E-03,16
+23.786000E-03,16
+23.788000E-03,16
+23.790000E-03,16
+23.792000E-03,16
+23.794000E-03,16
+23.796000E-03,16
+23.798000E-03,16
+23.800000E-03,16
+23.802000E-03,16
+23.804000E-03,16
+23.806000E-03,16
+23.808000E-03,16
+23.810000E-03,16
+23.812000E-03,16
+23.814000E-03,16
+23.816000E-03,16
+23.818000E-03,16
+23.820000E-03,16
+23.822000E-03,16
+23.824000E-03,16
+23.826000E-03,16
+23.828000E-03,16
+23.830000E-03,16
+23.832000E-03,16
+23.834000E-03,16
+23.836000E-03,16
+23.838000E-03,16
+23.840000E-03,16
+23.842000E-03,16
+23.844000E-03,16
+23.846000E-03,16
+23.848000E-03,16
+23.850000E-03,16
+23.852000E-03,16
+23.854000E-03,16
+23.856000E-03,16
+23.858000E-03,16
+23.860000E-03,16
+23.862000E-03,16
+23.864000E-03,16
+23.866000E-03,16
+23.868000E-03,16
+23.870000E-03,16
+23.872000E-03,16
+23.874000E-03,16
+23.876000E-03,16
+23.878000E-03,16
+23.880000E-03,16
+23.882000E-03,16
+23.884000E-03,16
+23.886000E-03,16
+23.888000E-03,16
+23.890000E-03,16
+23.892000E-03,16
+23.894000E-03,16
+23.896000E-03,16
+23.898000E-03,16
+23.900000E-03,16
+23.902000E-03,16
+23.904000E-03,16
+23.906000E-03,16
+23.908000E-03,16
+23.910000E-03,16
+23.912000E-03,16
+23.914000E-03,16
+23.916000E-03,16
+23.918000E-03,16
+23.920000E-03,16
+23.922000E-03,16
+23.924000E-03,16
+23.926000E-03,16
+23.928000E-03,16
+23.930000E-03,16
+23.932000E-03,16
+23.934000E-03,16
+23.936000E-03,16
+23.938000E-03,16
+23.940000E-03,16
+23.942000E-03,16
+23.944000E-03,16
+23.946000E-03,16
+23.948000E-03,16
+23.950000E-03,16
+23.952000E-03,16
+23.954000E-03,16
+23.956000E-03,16
+23.958000E-03,16
+23.960000E-03,16
+23.962000E-03,16
+23.964000E-03,16
+23.966000E-03,16
+23.968000E-03,16
+23.970000E-03,16
+23.972000E-03,16
+23.974000E-03,16
+23.976000E-03,16
+23.978000E-03,16
+23.980000E-03,16
+23.982000E-03,16
+23.984000E-03,16
+23.986000E-03,16
+23.988000E-03,16
+23.990000E-03,16
+23.992000E-03,16
+23.994000E-03,16
+23.996000E-03,16
+23.998000E-03,16
+24.000000E-03,16
+24.002000E-03,16
+24.004000E-03,16
+24.006000E-03,16
+24.008000E-03,16
+24.010000E-03,16
+24.012000E-03,16
+24.014000E-03,16
+24.016000E-03,16
+24.018000E-03,16
+24.020000E-03,16
+24.022000E-03,16
+24.024000E-03,16
+24.026000E-03,16
+24.028000E-03,16
+24.030000E-03,16
+24.032000E-03,16
+24.034000E-03,16
+24.036000E-03,16
+24.038000E-03,16
+24.040000E-03,16
+24.042000E-03,16
+24.044000E-03,16
+24.046000E-03,16
+24.048000E-03,16
+24.050000E-03,16
+24.052000E-03,16
+24.054000E-03,16
+24.056000E-03,16
+24.058000E-03,16
+24.060000E-03,16
+24.062000E-03,16
+24.064000E-03,16
+24.066000E-03,16
+24.068000E-03,16
+24.070000E-03,16
+24.072000E-03,16
+24.074000E-03,16
+24.076000E-03,16
+24.078000E-03,16
+24.080000E-03,16
+24.082000E-03,16
+24.084000E-03,16
+24.086000E-03,16
+24.088000E-03,16
+24.090000E-03,16
+24.092000E-03,16
+24.094000E-03,16
+24.096000E-03,16
+24.098000E-03,16
+24.100000E-03,16
+24.102000E-03,16
+24.104000E-03,16
+24.106000E-03,16
+24.108000E-03,16
+24.110000E-03,16
+24.112000E-03,16
+24.114000E-03,16
+24.116000E-03,16
+24.118000E-03,16
+24.120000E-03,16
+24.122000E-03,16
+24.124000E-03,16
+24.126000E-03,16
+24.128000E-03,16
+24.130000E-03,16
+24.132000E-03,16
+24.134000E-03,16
+24.136000E-03,16
+24.138000E-03,16
+24.140000E-03,16
+24.142000E-03,16
+24.144000E-03,16
+24.146000E-03,16
+24.148000E-03,16
+24.150000E-03,16
+24.152000E-03,16
+24.154000E-03,16
+24.156000E-03,16
+24.158000E-03,16
+24.160000E-03,16
+24.162000E-03,16
+24.164000E-03,16
+24.166000E-03,16
+24.168000E-03,16
+24.170000E-03,16
+24.172000E-03,16
+24.174000E-03,16
+24.176000E-03,16
+24.178000E-03,16
+24.180000E-03,16
+24.182000E-03,16
+24.184000E-03,16
+24.186000E-03,16
+24.188000E-03,16
+24.190000E-03,16
+24.192000E-03,16
+24.194000E-03,16
+24.196000E-03,16
+24.198000E-03,16
+24.200000E-03,16
+24.202000E-03,16
+24.204000E-03,16
+24.206000E-03,16
+24.208000E-03,16
+24.210000E-03,16
+24.212000E-03,16
+24.214000E-03,16
+24.216000E-03,16
+24.218000E-03,16
+24.220000E-03,16
+24.222000E-03,16
+24.224000E-03,16
+24.226000E-03,16
+24.228000E-03,16
+24.230000E-03,16
+24.232000E-03,16
+24.234000E-03,16
+24.236000E-03,16
+24.238000E-03,16
+24.240000E-03,16
+24.242000E-03,16
+24.244000E-03,16
+24.246000E-03,16
+24.248000E-03,16
+24.250000E-03,16
+24.252000E-03,16
+24.254000E-03,16
+24.256000E-03,16
+24.258000E-03,16
+24.260000E-03,16
+24.262000E-03,16
+24.264000E-03,16
+24.266000E-03,16
+24.268000E-03,16
+24.270000E-03,16
+24.272000E-03,16
+24.274000E-03,16
+24.276000E-03,16
+24.278000E-03,16
+24.280000E-03,16
+24.282000E-03,16
+24.284000E-03,16
+24.286000E-03,16
+24.288000E-03,16
+24.290000E-03,16
+24.292000E-03,16
+24.294000E-03,16
+24.296000E-03,16
+24.298000E-03,16
+24.300000E-03,16
+24.302000E-03,16
+24.304000E-03,16
+24.306000E-03,16
+24.308000E-03,16
+24.310000E-03,16
+24.312000E-03,16
+24.314000E-03,16
+24.316000E-03,16
+24.318000E-03,16
+24.320000E-03,16
+24.322000E-03,16
+24.324000E-03,16
+24.326000E-03,16
+24.328000E-03,16
+24.330000E-03,16
+24.332000E-03,16
+24.334000E-03,16
+24.336000E-03,16
+24.338000E-03,16
+24.340000E-03,16
+24.342000E-03,16
+24.344000E-03,16
+24.346000E-03,16
+24.348000E-03,16
+24.350000E-03,16
+24.352000E-03,16
+24.354000E-03,16
+24.356000E-03,16
+24.358000E-03,16
+24.360000E-03,16
+24.362000E-03,16
+24.364000E-03,16
+24.366000E-03,16
+24.368000E-03,16
+24.370000E-03,16
+24.372000E-03,16
+24.374000E-03,16
+24.376000E-03,16
+24.378000E-03,16
+24.380000E-03,16
+24.382000E-03,16
+24.384000E-03,16
+24.386000E-03,16
+24.388000E-03,16
+24.390000E-03,16
+24.392000E-03,16
+24.394000E-03,16
+24.396000E-03,16
+24.398000E-03,16
+24.400000E-03,16
+24.402000E-03,16
+24.404000E-03,16
+24.406000E-03,16
+24.408000E-03,16
+24.410000E-03,16
+24.412000E-03,16
+24.414000E-03,16
+24.416000E-03,16
+24.418000E-03,16
+24.420000E-03,16
+24.422000E-03,16
+24.424000E-03,16
+24.426000E-03,16
+24.428000E-03,16
+24.430000E-03,16
+24.432000E-03,16
+24.434000E-03,16
+24.436000E-03,16
+24.438000E-03,16
+24.440000E-03,16
+24.442000E-03,16
+24.444000E-03,16
+24.446000E-03,16
+24.448000E-03,16
+24.450000E-03,16
+24.452000E-03,16
+24.454000E-03,16
+24.456000E-03,16
+24.458000E-03,16
+24.460000E-03,16
+24.462000E-03,16
+24.464000E-03,16
+24.466000E-03,16
+24.468000E-03,16
+24.470000E-03,16
+24.472000E-03,16
+24.474000E-03,16
+24.476000E-03,16
+24.478000E-03,16
+24.480000E-03,16
+24.482000E-03,16
+24.484000E-03,16
+24.486000E-03,16
+24.488000E-03,16
+24.490000E-03,16
+24.492000E-03,16
+24.494000E-03,16
+24.496000E-03,16
+24.498000E-03,16
+24.500000E-03,16
+24.502000E-03,16
+24.504000E-03,16
+24.506000E-03,16
+24.508000E-03,16
+24.510000E-03,16
+24.512000E-03,16
+24.514000E-03,16
+24.516000E-03,16
+24.518000E-03,16
+24.520000E-03,16
+24.522000E-03,16
+24.524000E-03,16
+24.526000E-03,16
+24.528000E-03,16
+24.530000E-03,16
+24.532000E-03,16
+24.534000E-03,16
+24.536000E-03,16
+24.538000E-03,16
+24.540000E-03,16
+24.542000E-03,16
+24.544000E-03,16
+24.546000E-03,16
+24.548000E-03,16
+24.550000E-03,16
+24.552000E-03,16
+24.554000E-03,16
+24.556000E-03,16
+24.558000E-03,16
+24.560000E-03,16
+24.562000E-03,16
+24.564000E-03,16
+24.566000E-03,16
+24.568000E-03,16
+24.570000E-03,16
+24.572000E-03,16
+24.574000E-03,16
+24.576000E-03,16
+24.578000E-03,16
+24.580000E-03,16
+24.582000E-03,16
+24.584000E-03,16
+24.586000E-03,16
+24.588000E-03,16
+24.590000E-03,16
+24.592000E-03,16
+24.594000E-03,16
+24.596000E-03,16
+24.598000E-03,16
+24.600000E-03,16
+24.602000E-03,16
+24.604000E-03,16
+24.606000E-03,16
+24.608000E-03,16
+24.610000E-03,16
+24.612000E-03,16
+24.614000E-03,16
+24.616000E-03,16
+24.618000E-03,16
+24.620000E-03,16
+24.622000E-03,16
+24.624000E-03,16
+24.626000E-03,16
+24.628000E-03,16
+24.630000E-03,16
+24.632000E-03,16
+24.634000E-03,16
+24.636000E-03,16
+24.638000E-03,16
+24.640000E-03,16
+24.642000E-03,16
+24.644000E-03,16
+24.646000E-03,16
+24.648000E-03,16
+24.650000E-03,16
+24.652000E-03,16
+24.654000E-03,16
+24.656000E-03,16
+24.658000E-03,16
+24.660000E-03,16
+24.662000E-03,16
+24.664000E-03,16
+24.666000E-03,16
+24.668000E-03,16
+24.670000E-03,16
+24.672000E-03,16
+24.674000E-03,16
+24.676000E-03,16
+24.678000E-03,16
+24.680000E-03,16
+24.682000E-03,16
+24.684000E-03,16
+24.686000E-03,16
+24.688000E-03,16
+24.690000E-03,16
+24.692000E-03,16
+24.694000E-03,16
+24.696000E-03,16
+24.698000E-03,16
+24.700000E-03,16
+24.702000E-03,16
+24.704000E-03,16
+24.706000E-03,16
+24.708000E-03,16
+24.710000E-03,16
+24.712000E-03,16
+24.714000E-03,16
+24.716000E-03,16
+24.718000E-03,16
+24.720000E-03,16
+24.722000E-03,16
+24.724000E-03,16
+24.726000E-03,16
+24.728000E-03,16
+24.730000E-03,16
+24.732000E-03,16
+24.734000E-03,16
+24.736000E-03,16
+24.738000E-03,16
+24.740000E-03,16
+24.742000E-03,16
+24.744000E-03,16
+24.746000E-03,16
+24.748000E-03,16
+24.750000E-03,16
+24.752000E-03,16
+24.754000E-03,16
+24.756000E-03,16
+24.758000E-03,16
+24.760000E-03,16
+24.762000E-03,16
+24.764000E-03,16
+24.766000E-03,16
+24.768000E-03,16
+24.770000E-03,16
+24.772000E-03,16
+24.774000E-03,16
+24.776000E-03,16
+24.778000E-03,16
+24.780000E-03,16
+24.782000E-03,16
+24.784000E-03,16
+24.786000E-03,16
+24.788000E-03,16
+24.790000E-03,16
+24.792000E-03,16
+24.794000E-03,16
+24.796000E-03,16
+24.798000E-03,16
+24.800000E-03,16
+24.802000E-03,16
+24.804000E-03,16
+24.806000E-03,16
+24.808000E-03,16
+24.810000E-03,16
+24.812000E-03,16
+24.814000E-03,16
+24.816000E-03,16
+24.818000E-03,16
+24.820000E-03,16
+24.822000E-03,16
+24.824000E-03,16
+24.826000E-03,16
+24.828000E-03,16
+24.830000E-03,16
+24.832000E-03,16
+24.834000E-03,16
+24.836000E-03,16
+24.838000E-03,16
+24.840000E-03,16
+24.842000E-03,16
+24.844000E-03,16
+24.846000E-03,16
+24.848000E-03,16
+24.850000E-03,16
+24.852000E-03,16
+24.854000E-03,16
+24.856000E-03,16
+24.858000E-03,16
+24.860000E-03,16
+24.862000E-03,16
+24.864000E-03,16
+24.866000E-03,16
+24.868000E-03,16
+24.870000E-03,16
+24.872000E-03,16
+24.874000E-03,16
+24.876000E-03,16
+24.878000E-03,16
+24.880000E-03,16
+24.882000E-03,16
+24.884000E-03,16
+24.886000E-03,16
+24.888000E-03,16
+24.890000E-03,16
+24.892000E-03,16
+24.894000E-03,16
+24.896000E-03,16
+24.898000E-03,16
+24.900000E-03,16
+24.902000E-03,16
+24.904000E-03,16
+24.906000E-03,16
+24.908000E-03,16
+24.910000E-03,16
+24.912000E-03,16
+24.914000E-03,16
+24.916000E-03,16
+24.918000E-03,16
+24.920000E-03,16
+24.922000E-03,16
+24.924000E-03,16
+24.926000E-03,16
+24.928000E-03,16
+24.930000E-03,16
+24.932000E-03,16
+24.934000E-03,16
+24.936000E-03,16
+24.938000E-03,16
+24.940000E-03,16
+24.942000E-03,16
+24.944000E-03,16
+24.946000E-03,16
+24.948000E-03,16
+24.950000E-03,16
+24.952000E-03,16
+24.954000E-03,16
+24.956000E-03,16
+24.958000E-03,16
+24.960000E-03,16
+24.962000E-03,16
+24.964000E-03,16
+24.966000E-03,16
+24.968000E-03,16
+24.970000E-03,16
+24.972000E-03,16
+24.974000E-03,16
+24.976000E-03,16
+24.978000E-03,16
+24.980000E-03,16
+24.982000E-03,16
+24.984000E-03,16
+24.986000E-03,16
+24.988000E-03,16
+24.990000E-03,16
+24.992000E-03,16
+24.994000E-03,16
+24.996000E-03,16
+24.998000E-03,16
