x-axis,D0-D7
second,
-5.000000E-03,16
-4.998000E-03,16
-4.996000E-03,16
-4.994000E-03,16
-4.992000E-03,16
-4.990000E-03,16
-4.988000E-03,16
-4.986000E-03,16
-4.984000E-03,16
-4.982000E-03,16
-4.980000E-03,16
-4.978000E-03,16
-4.976000E-03,16
-4.974000E-03,16
-4.972000E-03,16
-4.970000E-03,16
-4.968000E-03,16
-4.966000E-03,16
-4.964000E-03,16
-4.962000E-03,16
-4.960000E-03,16
-4.958000E-03,16
-4.956000E-03,16
-4.954000E-03,16
-4.952000E-03,16
-4.950000E-03,16
-4.948000E-03,16
-4.946000E-03,16
-4.944000E-03,16
-4.942000E-03,16
-4.940000E-03,16
-4.938000E-03,16
-4.936000E-03,16
-4.934000E-03,16
-4.932000E-03,16
-4.930000E-03,16
-4.928000E-03,16
-4.926000E-03,16
-4.924000E-03,16
-4.922000E-03,16
-4.920000E-03,16
-4.918000E-03,16
-4.916000E-03,16
-4.914000E-03,16
-4.912000E-03,16
-4.910000E-03,16
-4.908000E-03,16
-4.906000E-03,16
-4.904000E-03,16
-4.902000E-03,16
-4.900000E-03,16
-4.898000E-03,16
-4.896000E-03,16
-4.894000E-03,16
-4.892000E-03,16
-4.890000E-03,16
-4.888000E-03,16
-4.886000E-03,16
-4.884000E-03,16
-4.882000E-03,16
-4.880000E-03,16
-4.878000E-03,16
-4.876000E-03,16
-4.874000E-03,16
-4.872000E-03,16
-4.870000E-03,16
-4.868000E-03,16
-4.866000E-03,16
-4.864000E-03,16
-4.862000E-03,16
-4.860000E-03,16
-4.858000E-03,16
-4.856000E-03,16
-4.854000E-03,16
-4.852000E-03,16
-4.850000E-03,16
-4.848000E-03,16
-4.846000E-03,16
-4.844000E-03,16
-4.842000E-03,16
-4.840000E-03,16
-4.838000E-03,16
-4.836000E-03,16
-4.834000E-03,16
-4.832000E-03,16
-4.830000E-03,16
-4.828000E-03,16
-4.826000E-03,16
-4.824000E-03,16
-4.822000E-03,16
-4.820000E-03,16
-4.818000E-03,16
-4.816000E-03,16
-4.814000E-03,16
-4.812000E-03,16
-4.810000E-03,16
-4.808000E-03,16
-4.806000E-03,16
-4.804000E-03,16
-4.802000E-03,16
-4.800000E-03,16
-4.798000E-03,16
-4.796000E-03,16
-4.794000E-03,16
-4.792000E-03,16
-4.790000E-03,16
-4.788000E-03,16
-4.786000E-03,16
-4.784000E-03,16
-4.782000E-03,16
-4.780000E-03,16
-4.778000E-03,16
-4.776000E-03,16
-4.774000E-03,16
-4.772000E-03,16
-4.770000E-03,16
-4.768000E-03,16
-4.766000E-03,16
-4.764000E-03,16
-4.762000E-03,16
-4.760000E-03,16
-4.758000E-03,16
-4.756000E-03,16
-4.754000E-03,16
-4.752000E-03,16
-4.750000E-03,16
-4.748000E-03,16
-4.746000E-03,16
-4.744000E-03,16
-4.742000E-03,16
-4.740000E-03,16
-4.738000E-03,16
-4.736000E-03,16
-4.734000E-03,16
-4.732000E-03,16
-4.730000E-03,16
-4.728000E-03,16
-4.726000E-03,16
-4.724000E-03,16
-4.722000E-03,16
-4.720000E-03,16
-4.718000E-03,16
-4.716000E-03,16
-4.714000E-03,16
-4.712000E-03,16
-4.710000E-03,16
-4.708000E-03,16
-4.706000E-03,16
-4.704000E-03,16
-4.702000E-03,16
-4.700000E-03,16
-4.698000E-03,16
-4.696000E-03,16
-4.694000E-03,16
-4.692000E-03,16
-4.690000E-03,16
-4.688000E-03,16
-4.686000E-03,16
-4.684000E-03,16
-4.682000E-03,16
-4.680000E-03,16
-4.678000E-03,16
-4.676000E-03,16
-4.674000E-03,16
-4.672000E-03,16
-4.670000E-03,16
-4.668000E-03,16
-4.666000E-03,16
-4.664000E-03,16
-4.662000E-03,16
-4.660000E-03,16
-4.658000E-03,16
-4.656000E-03,16
-4.654000E-03,16
-4.652000E-03,16
-4.650000E-03,16
-4.648000E-03,16
-4.646000E-03,16
-4.644000E-03,16
-4.642000E-03,16
-4.640000E-03,16
-4.638000E-03,16
-4.636000E-03,16
-4.634000E-03,16
-4.632000E-03,16
-4.630000E-03,16
-4.628000E-03,16
-4.626000E-03,16
-4.624000E-03,16
-4.622000E-03,16
-4.620000E-03,16
-4.618000E-03,16
-4.616000E-03,16
-4.614000E-03,16
-4.612000E-03,16
-4.610000E-03,16
-4.608000E-03,16
-4.606000E-03,16
-4.604000E-03,16
-4.602000E-03,16
-4.600000E-03,16
-4.598000E-03,16
-4.596000E-03,16
-4.594000E-03,16
-4.592000E-03,16
-4.590000E-03,16
-4.588000E-03,16
-4.586000E-03,16
-4.584000E-03,16
-4.582000E-03,16
-4.580000E-03,16
-4.578000E-03,16
-4.576000E-03,16
-4.574000E-03,16
-4.572000E-03,16
-4.570000E-03,16
-4.568000E-03,16
-4.566000E-03,16
-4.564000E-03,16
-4.562000E-03,16
-4.560000E-03,16
-4.558000E-03,16
-4.556000E-03,16
-4.554000E-03,16
-4.552000E-03,16
-4.550000E-03,16
-4.548000E-03,16
-4.546000E-03,16
-4.544000E-03,16
-4.542000E-03,16
-4.540000E-03,16
-4.538000E-03,16
-4.536000E-03,16
-4.534000E-03,16
-4.532000E-03,16
-4.530000E-03,16
-4.528000E-03,16
-4.526000E-03,16
-4.524000E-03,16
-4.522000E-03,16
-4.520000E-03,16
-4.518000E-03,16
-4.516000E-03,16
-4.514000E-03,16
-4.512000E-03,16
-4.510000E-03,16
-4.508000E-03,16
-4.506000E-03,16
-4.504000E-03,16
-4.502000E-03,16
-4.500000E-03,16
-4.498000E-03,16
-4.496000E-03,16
-4.494000E-03,16
-4.492000E-03,16
-4.490000E-03,16
-4.488000E-03,16
-4.486000E-03,16
-4.484000E-03,16
-4.482000E-03,16
-4.480000E-03,16
-4.478000E-03,16
-4.476000E-03,16
-4.474000E-03,16
-4.472000E-03,16
-4.470000E-03,16
-4.468000E-03,16
-4.466000E-03,16
-4.464000E-03,16
-4.462000E-03,16
-4.460000E-03,16
-4.458000E-03,16
-4.456000E-03,16
-4.454000E-03,16
-4.452000E-03,16
-4.450000E-03,16
-4.448000E-03,16
-4.446000E-03,16
-4.444000E-03,16
-4.442000E-03,16
-4.440000E-03,16
-4.438000E-03,16
-4.436000E-03,16
-4.434000E-03,16
-4.432000E-03,16
-4.430000E-03,16
-4.428000E-03,16
-4.426000E-03,16
-4.424000E-03,16
-4.422000E-03,16
-4.420000E-03,16
-4.418000E-03,16
-4.416000E-03,16
-4.414000E-03,16
-4.412000E-03,16
-4.410000E-03,16
-4.408000E-03,16
-4.406000E-03,16
-4.404000E-03,16
-4.402000E-03,16
-4.400000E-03,16
-4.398000E-03,16
-4.396000E-03,16
-4.394000E-03,16
-4.392000E-03,16
-4.390000E-03,16
-4.388000E-03,16
-4.386000E-03,16
-4.384000E-03,16
-4.382000E-03,16
-4.380000E-03,16
-4.378000E-03,16
-4.376000E-03,16
-4.374000E-03,16
-4.372000E-03,16
-4.370000E-03,16
-4.368000E-03,16
-4.366000E-03,16
-4.364000E-03,16
-4.362000E-03,16
-4.360000E-03,16
-4.358000E-03,16
-4.356000E-03,16
-4.354000E-03,16
-4.352000E-03,16
-4.350000E-03,16
-4.348000E-03,16
-4.346000E-03,16
-4.344000E-03,16
-4.342000E-03,16
-4.340000E-03,16
-4.338000E-03,16
-4.336000E-03,16
-4.334000E-03,16
-4.332000E-03,16
-4.330000E-03,16
-4.328000E-03,16
-4.326000E-03,16
-4.324000E-03,16
-4.322000E-03,16
-4.320000E-03,16
-4.318000E-03,16
-4.316000E-03,16
-4.314000E-03,16
-4.312000E-03,16
-4.310000E-03,16
-4.308000E-03,16
-4.306000E-03,16
-4.304000E-03,16
-4.302000E-03,16
-4.300000E-03,16
-4.298000E-03,16
-4.296000E-03,16
-4.294000E-03,16
-4.292000E-03,16
-4.290000E-03,16
-4.288000E-03,16
-4.286000E-03,16
-4.284000E-03,16
-4.282000E-03,16
-4.280000E-03,16
-4.278000E-03,16
-4.276000E-03,16
-4.274000E-03,16
-4.272000E-03,16
-4.270000E-03,16
-4.268000E-03,16
-4.266000E-03,16
-4.264000E-03,16
-4.262000E-03,16
-4.260000E-03,16
-4.258000E-03,16
-4.256000E-03,16
-4.254000E-03,16
-4.252000E-03,16
-4.250000E-03,16
-4.248000E-03,16
-4.246000E-03,16
-4.244000E-03,16
-4.242000E-03,16
-4.240000E-03,16
-4.238000E-03,16
-4.236000E-03,16
-4.234000E-03,16
-4.232000E-03,16
-4.230000E-03,16
-4.228000E-03,16
-4.226000E-03,16
-4.224000E-03,16
-4.222000E-03,16
-4.220000E-03,16
-4.218000E-03,16
-4.216000E-03,16
-4.214000E-03,16
-4.212000E-03,16
-4.210000E-03,16
-4.208000E-03,16
-4.206000E-03,16
-4.204000E-03,16
-4.202000E-03,16
-4.200000E-03,16
-4.198000E-03,16
-4.196000E-03,16
-4.194000E-03,16
-4.192000E-03,16
-4.190000E-03,16
-4.188000E-03,16
-4.186000E-03,16
-4.184000E-03,16
-4.182000E-03,16
-4.180000E-03,16
-4.178000E-03,16
-4.176000E-03,16
-4.174000E-03,16
-4.172000E-03,16
-4.170000E-03,16
-4.168000E-03,16
-4.166000E-03,16
-4.164000E-03,16
-4.162000E-03,16
-4.160000E-03,16
-4.158000E-03,16
-4.156000E-03,16
-4.154000E-03,16
-4.152000E-03,16
-4.150000E-03,16
-4.148000E-03,16
-4.146000E-03,16
-4.144000E-03,16
-4.142000E-03,16
-4.140000E-03,16
-4.138000E-03,16
-4.136000E-03,16
-4.134000E-03,16
-4.132000E-03,16
-4.130000E-03,16
-4.128000E-03,16
-4.126000E-03,16
-4.124000E-03,16
-4.122000E-03,16
-4.120000E-03,16
-4.118000E-03,16
-4.116000E-03,16
-4.114000E-03,16
-4.112000E-03,16
-4.110000E-03,16
-4.108000E-03,16
-4.106000E-03,16
-4.104000E-03,16
-4.102000E-03,16
-4.100000E-03,16
-4.098000E-03,16
-4.096000E-03,16
-4.094000E-03,16
-4.092000E-03,16
-4.090000E-03,16
-4.088000E-03,16
-4.086000E-03,16
-4.084000E-03,16
-4.082000E-03,16
-4.080000E-03,16
-4.078000E-03,16
-4.076000E-03,16
-4.074000E-03,16
-4.072000E-03,16
-4.070000E-03,16
-4.068000E-03,16
-4.066000E-03,16
-4.064000E-03,16
-4.062000E-03,16
-4.060000E-03,16
-4.058000E-03,16
-4.056000E-03,16
-4.054000E-03,16
-4.052000E-03,16
-4.050000E-03,16
-4.048000E-03,16
-4.046000E-03,16
-4.044000E-03,16
-4.042000E-03,16
-4.040000E-03,16
-4.038000E-03,16
-4.036000E-03,16
-4.034000E-03,16
-4.032000E-03,16
-4.030000E-03,16
-4.028000E-03,16
-4.026000E-03,16
-4.024000E-03,16
-4.022000E-03,16
-4.020000E-03,16
-4.018000E-03,16
-4.016000E-03,16
-4.014000E-03,16
-4.012000E-03,16
-4.010000E-03,16
-4.008000E-03,16
-4.006000E-03,16
-4.004000E-03,16
-4.002000E-03,16
-4.000000E-03,16
-3.998000E-03,16
-3.996000E-03,16
-3.994000E-03,16
-3.992000E-03,16
-3.990000E-03,16
-3.988000E-03,16
-3.986000E-03,16
-3.984000E-03,16
-3.982000E-03,16
-3.980000E-03,16
-3.978000E-03,16
-3.976000E-03,16
-3.974000E-03,16
-3.972000E-03,16
-3.970000E-03,16
-3.968000E-03,16
-3.966000E-03,16
-3.964000E-03,16
-3.962000E-03,16
-3.960000E-03,16
-3.958000E-03,16
-3.956000E-03,16
-3.954000E-03,16
-3.952000E-03,16
-3.950000E-03,16
-3.948000E-03,16
-3.946000E-03,16
-3.944000E-03,16
-3.942000E-03,16
-3.940000E-03,16
-3.938000E-03,16
-3.936000E-03,16
-3.934000E-03,16
-3.932000E-03,16
-3.930000E-03,16
-3.928000E-03,16
-3.926000E-03,16
-3.924000E-03,16
-3.922000E-03,16
-3.920000E-03,16
-3.918000E-03,16
-3.916000E-03,16
-3.914000E-03,16
-3.912000E-03,16
-3.910000E-03,16
-3.908000E-03,16
-3.906000E-03,16
-3.904000E-03,16
-3.902000E-03,16
-3.900000E-03,16
-3.898000E-03,16
-3.896000E-03,16
-3.894000E-03,16
-3.892000E-03,16
-3.890000E-03,16
-3.888000E-03,16
-3.886000E-03,16
-3.884000E-03,16
-3.882000E-03,16
-3.880000E-03,16
-3.878000E-03,16
-3.876000E-03,16
-3.874000E-03,16
-3.872000E-03,16
-3.870000E-03,16
-3.868000E-03,16
-3.866000E-03,16
-3.864000E-03,16
-3.862000E-03,16
-3.860000E-03,16
-3.858000E-03,16
-3.856000E-03,16
-3.854000E-03,16
-3.852000E-03,16
-3.850000E-03,16
-3.848000E-03,16
-3.846000E-03,16
-3.844000E-03,16
-3.842000E-03,16
-3.840000E-03,16
-3.838000E-03,16
-3.836000E-03,16
-3.834000E-03,16
-3.832000E-03,16
-3.830000E-03,16
-3.828000E-03,16
-3.826000E-03,16
-3.824000E-03,16
-3.822000E-03,16
-3.820000E-03,16
-3.818000E-03,16
-3.816000E-03,16
-3.814000E-03,16
-3.812000E-03,16
-3.810000E-03,16
-3.808000E-03,16
-3.806000E-03,16
-3.804000E-03,16
-3.802000E-03,16
-3.800000E-03,16
-3.798000E-03,16
-3.796000E-03,16
-3.794000E-03,16
-3.792000E-03,16
-3.790000E-03,16
-3.788000E-03,16
-3.786000E-03,16
-3.784000E-03,16
-3.782000E-03,16
-3.780000E-03,16
-3.778000E-03,16
-3.776000E-03,16
-3.774000E-03,16
-3.772000E-03,16
-3.770000E-03,16
-3.768000E-03,16
-3.766000E-03,16
-3.764000E-03,16
-3.762000E-03,16
-3.760000E-03,16
-3.758000E-03,16
-3.756000E-03,16
-3.754000E-03,16
-3.752000E-03,16
-3.750000E-03,16
-3.748000E-03,16
-3.746000E-03,16
-3.744000E-03,16
-3.742000E-03,16
-3.740000E-03,16
-3.738000E-03,16
-3.736000E-03,16
-3.734000E-03,16
-3.732000E-03,16
-3.730000E-03,16
-3.728000E-03,16
-3.726000E-03,16
-3.724000E-03,16
-3.722000E-03,16
-3.720000E-03,16
-3.718000E-03,16
-3.716000E-03,16
-3.714000E-03,16
-3.712000E-03,16
-3.710000E-03,16
-3.708000E-03,16
-3.706000E-03,16
-3.704000E-03,16
-3.702000E-03,16
-3.700000E-03,16
-3.698000E-03,16
-3.696000E-03,16
-3.694000E-03,16
-3.692000E-03,16
-3.690000E-03,16
-3.688000E-03,16
-3.686000E-03,16
-3.684000E-03,16
-3.682000E-03,16
-3.680000E-03,16
-3.678000E-03,16
-3.676000E-03,16
-3.674000E-03,16
-3.672000E-03,16
-3.670000E-03,16
-3.668000E-03,16
-3.666000E-03,16
-3.664000E-03,16
-3.662000E-03,16
-3.660000E-03,16
-3.658000E-03,16
-3.656000E-03,16
-3.654000E-03,16
-3.652000E-03,16
-3.650000E-03,16
-3.648000E-03,16
-3.646000E-03,16
-3.644000E-03,16
-3.642000E-03,16
-3.640000E-03,16
-3.638000E-03,16
-3.636000E-03,16
-3.634000E-03,16
-3.632000E-03,16
-3.630000E-03,16
-3.628000E-03,16
-3.626000E-03,16
-3.624000E-03,16
-3.622000E-03,16
-3.620000E-03,16
-3.618000E-03,16
-3.616000E-03,16
-3.614000E-03,16
-3.612000E-03,16
-3.610000E-03,16
-3.608000E-03,16
-3.606000E-03,16
-3.604000E-03,16
-3.602000E-03,16
-3.600000E-03,16
-3.598000E-03,16
-3.596000E-03,16
-3.594000E-03,16
-3.592000E-03,16
-3.590000E-03,16
-3.588000E-03,16
-3.586000E-03,16
-3.584000E-03,16
-3.582000E-03,16
-3.580000E-03,16
-3.578000E-03,16
-3.576000E-03,16
-3.574000E-03,16
-3.572000E-03,16
-3.570000E-03,16
-3.568000E-03,16
-3.566000E-03,16
-3.564000E-03,16
-3.562000E-03,16
-3.560000E-03,16
-3.558000E-03,16
-3.556000E-03,16
-3.554000E-03,16
-3.552000E-03,16
-3.550000E-03,16
-3.548000E-03,16
-3.546000E-03,16
-3.544000E-03,16
-3.542000E-03,16
-3.540000E-03,16
-3.538000E-03,16
-3.536000E-03,16
-3.534000E-03,16
-3.532000E-03,16
-3.530000E-03,16
-3.528000E-03,16
-3.526000E-03,16
-3.524000E-03,16
-3.522000E-03,16
-3.520000E-03,16
-3.518000E-03,16
-3.516000E-03,16
-3.514000E-03,16
-3.512000E-03,16
-3.510000E-03,16
-3.508000E-03,16
-3.506000E-03,16
-3.504000E-03,16
-3.502000E-03,16
-3.500000E-03,16
-3.498000E-03,16
-3.496000E-03,16
-3.494000E-03,16
-3.492000E-03,16
-3.490000E-03,16
-3.488000E-03,16
-3.486000E-03,16
-3.484000E-03,16
-3.482000E-03,16
-3.480000E-03,16
-3.478000E-03,16
-3.476000E-03,16
-3.474000E-03,16
-3.472000E-03,16
-3.470000E-03,16
-3.468000E-03,16
-3.466000E-03,16
-3.464000E-03,16
-3.462000E-03,16
-3.460000E-03,16
-3.458000E-03,16
-3.456000E-03,16
-3.454000E-03,16
-3.452000E-03,16
-3.450000E-03,16
-3.448000E-03,16
-3.446000E-03,16
-3.444000E-03,16
-3.442000E-03,16
-3.440000E-03,16
-3.438000E-03,16
-3.436000E-03,16
-3.434000E-03,16
-3.432000E-03,16
-3.430000E-03,16
-3.428000E-03,16
-3.426000E-03,16
-3.424000E-03,16
-3.422000E-03,16
-3.420000E-03,16
-3.418000E-03,16
-3.416000E-03,16
-3.414000E-03,16
-3.412000E-03,16
-3.410000E-03,16
-3.408000E-03,16
-3.406000E-03,16
-3.404000E-03,16
-3.402000E-03,16
-3.400000E-03,16
-3.398000E-03,16
-3.396000E-03,16
-3.394000E-03,16
-3.392000E-03,16
-3.390000E-03,16
-3.388000E-03,16
-3.386000E-03,16
-3.384000E-03,16
-3.382000E-03,16
-3.380000E-03,16
-3.378000E-03,16
-3.376000E-03,16
-3.374000E-03,16
-3.372000E-03,16
-3.370000E-03,16
-3.368000E-03,16
-3.366000E-03,16
-3.364000E-03,16
-3.362000E-03,16
-3.360000E-03,16
-3.358000E-03,16
-3.356000E-03,16
-3.354000E-03,16
-3.352000E-03,16
-3.350000E-03,16
-3.348000E-03,16
-3.346000E-03,16
-3.344000E-03,16
-3.342000E-03,16
-3.340000E-03,16
-3.338000E-03,16
-3.336000E-03,16
-3.334000E-03,16
-3.332000E-03,16
-3.330000E-03,16
-3.328000E-03,16
-3.326000E-03,16
-3.324000E-03,16
-3.322000E-03,16
-3.320000E-03,16
-3.318000E-03,16
-3.316000E-03,16
-3.314000E-03,16
-3.312000E-03,16
-3.310000E-03,16
-3.308000E-03,16
-3.306000E-03,16
-3.304000E-03,16
-3.302000E-03,16
-3.300000E-03,16
-3.298000E-03,16
-3.296000E-03,16
-3.294000E-03,16
-3.292000E-03,16
-3.290000E-03,16
-3.288000E-03,16
-3.286000E-03,16
-3.284000E-03,16
-3.282000E-03,16
-3.280000E-03,16
-3.278000E-03,16
-3.276000E-03,16
-3.274000E-03,16
-3.272000E-03,16
-3.270000E-03,16
-3.268000E-03,16
-3.266000E-03,16
-3.264000E-03,16
-3.262000E-03,16
-3.260000E-03,16
-3.258000E-03,16
-3.256000E-03,16
-3.254000E-03,16
-3.252000E-03,16
-3.250000E-03,16
-3.248000E-03,16
-3.246000E-03,16
-3.244000E-03,16
-3.242000E-03,16
-3.240000E-03,16
-3.238000E-03,16
-3.236000E-03,16
-3.234000E-03,16
-3.232000E-03,16
-3.230000E-03,16
-3.228000E-03,16
-3.226000E-03,16
-3.224000E-03,16
-3.222000E-03,16
-3.220000E-03,16
-3.218000E-03,16
-3.216000E-03,16
-3.214000E-03,16
-3.212000E-03,16
-3.210000E-03,16
-3.208000E-03,16
-3.206000E-03,16
-3.204000E-03,16
-3.202000E-03,16
-3.200000E-03,16
-3.198000E-03,16
-3.196000E-03,16
-3.194000E-03,16
-3.192000E-03,16
-3.190000E-03,16
-3.188000E-03,16
-3.186000E-03,16
-3.184000E-03,16
-3.182000E-03,16
-3.180000E-03,16
-3.178000E-03,16
-3.176000E-03,16
-3.174000E-03,16
-3.172000E-03,16
-3.170000E-03,16
-3.168000E-03,16
-3.166000E-03,16
-3.164000E-03,16
-3.162000E-03,16
-3.160000E-03,16
-3.158000E-03,16
-3.156000E-03,16
-3.154000E-03,16
-3.152000E-03,16
-3.150000E-03,16
-3.148000E-03,16
-3.146000E-03,16
-3.144000E-03,16
-3.142000E-03,16
-3.140000E-03,16
-3.138000E-03,16
-3.136000E-03,16
-3.134000E-03,16
-3.132000E-03,16
-3.130000E-03,16
-3.128000E-03,16
-3.126000E-03,16
-3.124000E-03,16
-3.122000E-03,16
-3.120000E-03,16
-3.118000E-03,16
-3.116000E-03,16
-3.114000E-03,16
-3.112000E-03,16
-3.110000E-03,16
-3.108000E-03,16
-3.106000E-03,16
-3.104000E-03,16
-3.102000E-03,16
-3.100000E-03,16
-3.098000E-03,16
-3.096000E-03,16
-3.094000E-03,16
-3.092000E-03,16
-3.090000E-03,16
-3.088000E-03,16
-3.086000E-03,16
-3.084000E-03,16
-3.082000E-03,16
-3.080000E-03,16
-3.078000E-03,16
-3.076000E-03,16
-3.074000E-03,16
-3.072000E-03,16
-3.070000E-03,16
-3.068000E-03,16
-3.066000E-03,16
-3.064000E-03,16
-3.062000E-03,16
-3.060000E-03,16
-3.058000E-03,16
-3.056000E-03,16
-3.054000E-03,16
-3.052000E-03,16
-3.050000E-03,16
-3.048000E-03,16
-3.046000E-03,16
-3.044000E-03,16
-3.042000E-03,16
-3.040000E-03,16
-3.038000E-03,16
-3.036000E-03,16
-3.034000E-03,16
-3.032000E-03,16
-3.030000E-03,16
-3.028000E-03,16
-3.026000E-03,16
-3.024000E-03,16
-3.022000E-03,16
-3.020000E-03,16
-3.018000E-03,16
-3.016000E-03,16
-3.014000E-03,16
-3.012000E-03,16
-3.010000E-03,16
-3.008000E-03,16
-3.006000E-03,16
-3.004000E-03,16
-3.002000E-03,16
-3.000000E-03,16
-2.998000E-03,16
-2.996000E-03,16
-2.994000E-03,16
-2.992000E-03,16
-2.990000E-03,16
-2.988000E-03,16
-2.986000E-03,16
-2.984000E-03,16
-2.982000E-03,16
-2.980000E-03,16
-2.978000E-03,16
-2.976000E-03,16
-2.974000E-03,16
-2.972000E-03,16
-2.970000E-03,16
-2.968000E-03,16
-2.966000E-03,16
-2.964000E-03,16
-2.962000E-03,16
-2.960000E-03,16
-2.958000E-03,16
-2.956000E-03,16
-2.954000E-03,16
-2.952000E-03,16
-2.950000E-03,16
-2.948000E-03,16
-2.946000E-03,16
-2.944000E-03,16
-2.942000E-03,16
-2.940000E-03,16
-2.938000E-03,16
-2.936000E-03,16
-2.934000E-03,16
-2.932000E-03,16
-2.930000E-03,16
-2.928000E-03,16
-2.926000E-03,16
-2.924000E-03,16
-2.922000E-03,16
-2.920000E-03,16
-2.918000E-03,16
-2.916000E-03,16
-2.914000E-03,16
-2.912000E-03,16
-2.910000E-03,16
-2.908000E-03,16
-2.906000E-03,16
-2.904000E-03,16
-2.902000E-03,16
-2.900000E-03,16
-2.898000E-03,16
-2.896000E-03,16
-2.894000E-03,16
-2.892000E-03,16
-2.890000E-03,16
-2.888000E-03,16
-2.886000E-03,16
-2.884000E-03,16
-2.882000E-03,16
-2.880000E-03,16
-2.878000E-03,16
-2.876000E-03,16
-2.874000E-03,16
-2.872000E-03,16
-2.870000E-03,16
-2.868000E-03,16
-2.866000E-03,16
-2.864000E-03,16
-2.862000E-03,16
-2.860000E-03,16
-2.858000E-03,16
-2.856000E-03,16
-2.854000E-03,16
-2.852000E-03,16
-2.850000E-03,16
-2.848000E-03,16
-2.846000E-03,16
-2.844000E-03,16
-2.842000E-03,16
-2.840000E-03,16
-2.838000E-03,16
-2.836000E-03,16
-2.834000E-03,16
-2.832000E-03,16
-2.830000E-03,16
-2.828000E-03,16
-2.826000E-03,16
-2.824000E-03,16
-2.822000E-03,16
-2.820000E-03,16
-2.818000E-03,16
-2.816000E-03,16
-2.814000E-03,16
-2.812000E-03,16
-2.810000E-03,16
-2.808000E-03,16
-2.806000E-03,16
-2.804000E-03,16
-2.802000E-03,16
-2.800000E-03,16
-2.798000E-03,16
-2.796000E-03,16
-2.794000E-03,16
-2.792000E-03,16
-2.790000E-03,16
-2.788000E-03,16
-2.786000E-03,16
-2.784000E-03,16
-2.782000E-03,16
-2.780000E-03,16
-2.778000E-03,16
-2.776000E-03,16
-2.774000E-03,16
-2.772000E-03,16
-2.770000E-03,16
-2.768000E-03,16
-2.766000E-03,16
-2.764000E-03,16
-2.762000E-03,16
-2.760000E-03,16
-2.758000E-03,16
-2.756000E-03,16
-2.754000E-03,16
-2.752000E-03,16
-2.750000E-03,16
-2.748000E-03,16
-2.746000E-03,16
-2.744000E-03,16
-2.742000E-03,16
-2.740000E-03,16
-2.738000E-03,16
-2.736000E-03,16
-2.734000E-03,16
-2.732000E-03,16
-2.730000E-03,16
-2.728000E-03,16
-2.726000E-03,16
-2.724000E-03,16
-2.722000E-03,16
-2.720000E-03,16
-2.718000E-03,16
-2.716000E-03,16
-2.714000E-03,16
-2.712000E-03,16
-2.710000E-03,16
-2.708000E-03,16
-2.706000E-03,16
-2.704000E-03,16
-2.702000E-03,16
-2.700000E-03,16
-2.698000E-03,16
-2.696000E-03,16
-2.694000E-03,16
-2.692000E-03,16
-2.690000E-03,16
-2.688000E-03,16
-2.686000E-03,16
-2.684000E-03,16
-2.682000E-03,16
-2.680000E-03,16
-2.678000E-03,16
-2.676000E-03,16
-2.674000E-03,16
-2.672000E-03,16
-2.670000E-03,16
-2.668000E-03,16
-2.666000E-03,16
-2.664000E-03,16
-2.662000E-03,16
-2.660000E-03,16
-2.658000E-03,16
-2.656000E-03,16
-2.654000E-03,16
-2.652000E-03,16
-2.650000E-03,16
-2.648000E-03,16
-2.646000E-03,16
-2.644000E-03,16
-2.642000E-03,16
-2.640000E-03,16
-2.638000E-03,16
-2.636000E-03,16
-2.634000E-03,16
-2.632000E-03,16
-2.630000E-03,16
-2.628000E-03,16
-2.626000E-03,16
-2.624000E-03,16
-2.622000E-03,16
-2.620000E-03,16
-2.618000E-03,16
-2.616000E-03,16
-2.614000E-03,16
-2.612000E-03,16
-2.610000E-03,16
-2.608000E-03,16
-2.606000E-03,16
-2.604000E-03,16
-2.602000E-03,16
-2.600000E-03,16
-2.598000E-03,16
-2.596000E-03,16
-2.594000E-03,16
-2.592000E-03,16
-2.590000E-03,16
-2.588000E-03,16
-2.586000E-03,16
-2.584000E-03,16
-2.582000E-03,16
-2.580000E-03,16
-2.578000E-03,16
-2.576000E-03,16
-2.574000E-03,16
-2.572000E-03,16
-2.570000E-03,16
-2.568000E-03,16
-2.566000E-03,16
-2.564000E-03,16
-2.562000E-03,16
-2.560000E-03,16
-2.558000E-03,16
-2.556000E-03,16
-2.554000E-03,16
-2.552000E-03,16
-2.550000E-03,16
-2.548000E-03,16
-2.546000E-03,16
-2.544000E-03,16
-2.542000E-03,16
-2.540000E-03,16
-2.538000E-03,16
-2.536000E-03,16
-2.534000E-03,16
-2.532000E-03,16
-2.530000E-03,16
-2.528000E-03,16
-2.526000E-03,16
-2.524000E-03,16
-2.522000E-03,16
-2.520000E-03,16
-2.518000E-03,16
-2.516000E-03,16
-2.514000E-03,16
-2.512000E-03,16
-2.510000E-03,16
-2.508000E-03,16
-2.506000E-03,16
-2.504000E-03,16
-2.502000E-03,16
-2.500000E-03,16
-2.498000E-03,16
-2.496000E-03,16
-2.494000E-03,16
-2.492000E-03,16
-2.490000E-03,16
-2.488000E-03,16
-2.486000E-03,16
-2.484000E-03,16
-2.482000E-03,16
-2.480000E-03,16
-2.478000E-03,16
-2.476000E-03,16
-2.474000E-03,16
-2.472000E-03,16
-2.470000E-03,16
-2.468000E-03,16
-2.466000E-03,16
-2.464000E-03,16
-2.462000E-03,16
-2.460000E-03,16
-2.458000E-03,16
-2.456000E-03,16
-2.454000E-03,16
-2.452000E-03,16
-2.450000E-03,16
-2.448000E-03,16
-2.446000E-03,16
-2.444000E-03,16
-2.442000E-03,16
-2.440000E-03,16
-2.438000E-03,16
-2.436000E-03,16
-2.434000E-03,16
-2.432000E-03,16
-2.430000E-03,16
-2.428000E-03,16
-2.426000E-03,16
-2.424000E-03,16
-2.422000E-03,16
-2.420000E-03,16
-2.418000E-03,16
-2.416000E-03,16
-2.414000E-03,16
-2.412000E-03,16
-2.410000E-03,16
-2.408000E-03,16
-2.406000E-03,16
-2.404000E-03,16
-2.402000E-03,16
-2.400000E-03,16
-2.398000E-03,16
-2.396000E-03,16
-2.394000E-03,16
-2.392000E-03,16
-2.390000E-03,16
-2.388000E-03,16
-2.386000E-03,16
-2.384000E-03,16
-2.382000E-03,16
-2.380000E-03,16
-2.378000E-03,16
-2.376000E-03,16
-2.374000E-03,16
-2.372000E-03,16
-2.370000E-03,16
-2.368000E-03,16
-2.366000E-03,16
-2.364000E-03,16
-2.362000E-03,16
-2.360000E-03,16
-2.358000E-03,16
-2.356000E-03,16
-2.354000E-03,16
-2.352000E-03,16
-2.350000E-03,16
-2.348000E-03,16
-2.346000E-03,16
-2.344000E-03,16
-2.342000E-03,16
-2.340000E-03,16
-2.338000E-03,16
-2.336000E-03,16
-2.334000E-03,16
-2.332000E-03,16
-2.330000E-03,16
-2.328000E-03,16
-2.326000E-03,16
-2.324000E-03,16
-2.322000E-03,16
-2.320000E-03,16
-2.318000E-03,16
-2.316000E-03,16
-2.314000E-03,16
-2.312000E-03,16
-2.310000E-03,16
-2.308000E-03,16
-2.306000E-03,16
-2.304000E-03,16
-2.302000E-03,16
-2.300000E-03,16
-2.298000E-03,16
-2.296000E-03,16
-2.294000E-03,16
-2.292000E-03,16
-2.290000E-03,16
-2.288000E-03,16
-2.286000E-03,16
-2.284000E-03,16
-2.282000E-03,16
-2.280000E-03,16
-2.278000E-03,16
-2.276000E-03,16
-2.274000E-03,16
-2.272000E-03,16
-2.270000E-03,16
-2.268000E-03,16
-2.266000E-03,16
-2.264000E-03,16
-2.262000E-03,16
-2.260000E-03,16
-2.258000E-03,16
-2.256000E-03,16
-2.254000E-03,16
-2.252000E-03,16
-2.250000E-03,16
-2.248000E-03,16
-2.246000E-03,16
-2.244000E-03,16
-2.242000E-03,16
-2.240000E-03,16
-2.238000E-03,16
-2.236000E-03,16
-2.234000E-03,16
-2.232000E-03,16
-2.230000E-03,16
-2.228000E-03,16
-2.226000E-03,16
-2.224000E-03,16
-2.222000E-03,16
-2.220000E-03,16
-2.218000E-03,16
-2.216000E-03,16
-2.214000E-03,16
-2.212000E-03,16
-2.210000E-03,16
-2.208000E-03,16
-2.206000E-03,16
-2.204000E-03,16
-2.202000E-03,16
-2.200000E-03,16
-2.198000E-03,16
-2.196000E-03,16
-2.194000E-03,16
-2.192000E-03,16
-2.190000E-03,16
-2.188000E-03,16
-2.186000E-03,16
-2.184000E-03,16
-2.182000E-03,16
-2.180000E-03,16
-2.178000E-03,16
-2.176000E-03,16
-2.174000E-03,16
-2.172000E-03,16
-2.170000E-03,16
-2.168000E-03,16
-2.166000E-03,16
-2.164000E-03,16
-2.162000E-03,16
-2.160000E-03,16
-2.158000E-03,16
-2.156000E-03,16
-2.154000E-03,16
-2.152000E-03,16
-2.150000E-03,16
-2.148000E-03,16
-2.146000E-03,16
-2.144000E-03,16
-2.142000E-03,16
-2.140000E-03,16
-2.138000E-03,16
-2.136000E-03,16
-2.134000E-03,16
-2.132000E-03,16
-2.130000E-03,16
-2.128000E-03,16
-2.126000E-03,16
-2.124000E-03,16
-2.122000E-03,16
-2.120000E-03,16
-2.118000E-03,16
-2.116000E-03,16
-2.114000E-03,16
-2.112000E-03,16
-2.110000E-03,16
-2.108000E-03,16
-2.106000E-03,16
-2.104000E-03,16
-2.102000E-03,16
-2.100000E-03,16
-2.098000E-03,16
-2.096000E-03,16
-2.094000E-03,16
-2.092000E-03,16
-2.090000E-03,16
-2.088000E-03,16
-2.086000E-03,16
-2.084000E-03,16
-2.082000E-03,16
-2.080000E-03,16
-2.078000E-03,16
-2.076000E-03,16
-2.074000E-03,16
-2.072000E-03,16
-2.070000E-03,16
-2.068000E-03,16
-2.066000E-03,16
-2.064000E-03,16
-2.062000E-03,16
-2.060000E-03,16
-2.058000E-03,16
-2.056000E-03,16
-2.054000E-03,16
-2.052000E-03,16
-2.050000E-03,16
-2.048000E-03,16
-2.046000E-03,16
-2.044000E-03,16
-2.042000E-03,16
-2.040000E-03,16
-2.038000E-03,16
-2.036000E-03,16
-2.034000E-03,16
-2.032000E-03,16
-2.030000E-03,16
-2.028000E-03,16
-2.026000E-03,16
-2.024000E-03,16
-2.022000E-03,16
-2.020000E-03,16
-2.018000E-03,16
-2.016000E-03,16
-2.014000E-03,16
-2.012000E-03,16
-2.010000E-03,16
-2.008000E-03,16
-2.006000E-03,16
-2.004000E-03,16
-2.002000E-03,16
-2.000000E-03,16
-1.998000E-03,16
-1.996000E-03,16
-1.994000E-03,16
-1.992000E-03,16
-1.990000E-03,16
-1.988000E-03,16
-1.986000E-03,16
-1.984000E-03,16
-1.982000E-03,16
-1.980000E-03,16
-1.978000E-03,16
-1.976000E-03,16
-1.974000E-03,16
-1.972000E-03,16
-1.970000E-03,16
-1.968000E-03,16
-1.966000E-03,16
-1.964000E-03,16
-1.962000E-03,16
-1.960000E-03,16
-1.958000E-03,16
-1.956000E-03,16
-1.954000E-03,16
-1.952000E-03,16
-1.950000E-03,16
-1.948000E-03,16
-1.946000E-03,16
-1.944000E-03,16
-1.942000E-03,16
-1.940000E-03,16
-1.938000E-03,16
-1.936000E-03,16
-1.934000E-03,16
-1.932000E-03,16
-1.930000E-03,16
-1.928000E-03,16
-1.926000E-03,16
-1.924000E-03,16
-1.922000E-03,16
-1.920000E-03,16
-1.918000E-03,16
-1.916000E-03,16
-1.914000E-03,16
-1.912000E-03,16
-1.910000E-03,16
-1.908000E-03,16
-1.906000E-03,16
-1.904000E-03,16
-1.902000E-03,16
-1.900000E-03,16
-1.898000E-03,16
-1.896000E-03,16
-1.894000E-03,16
-1.892000E-03,16
-1.890000E-03,16
-1.888000E-03,16
-1.886000E-03,16
-1.884000E-03,16
-1.882000E-03,16
-1.880000E-03,16
-1.878000E-03,16
-1.876000E-03,16
-1.874000E-03,16
-1.872000E-03,16
-1.870000E-03,16
-1.868000E-03,16
-1.866000E-03,16
-1.864000E-03,16
-1.862000E-03,16
-1.860000E-03,16
-1.858000E-03,16
-1.856000E-03,16
-1.854000E-03,16
-1.852000E-03,16
-1.850000E-03,16
-1.848000E-03,16
-1.846000E-03,16
-1.844000E-03,16
-1.842000E-03,16
-1.840000E-03,16
-1.838000E-03,16
-1.836000E-03,16
-1.834000E-03,16
-1.832000E-03,16
-1.830000E-03,16
-1.828000E-03,16
-1.826000E-03,16
-1.824000E-03,16
-1.822000E-03,16
-1.820000E-03,16
-1.818000E-03,16
-1.816000E-03,16
-1.814000E-03,16
-1.812000E-03,16
-1.810000E-03,16
-1.808000E-03,16
-1.806000E-03,16
-1.804000E-03,16
-1.802000E-03,16
-1.800000E-03,16
-1.798000E-03,16
-1.796000E-03,16
-1.794000E-03,16
-1.792000E-03,16
-1.790000E-03,16
-1.788000E-03,16
-1.786000E-03,16
-1.784000E-03,16
-1.782000E-03,16
-1.780000E-03,16
-1.778000E-03,16
-1.776000E-03,16
-1.774000E-03,16
-1.772000E-03,16
-1.770000E-03,16
-1.768000E-03,16
-1.766000E-03,16
-1.764000E-03,16
-1.762000E-03,16
-1.760000E-03,16
-1.758000E-03,16
-1.756000E-03,16
-1.754000E-03,16
-1.752000E-03,16
-1.750000E-03,16
-1.748000E-03,16
-1.746000E-03,16
-1.744000E-03,16
-1.742000E-03,16
-1.740000E-03,16
-1.738000E-03,16
-1.736000E-03,16
-1.734000E-03,16
-1.732000E-03,16
-1.730000E-03,16
-1.728000E-03,16
-1.726000E-03,16
-1.724000E-03,16
-1.722000E-03,16
-1.720000E-03,16
-1.718000E-03,16
-1.716000E-03,16
-1.714000E-03,16
-1.712000E-03,16
-1.710000E-03,16
-1.708000E-03,16
-1.706000E-03,16
-1.704000E-03,16
-1.702000E-03,16
-1.700000E-03,16
-1.698000E-03,16
-1.696000E-03,16
-1.694000E-03,16
-1.692000E-03,16
-1.690000E-03,16
-1.688000E-03,16
-1.686000E-03,16
-1.684000E-03,16
-1.682000E-03,16
-1.680000E-03,16
-1.678000E-03,16
-1.676000E-03,16
-1.674000E-03,16
-1.672000E-03,16
-1.670000E-03,16
-1.668000E-03,16
-1.666000E-03,16
-1.664000E-03,16
-1.662000E-03,16
-1.660000E-03,16
-1.658000E-03,16
-1.656000E-03,16
-1.654000E-03,16
-1.652000E-03,16
-1.650000E-03,16
-1.648000E-03,16
-1.646000E-03,16
-1.644000E-03,16
-1.642000E-03,16
-1.640000E-03,16
-1.638000E-03,16
-1.636000E-03,16
-1.634000E-03,16
-1.632000E-03,16
-1.630000E-03,16
-1.628000E-03,16
-1.626000E-03,16
-1.624000E-03,16
-1.622000E-03,16
-1.620000E-03,16
-1.618000E-03,16
-1.616000E-03,16
-1.614000E-03,16
-1.612000E-03,16
-1.610000E-03,16
-1.608000E-03,16
-1.606000E-03,16
-1.604000E-03,16
-1.602000E-03,16
-1.600000E-03,16
-1.598000E-03,16
-1.596000E-03,16
-1.594000E-03,16
-1.592000E-03,16
-1.590000E-03,16
-1.588000E-03,16
-1.586000E-03,16
-1.584000E-03,16
-1.582000E-03,16
-1.580000E-03,16
-1.578000E-03,16
-1.576000E-03,16
-1.574000E-03,16
-1.572000E-03,16
-1.570000E-03,16
-1.568000E-03,16
-1.566000E-03,16
-1.564000E-03,16
-1.562000E-03,16
-1.560000E-03,16
-1.558000E-03,16
-1.556000E-03,16
-1.554000E-03,16
-1.552000E-03,16
-1.550000E-03,16
-1.548000E-03,16
-1.546000E-03,16
-1.544000E-03,16
-1.542000E-03,16
-1.540000E-03,16
-1.538000E-03,16
-1.536000E-03,16
-1.534000E-03,16
-1.532000E-03,16
-1.530000E-03,16
-1.528000E-03,16
-1.526000E-03,16
-1.524000E-03,16
-1.522000E-03,16
-1.520000E-03,16
-1.518000E-03,16
-1.516000E-03,16
-1.514000E-03,16
-1.512000E-03,16
-1.510000E-03,16
-1.508000E-03,16
-1.506000E-03,16
-1.504000E-03,16
-1.502000E-03,16
-1.500000E-03,16
-1.498000E-03,16
-1.496000E-03,16
-1.494000E-03,16
-1.492000E-03,16
-1.490000E-03,16
-1.488000E-03,16
-1.486000E-03,16
-1.484000E-03,16
-1.482000E-03,16
-1.480000E-03,16
-1.478000E-03,16
-1.476000E-03,16
-1.474000E-03,16
-1.472000E-03,16
-1.470000E-03,16
-1.468000E-03,16
-1.466000E-03,16
-1.464000E-03,16
-1.462000E-03,16
-1.460000E-03,16
-1.458000E-03,16
-1.456000E-03,16
-1.454000E-03,16
-1.452000E-03,16
-1.450000E-03,16
-1.448000E-03,16
-1.446000E-03,16
-1.444000E-03,16
-1.442000E-03,16
-1.440000E-03,16
-1.438000E-03,16
-1.436000E-03,16
-1.434000E-03,16
-1.432000E-03,16
-1.430000E-03,16
-1.428000E-03,16
-1.426000E-03,16
-1.424000E-03,16
-1.422000E-03,16
-1.420000E-03,16
-1.418000E-03,16
-1.416000E-03,16
-1.414000E-03,16
-1.412000E-03,16
-1.410000E-03,16
-1.408000E-03,16
-1.406000E-03,16
-1.404000E-03,16
-1.402000E-03,16
-1.400000E-03,16
-1.398000E-03,16
-1.396000E-03,16
-1.394000E-03,16
-1.392000E-03,16
-1.390000E-03,16
-1.388000E-03,16
-1.386000E-03,16
-1.384000E-03,16
-1.382000E-03,16
-1.380000E-03,16
-1.378000E-03,16
-1.376000E-03,16
-1.374000E-03,16
-1.372000E-03,16
-1.370000E-03,16
-1.368000E-03,16
-1.366000E-03,16
-1.364000E-03,16
-1.362000E-03,16
-1.360000E-03,16
-1.358000E-03,16
-1.356000E-03,16
-1.354000E-03,16
-1.352000E-03,16
-1.350000E-03,16
-1.348000E-03,16
-1.346000E-03,16
-1.344000E-03,16
-1.342000E-03,16
-1.340000E-03,16
-1.338000E-03,16
-1.336000E-03,16
-1.334000E-03,16
-1.332000E-03,16
-1.330000E-03,16
-1.328000E-03,16
-1.326000E-03,16
-1.324000E-03,16
-1.322000E-03,16
-1.320000E-03,16
-1.318000E-03,16
-1.316000E-03,16
-1.314000E-03,16
-1.312000E-03,16
-1.310000E-03,16
-1.308000E-03,16
-1.306000E-03,16
-1.304000E-03,16
-1.302000E-03,16
-1.300000E-03,16
-1.298000E-03,16
-1.296000E-03,16
-1.294000E-03,16
-1.292000E-03,16
-1.290000E-03,16
-1.288000E-03,16
-1.286000E-03,16
-1.284000E-03,16
-1.282000E-03,16
-1.280000E-03,16
-1.278000E-03,16
-1.276000E-03,16
-1.274000E-03,16
-1.272000E-03,16
-1.270000E-03,16
-1.268000E-03,16
-1.266000E-03,16
-1.264000E-03,16
-1.262000E-03,16
-1.260000E-03,16
-1.258000E-03,16
-1.256000E-03,16
-1.254000E-03,16
-1.252000E-03,16
-1.250000E-03,16
-1.248000E-03,16
-1.246000E-03,16
-1.244000E-03,16
-1.242000E-03,16
-1.240000E-03,16
-1.238000E-03,16
-1.236000E-03,16
-1.234000E-03,16
-1.232000E-03,16
-1.230000E-03,16
-1.228000E-03,16
-1.226000E-03,16
-1.224000E-03,16
-1.222000E-03,16
-1.220000E-03,16
-1.218000E-03,16
-1.216000E-03,16
-1.214000E-03,16
-1.212000E-03,16
-1.210000E-03,16
-1.208000E-03,16
-1.206000E-03,16
-1.204000E-03,16
-1.202000E-03,16
-1.200000E-03,16
-1.198000E-03,16
-1.196000E-03,16
-1.194000E-03,16
-1.192000E-03,16
-1.190000E-03,16
-1.188000E-03,16
-1.186000E-03,16
-1.184000E-03,16
-1.182000E-03,16
-1.180000E-03,16
-1.178000E-03,16
-1.176000E-03,16
-1.174000E-03,16
-1.172000E-03,16
-1.170000E-03,16
-1.168000E-03,16
-1.166000E-03,16
-1.164000E-03,16
-1.162000E-03,16
-1.160000E-03,16
-1.158000E-03,16
-1.156000E-03,16
-1.154000E-03,16
-1.152000E-03,16
-1.150000E-03,16
-1.148000E-03,16
-1.146000E-03,16
-1.144000E-03,16
-1.142000E-03,16
-1.140000E-03,16
-1.138000E-03,16
-1.136000E-03,16
-1.134000E-03,16
-1.132000E-03,16
-1.130000E-03,16
-1.128000E-03,16
-1.126000E-03,16
-1.124000E-03,16
-1.122000E-03,16
-1.120000E-03,16
-1.118000E-03,16
-1.116000E-03,16
-1.114000E-03,16
-1.112000E-03,16
-1.110000E-03,16
-1.108000E-03,16
-1.106000E-03,16
-1.104000E-03,16
-1.102000E-03,16
-1.100000E-03,16
-1.098000E-03,16
-1.096000E-03,16
-1.094000E-03,16
-1.092000E-03,16
-1.090000E-03,16
-1.088000E-03,16
-1.086000E-03,16
-1.084000E-03,16
-1.082000E-03,16
-1.080000E-03,16
-1.078000E-03,16
-1.076000E-03,16
-1.074000E-03,16
-1.072000E-03,16
-1.070000E-03,16
-1.068000E-03,16
-1.066000E-03,16
-1.064000E-03,16
-1.062000E-03,16
-1.060000E-03,16
-1.058000E-03,16
-1.056000E-03,16
-1.054000E-03,16
-1.052000E-03,16
-1.050000E-03,16
-1.048000E-03,16
-1.046000E-03,16
-1.044000E-03,16
-1.042000E-03,16
-1.040000E-03,16
-1.038000E-03,16
-1.036000E-03,16
-1.034000E-03,16
-1.032000E-03,16
-1.030000E-03,16
-1.028000E-03,16
-1.026000E-03,16
-1.024000E-03,16
-1.022000E-03,16
-1.020000E-03,16
-1.018000E-03,16
-1.016000E-03,16
-1.014000E-03,16
-1.012000E-03,16
-1.010000E-03,16
-1.008000E-03,16
-1.006000E-03,16
-1.004000E-03,16
-1.002000E-03,16
-1.000000E-03,16
-998.000E-06,16
-996.000E-06,16
-994.000E-06,16
-992.000E-06,16
-990.000E-06,16
-988.000E-06,16
-986.000E-06,16
-984.000E-06,16
-982.000E-06,16
-980.000E-06,16
-978.000E-06,16
-976.000E-06,16
-974.000E-06,16
-972.000E-06,16
-970.000E-06,16
-968.000E-06,16
-966.000E-06,16
-964.000E-06,16
-962.000E-06,16
-960.000E-06,16
-958.000E-06,16
-956.000E-06,16
-954.000E-06,16
-952.000E-06,16
-950.000E-06,16
-948.000E-06,16
-946.000E-06,16
-944.000E-06,16
-942.000E-06,16
-940.000E-06,16
-938.000E-06,16
-936.000E-06,16
-934.000E-06,16
-932.000E-06,16
-930.000E-06,16
-928.000E-06,16
-926.000E-06,16
-924.000E-06,16
-922.000E-06,16
-920.000E-06,16
-918.000E-06,16
-916.000E-06,16
-914.000E-06,16
-912.000E-06,16
-910.000E-06,16
-908.000E-06,16
-906.000E-06,16
-904.000E-06,16
-902.000E-06,16
-900.000E-06,16
-898.000E-06,16
-896.000E-06,16
-894.000E-06,16
-892.000E-06,16
-890.000E-06,16
-888.000E-06,16
-886.000E-06,16
-884.000E-06,16
-882.000E-06,16
-880.000E-06,16
-878.000E-06,16
-876.000E-06,16
-874.000E-06,16
-872.000E-06,16
-870.000E-06,16
-868.000E-06,16
-866.000E-06,16
-864.000E-06,16
-862.000E-06,16
-860.000E-06,16
-858.000E-06,16
-856.000E-06,16
-854.000E-06,16
-852.000E-06,16
-850.000E-06,16
-848.000E-06,16
-846.000E-06,16
-844.000E-06,16
-842.000E-06,16
-840.000E-06,16
-838.000E-06,16
-836.000E-06,16
-834.000E-06,16
-832.000E-06,16
-830.000E-06,16
-828.000E-06,16
-826.000E-06,16
-824.000E-06,16
-822.000E-06,16
-820.000E-06,16
-818.000E-06,16
-816.000E-06,16
-814.000E-06,16
-812.000E-06,16
-810.000E-06,16
-808.000E-06,16
-806.000E-06,16
-804.000E-06,16
-802.000E-06,16
-800.000E-06,16
-798.000E-06,16
-796.000E-06,16
-794.000E-06,16
-792.000E-06,16
-790.000E-06,16
-788.000E-06,16
-786.000E-06,16
-784.000E-06,16
-782.000E-06,16
-780.000E-06,16
-778.000E-06,16
-776.000E-06,16
-774.000E-06,16
-772.000E-06,16
-770.000E-06,16
-768.000E-06,16
-766.000E-06,16
-764.000E-06,16
-762.000E-06,16
-760.000E-06,16
-758.000E-06,16
-756.000E-06,16
-754.000E-06,16
-752.000E-06,16
-750.000E-06,16
-748.000E-06,16
-746.000E-06,16
-744.000E-06,16
-742.000E-06,16
-740.000E-06,16
-738.000E-06,16
-736.000E-06,16
-734.000E-06,16
-732.000E-06,16
-730.000E-06,16
-728.000E-06,16
-726.000E-06,16
-724.000E-06,16
-722.000E-06,16
-720.000E-06,16
-718.000E-06,16
-716.000E-06,16
-714.000E-06,16
-712.000E-06,16
-710.000E-06,16
-708.000E-06,16
-706.000E-06,16
-704.000E-06,16
-702.000E-06,16
-700.000E-06,16
-698.000E-06,16
-696.000E-06,16
-694.000E-06,16
-692.000E-06,16
-690.000E-06,16
-688.000E-06,16
-686.000E-06,16
-684.000E-06,16
-682.000E-06,16
-680.000E-06,16
-678.000E-06,16
-676.000E-06,16
-674.000E-06,16
-672.000E-06,16
-670.000E-06,16
-668.000E-06,16
-666.000E-06,16
-664.000E-06,16
-662.000E-06,16
-660.000E-06,16
-658.000E-06,16
-656.000E-06,16
-654.000E-06,16
-652.000E-06,16
-650.000E-06,16
-648.000E-06,16
-646.000E-06,16
-644.000E-06,16
-642.000E-06,16
-640.000E-06,16
-638.000E-06,16
-636.000E-06,16
-634.000E-06,16
-632.000E-06,16
-630.000E-06,16
-628.000E-06,16
-626.000E-06,16
-624.000E-06,16
-622.000E-06,16
-620.000E-06,16
-618.000E-06,16
-616.000E-06,16
-614.000E-06,16
-612.000E-06,16
-610.000E-06,16
-608.000E-06,16
-606.000E-06,16
-604.000E-06,16
-602.000E-06,16
-600.000E-06,16
-598.000E-06,16
-596.000E-06,16
-594.000E-06,16
-592.000E-06,16
-590.000E-06,16
-588.000E-06,16
-586.000E-06,16
-584.000E-06,16
-582.000E-06,16
-580.000E-06,16
-578.000E-06,16
-576.000E-06,16
-574.000E-06,16
-572.000E-06,16
-570.000E-06,16
-568.000E-06,16
-566.000E-06,16
-564.000E-06,16
-562.000E-06,16
-560.000E-06,16
-558.000E-06,16
-556.000E-06,16
-554.000E-06,16
-552.000E-06,16
-550.000E-06,16
-548.000E-06,16
-546.000E-06,16
-544.000E-06,16
-542.000E-06,16
-540.000E-06,16
-538.000E-06,16
-536.000E-06,16
-534.000E-06,16
-532.000E-06,16
-530.000E-06,16
-528.000E-06,16
-526.000E-06,16
-524.000E-06,16
-522.000E-06,16
-520.000E-06,16
-518.000E-06,16
-516.000E-06,16
-514.000E-06,16
-512.000E-06,16
-510.000E-06,16
-508.000E-06,16
-506.000E-06,16
-504.000E-06,16
-502.000E-06,16
-500.000E-06,16
-498.000E-06,16
-496.000E-06,16
-494.000E-06,16
-492.000E-06,16
-490.000E-06,16
-488.000E-06,16
-486.000E-06,16
-484.000E-06,16
-482.000E-06,16
-480.000E-06,16
-478.000E-06,16
-476.000E-06,16
-474.000E-06,16
-472.000E-06,16
-470.000E-06,16
-468.000E-06,16
-466.000E-06,16
-464.000E-06,16
-462.000E-06,16
-460.000E-06,16
-458.000E-06,16
-456.000E-06,16
-454.000E-06,16
-452.000E-06,16
-450.000E-06,16
-448.000E-06,16
-446.000E-06,16
-444.000E-06,16
-442.000E-06,16
-440.000E-06,16
-438.000E-06,16
-436.000E-06,16
-434.000E-06,16
-432.000E-06,16
-430.000E-06,16
-428.000E-06,16
-426.000E-06,16
-424.000E-06,16
-422.000E-06,16
-420.000E-06,16
-418.000E-06,16
-416.000E-06,16
-414.000E-06,16
-412.000E-06,16
-410.000E-06,16
-408.000E-06,16
-406.000E-06,16
-404.000E-06,16
-402.000E-06,16
-400.000E-06,16
-398.000E-06,16
-396.000E-06,16
-394.000E-06,16
-392.000E-06,16
-390.000E-06,16
-388.000E-06,16
-386.000E-06,16
-384.000E-06,16
-382.000E-06,16
-380.000E-06,16
-378.000E-06,16
-376.000E-06,16
-374.000E-06,16
-372.000E-06,16
-370.000E-06,16
-368.000E-06,16
-366.000E-06,16
-364.000E-06,16
-362.000E-06,16
-360.000E-06,16
-358.000E-06,16
-356.000E-06,16
-354.000E-06,16
-352.000E-06,16
-350.000E-06,16
-348.000E-06,16
-346.000E-06,16
-344.000E-06,16
-342.000E-06,16
-340.000E-06,16
-338.000E-06,16
-336.000E-06,16
-334.000E-06,16
-332.000E-06,16
-330.000E-06,16
-328.000E-06,16
-326.000E-06,16
-324.000E-06,16
-322.000E-06,16
-320.000E-06,16
-318.000E-06,16
-316.000E-06,16
-314.000E-06,16
-312.000E-06,16
-310.000E-06,16
-308.000E-06,16
-306.000E-06,16
-304.000E-06,16
-302.000E-06,16
-300.000E-06,16
-298.000E-06,16
-296.000E-06,16
-294.000E-06,16
-292.000E-06,16
-290.000E-06,16
-288.000E-06,16
-286.000E-06,16
-284.000E-06,16
-282.000E-06,16
-280.000E-06,16
-278.000E-06,16
-276.000E-06,16
-274.000E-06,16
-272.000E-06,16
-270.000E-06,16
-268.000E-06,16
-266.000E-06,16
-264.000E-06,16
-262.000E-06,16
-260.000E-06,16
-258.000E-06,16
-256.000E-06,16
-254.000E-06,16
-252.000E-06,16
-250.000E-06,16
-248.000E-06,16
-246.000E-06,16
-244.000E-06,16
-242.000E-06,16
-240.000E-06,16
-238.000E-06,16
-236.000E-06,16
-234.000E-06,16
-232.000E-06,16
-230.000E-06,16
-228.000E-06,16
-226.000E-06,16
-224.000E-06,16
-222.000E-06,16
-220.000E-06,16
-218.000E-06,16
-216.000E-06,16
-214.000E-06,16
-212.000E-06,16
-210.000E-06,16
-208.000E-06,16
-206.000E-06,16
-204.000E-06,16
-202.000E-06,16
-200.000E-06,16
-198.000E-06,16
-196.000E-06,16
-194.000E-06,16
-192.000E-06,16
-190.000E-06,16
-188.000E-06,16
-186.000E-06,16
-184.000E-06,16
-182.000E-06,16
-180.000E-06,16
-178.000E-06,16
-176.000E-06,16
-174.000E-06,16
-172.000E-06,16
-170.000E-06,16
-168.000E-06,16
-166.000E-06,16
-164.000E-06,16
-162.000E-06,16
-160.000E-06,16
-158.000E-06,16
-156.000E-06,16
-154.000E-06,16
-152.000E-06,16
-150.000E-06,16
-148.000E-06,16
-146.000E-06,16
-144.000E-06,16
-142.000E-06,16
-140.000E-06,16
-138.000E-06,16
-136.000E-06,16
-134.000E-06,16
-132.000E-06,16
-130.000E-06,16
-128.000E-06,16
-126.000E-06,16
-124.000E-06,16
-122.000E-06,16
-120.000E-06,16
-118.000E-06,16
-116.000E-06,16
-114.000E-06,16
-112.000E-06,16
-110.000E-06,16
-108.000E-06,16
-106.000E-06,16
-104.000E-06,16
-102.000E-06,16
-100.000E-06,16
-98.000E-06,16
-96.000E-06,16
-94.000E-06,16
-92.000E-06,16
-90.000E-06,16
-88.000E-06,16
-86.000E-06,16
-84.000E-06,16
-82.000E-06,16
-80.000E-06,16
-78.000E-06,16
-76.000E-06,16
-74.000E-06,16
-72.000E-06,16
-70.000E-06,16
-68.000E-06,16
-66.000E-06,16
-64.000E-06,16
-62.000E-06,16
-60.000E-06,16
-58.000E-06,16
-56.000E-06,16
-54.000E-06,16
-52.000E-06,16
-50.000E-06,16
-48.000E-06,16
-46.000E-06,16
-44.000E-06,16
-42.000E-06,16
-40.000E-06,16
-38.000E-06,16
-36.000E-06,16
-34.000E-06,16
-32.000E-06,16
-30.000E-06,16
-28.000E-06,16
-26.000E-06,16
-24.000E-06,16
-22.000E-06,16
-20.000E-06,16
-18.000E-06,16
-16.000E-06,16
-14.000E-06,16
-12.000E-06,16
-10.000E-06,16
-8.000E-06,16
-6.000E-06,16
-4.000E-06,16
-2.000E-06,16
+0.0E+00,20
+2.000E-06,20
+4.000E-06,20
+6.000E-06,20
+8.000E-06,20
+10.000E-06,20
+12.000E-06,20
+14.000E-06,20
+16.000E-06,20
+18.000E-06,20
+20.000E-06,20
+22.000E-06,20
+24.000E-06,20
+26.000E-06,20
+28.000E-06,20
+30.000E-06,20
+32.000E-06,20
+34.000E-06,20
+36.000E-06,20
+38.000E-06,20
+40.000E-06,20
+42.000E-06,20
+44.000E-06,20
+46.000E-06,20
+48.000E-06,20
+50.000E-06,20
+52.000E-06,20
+54.000E-06,20
+56.000E-06,20
+58.000E-06,20
+60.000E-06,16
+62.000E-06,16
+64.000E-06,16
+66.000E-06,16
+68.000E-06,16
+70.000E-06,16
+72.000E-06,16
+74.000E-06,16
+76.000E-06,16
+78.000E-06,16
+80.000E-06,16
+82.000E-06,16
+84.000E-06,16
+86.000E-06,16
+88.000E-06,16
+90.000E-06,16
+92.000E-06,16
+94.000E-06,16
+96.000E-06,16
+98.000E-06,16
+100.000E-06,16
+102.000E-06,16
+104.000E-06,16
+106.000E-06,16
+108.000E-06,16
+110.000E-06,16
+112.000E-06,16
+114.000E-06,16
+116.000E-06,16
+118.000E-06,16
+120.000E-06,16
+122.000E-06,20
+124.000E-06,20
+126.000E-06,20
+128.000E-06,20
+130.000E-06,20
+132.000E-06,20
+134.000E-06,20
+136.000E-06,20
+138.000E-06,20
+140.000E-06,20
+142.000E-06,20
+144.000E-06,20
+146.000E-06,20
+148.000E-06,20
+150.000E-06,20
+152.000E-06,20
+154.000E-06,28
+156.000E-06,28
+158.000E-06,28
+160.000E-06,28
+162.000E-06,28
+164.000E-06,28
+166.000E-06,28
+168.000E-06,28
+170.000E-06,28
+172.000E-06,28
+174.000E-06,28
+176.000E-06,28
+178.000E-06,28
+180.000E-06,28
+182.000E-06,28
+184.000E-06,28
+186.000E-06,24
+188.000E-06,24
+190.000E-06,24
+192.000E-06,24
+194.000E-06,24
+196.000E-06,24
+198.000E-06,24
+200.000E-06,24
+202.000E-06,24
+204.000E-06,24
+206.000E-06,24
+208.000E-06,24
+210.000E-06,24
+212.000E-06,24
+214.000E-06,24
+216.000E-06,24
+218.000E-06,24
+220.000E-06,24
+222.000E-06,24
+224.000E-06,24
+226.000E-06,24
+228.000E-06,24
+230.000E-06,16
+232.000E-06,16
+234.000E-06,16
+236.000E-06,16
+238.000E-06,16
+240.000E-06,16
+242.000E-06,16
+244.000E-06,16
+246.000E-06,16
+248.000E-06,20
+250.000E-06,20
+252.000E-06,20
+254.000E-06,20
+256.000E-06,20
+258.000E-06,20
+260.000E-06,20
+262.000E-06,20
+264.000E-06,20
+266.000E-06,20
+268.000E-06,20
+270.000E-06,20
+272.000E-06,28
+274.000E-06,28
+276.000E-06,28
+278.000E-06,28
+280.000E-06,28
+282.000E-06,28
+284.000E-06,28
+286.000E-06,28
+288.000E-06,28
+290.000E-06,28
+292.000E-06,28
+294.000E-06,28
+296.000E-06,28
+298.000E-06,28
+300.000E-06,28
+302.000E-06,28
+304.000E-06,24
+306.000E-06,24
+308.000E-06,24
+310.000E-06,24
+312.000E-06,24
+314.000E-06,24
+316.000E-06,24
+318.000E-06,24
+320.000E-06,24
+322.000E-06,24
+324.000E-06,24
+326.000E-06,24
+328.000E-06,24
+330.000E-06,24
+332.000E-06,24
+334.000E-06,24
+336.000E-06,24
+338.000E-06,24
+340.000E-06,24
+342.000E-06,24
+344.000E-06,24
+346.000E-06,24
+348.000E-06,24
+350.000E-06,16
+352.000E-06,16
+354.000E-06,16
+356.000E-06,16
+358.000E-06,16
+360.000E-06,16
+362.000E-06,16
+364.000E-06,16
+366.000E-06,20
+368.000E-06,20
+370.000E-06,20
+372.000E-06,20
+374.000E-06,20
+376.000E-06,20
+378.000E-06,20
+380.000E-06,20
+382.000E-06,20
+384.000E-06,20
+386.000E-06,20
+388.000E-06,20
+390.000E-06,20
+392.000E-06,20
+394.000E-06,20
+396.000E-06,20
+398.000E-06,28
+400.000E-06,28
+402.000E-06,28
+404.000E-06,28
+406.000E-06,28
+408.000E-06,28
+410.000E-06,28
+412.000E-06,28
+414.000E-06,28
+416.000E-06,28
+418.000E-06,28
+420.000E-06,28
+422.000E-06,28
+424.000E-06,28
+426.000E-06,28
+428.000E-06,28
+430.000E-06,24
+432.000E-06,24
+434.000E-06,24
+436.000E-06,24
+438.000E-06,24
+440.000E-06,24
+442.000E-06,24
+444.000E-06,24
+446.000E-06,24
+448.000E-06,24
+450.000E-06,24
+452.000E-06,24
+454.000E-06,24
+456.000E-06,24
+458.000E-06,24
+460.000E-06,24
+462.000E-06,24
+464.000E-06,24
+466.000E-06,24
+468.000E-06,24
+470.000E-06,24
+472.000E-06,24
+474.000E-06,16
+476.000E-06,16
+478.000E-06,16
+480.000E-06,16
+482.000E-06,16
+484.000E-06,16
+486.000E-06,16
+488.000E-06,16
+490.000E-06,20
+492.000E-06,20
+494.000E-06,20
+496.000E-06,20
+498.000E-06,20
+500.000E-06,20
+502.000E-06,20
+504.000E-06,20
+506.000E-06,20
+508.000E-06,20
+510.000E-06,20
+512.000E-06,20
+514.000E-06,20
+516.000E-06,28
+518.000E-06,28
+520.000E-06,28
+522.000E-06,28
+524.000E-06,28
+526.000E-06,28
+528.000E-06,28
+530.000E-06,28
+532.000E-06,28
+534.000E-06,28
+536.000E-06,28
+538.000E-06,28
+540.000E-06,28
+542.000E-06,28
+544.000E-06,28
+546.000E-06,28
+548.000E-06,28
+550.000E-06,24
+552.000E-06,24
+554.000E-06,24
+556.000E-06,24
+558.000E-06,24
+560.000E-06,24
+562.000E-06,24
+564.000E-06,24
+566.000E-06,24
+568.000E-06,24
+570.000E-06,24
+572.000E-06,24
+574.000E-06,24
+576.000E-06,24
+578.000E-06,24
+580.000E-06,24
+582.000E-06,24
+584.000E-06,24
+586.000E-06,24
+588.000E-06,24
+590.000E-06,24
+592.000E-06,24
+594.000E-06,16
+596.000E-06,16
+598.000E-06,16
+600.000E-06,16
+602.000E-06,16
+604.000E-06,16
+606.000E-06,16
+608.000E-06,16
+610.000E-06,20
+612.000E-06,20
+614.000E-06,20
+616.000E-06,20
+618.000E-06,20
+620.000E-06,20
+622.000E-06,20
+624.000E-06,20
+626.000E-06,20
+628.000E-06,20
+630.000E-06,20
+632.000E-06,20
+634.000E-06,20
+636.000E-06,20
+638.000E-06,20
+640.000E-06,20
+642.000E-06,28
+644.000E-06,28
+646.000E-06,28
+648.000E-06,28
+650.000E-06,28
+652.000E-06,28
+654.000E-06,28
+656.000E-06,28
+658.000E-06,28
+660.000E-06,28
+662.000E-06,28
+664.000E-06,28
+666.000E-06,28
+668.000E-06,28
+670.000E-06,28
+672.000E-06,28
+674.000E-06,24
+676.000E-06,24
+678.000E-06,24
+680.000E-06,24
+682.000E-06,24
+684.000E-06,24
+686.000E-06,24
+688.000E-06,24
+690.000E-06,24
+692.000E-06,24
+694.000E-06,24
+696.000E-06,24
+698.000E-06,24
+700.000E-06,24
+702.000E-06,24
+704.000E-06,24
+706.000E-06,24
+708.000E-06,24
+710.000E-06,24
+712.000E-06,24
+714.000E-06,24
+716.000E-06,24
+718.000E-06,16
+720.000E-06,16
+722.000E-06,16
+724.000E-06,16
+726.000E-06,16
+728.000E-06,16
+730.000E-06,16
+732.000E-06,16
+734.000E-06,20
+736.000E-06,20
+738.000E-06,20
+740.000E-06,20
+742.000E-06,20
+744.000E-06,20
+746.000E-06,20
+748.000E-06,20
+750.000E-06,20
+752.000E-06,20
+754.000E-06,20
+756.000E-06,20
+758.000E-06,28
+760.000E-06,28
+762.000E-06,28
+764.000E-06,28
+766.000E-06,28
+768.000E-06,28
+770.000E-06,28
+772.000E-06,28
+774.000E-06,28
+776.000E-06,28
+778.000E-06,28
+780.000E-06,28
+782.000E-06,28
+784.000E-06,28
+786.000E-06,28
+788.000E-06,28
+790.000E-06,28
+792.000E-06,28
+794.000E-06,24
+796.000E-06,24
+798.000E-06,24
+800.000E-06,24
+802.000E-06,24
+804.000E-06,24
+806.000E-06,24
+808.000E-06,24
+810.000E-06,24
+812.000E-06,24
+814.000E-06,24
+816.000E-06,24
+818.000E-06,24
+820.000E-06,24
+822.000E-06,24
+824.000E-06,24
+826.000E-06,24
+828.000E-06,24
+830.000E-06,24
+832.000E-06,24
+834.000E-06,24
+836.000E-06,24
+838.000E-06,24
+840.000E-06,16
+842.000E-06,16
+844.000E-06,16
+846.000E-06,16
+848.000E-06,16
+850.000E-06,16
+852.000E-06,16
+854.000E-06,16
+856.000E-06,20
+858.000E-06,20
+860.000E-06,20
+862.000E-06,20
+864.000E-06,20
+866.000E-06,20
+868.000E-06,20
+870.000E-06,20
+872.000E-06,20
+874.000E-06,20
+876.000E-06,20
+878.000E-06,20
+880.000E-06,20
+882.000E-06,20
+884.000E-06,20
+886.000E-06,20
+888.000E-06,20
+890.000E-06,20
+892.000E-06,20
+894.000E-06,20
+896.000E-06,20
+898.000E-06,20
+900.000E-06,20
+902.000E-06,20
+904.000E-06,20
+906.000E-06,20
+908.000E-06,20
+910.000E-06,20
+912.000E-06,20
+914.000E-06,20
+916.000E-06,20
+918.000E-06,20
+920.000E-06,16
+922.000E-06,16
+924.000E-06,16
+926.000E-06,16
+928.000E-06,16
+930.000E-06,16
+932.000E-06,16
+934.000E-06,16
+936.000E-06,16
+938.000E-06,16
+940.000E-06,16
+942.000E-06,16
+944.000E-06,16
+946.000E-06,16
+948.000E-06,16
+950.000E-06,16
+952.000E-06,16
+954.000E-06,16
+956.000E-06,16
+958.000E-06,16
+960.000E-06,16
+962.000E-06,16
+964.000E-06,16
+966.000E-06,16
+968.000E-06,16
+970.000E-06,16
+972.000E-06,16
+974.000E-06,16
+976.000E-06,16
+978.000E-06,20
+980.000E-06,20
+982.000E-06,20
+984.000E-06,20
+986.000E-06,20
+988.000E-06,20
+990.000E-06,20
+992.000E-06,20
+994.000E-06,20
+996.000E-06,20
+998.000E-06,20
+1.000000E-03,20
+1.002000E-03,20
+1.004000E-03,20
+1.006000E-03,20
+1.008000E-03,20
+1.010000E-03,20
+1.012000E-03,20
+1.014000E-03,20
+1.016000E-03,20
+1.018000E-03,20
+1.020000E-03,20
+1.022000E-03,20
+1.024000E-03,20
+1.026000E-03,20
+1.028000E-03,20
+1.030000E-03,20
+1.032000E-03,20
+1.034000E-03,20
+1.036000E-03,20
+1.038000E-03,16
+1.040000E-03,16
+1.042000E-03,16
+1.044000E-03,16
+1.046000E-03,16
+1.048000E-03,16
+1.050000E-03,16
+1.052000E-03,16
+1.054000E-03,16
+1.056000E-03,16
+1.058000E-03,16
+1.060000E-03,16
+1.062000E-03,16
+1.064000E-03,16
+1.066000E-03,16
+1.068000E-03,16
+1.070000E-03,16
+1.072000E-03,16
+1.074000E-03,16
+1.076000E-03,16
+1.078000E-03,16
+1.080000E-03,16
+1.082000E-03,16
+1.084000E-03,16
+1.086000E-03,16
+1.088000E-03,16
+1.090000E-03,16
+1.092000E-03,16
+1.094000E-03,16
+1.096000E-03,16
+1.098000E-03,20
+1.100000E-03,20
+1.102000E-03,20
+1.104000E-03,20
+1.106000E-03,20
+1.108000E-03,20
+1.110000E-03,20
+1.112000E-03,20
+1.114000E-03,20
+1.116000E-03,20
+1.118000E-03,20
+1.120000E-03,20
+1.122000E-03,20
+1.124000E-03,20
+1.126000E-03,20
+1.128000E-03,20
+1.130000E-03,20
+1.132000E-03,20
+1.134000E-03,20
+1.136000E-03,20
+1.138000E-03,20
+1.140000E-03,20
+1.142000E-03,20
+1.144000E-03,20
+1.146000E-03,20
+1.148000E-03,20
+1.150000E-03,20
+1.152000E-03,20
+1.154000E-03,20
+1.156000E-03,20
+1.158000E-03,20
+1.160000E-03,20
+1.162000E-03,16
+1.164000E-03,16
+1.166000E-03,16
+1.168000E-03,16
+1.170000E-03,16
+1.172000E-03,16
+1.174000E-03,16
+1.176000E-03,16
+1.178000E-03,16
+1.180000E-03,16
+1.182000E-03,16
+1.184000E-03,16
+1.186000E-03,16
+1.188000E-03,16
+1.190000E-03,16
+1.192000E-03,16
+1.194000E-03,16
+1.196000E-03,16
+1.198000E-03,16
+1.200000E-03,16
+1.202000E-03,16
+1.204000E-03,16
+1.206000E-03,16
+1.208000E-03,16
+1.210000E-03,16
+1.212000E-03,16
+1.214000E-03,16
+1.216000E-03,16
+1.218000E-03,16
+1.220000E-03,16
+1.222000E-03,16
+1.224000E-03,20
+1.226000E-03,20
+1.228000E-03,20
+1.230000E-03,20
+1.232000E-03,20
+1.234000E-03,20
+1.236000E-03,20
+1.238000E-03,20
+1.240000E-03,20
+1.242000E-03,20
+1.244000E-03,20
+1.246000E-03,20
+1.248000E-03,20
+1.250000E-03,20
+1.252000E-03,20
+1.254000E-03,20
+1.256000E-03,20
+1.258000E-03,20
+1.260000E-03,20
+1.262000E-03,20
+1.264000E-03,20
+1.266000E-03,20
+1.268000E-03,20
+1.270000E-03,20
+1.272000E-03,20
+1.274000E-03,20
+1.276000E-03,20
+1.278000E-03,20
+1.280000E-03,16
+1.282000E-03,16
+1.284000E-03,16
+1.286000E-03,16
+1.288000E-03,16
+1.290000E-03,16
+1.292000E-03,16
+1.294000E-03,16
+1.296000E-03,16
+1.298000E-03,16
+1.300000E-03,16
+1.302000E-03,16
+1.304000E-03,16
+1.306000E-03,16
+1.308000E-03,16
+1.310000E-03,16
+1.312000E-03,16
+1.314000E-03,16
+1.316000E-03,16
+1.318000E-03,16
+1.320000E-03,16
+1.322000E-03,16
+1.324000E-03,16
+1.326000E-03,16
+1.328000E-03,16
+1.330000E-03,16
+1.332000E-03,16
+1.334000E-03,16
+1.336000E-03,16
+1.338000E-03,16
+1.340000E-03,16
+1.342000E-03,20
+1.344000E-03,20
+1.346000E-03,20
+1.348000E-03,20
+1.350000E-03,20
+1.352000E-03,20
+1.354000E-03,20
+1.356000E-03,20
+1.358000E-03,20
+1.360000E-03,20
+1.362000E-03,20
+1.364000E-03,20
+1.366000E-03,20
+1.368000E-03,20
+1.370000E-03,20
+1.372000E-03,20
+1.374000E-03,20
+1.376000E-03,20
+1.378000E-03,20
+1.380000E-03,20
+1.382000E-03,20
+1.384000E-03,20
+1.386000E-03,20
+1.388000E-03,20
+1.390000E-03,20
+1.392000E-03,20
+1.394000E-03,20
+1.396000E-03,20
+1.398000E-03,20
+1.400000E-03,20
+1.402000E-03,20
+1.404000E-03,20
+1.406000E-03,16
+1.408000E-03,16
+1.410000E-03,16
+1.412000E-03,16
+1.414000E-03,16
+1.416000E-03,16
+1.418000E-03,16
+1.420000E-03,16
+1.422000E-03,16
+1.424000E-03,16
+1.426000E-03,16
+1.428000E-03,16
+1.430000E-03,16
+1.432000E-03,16
+1.434000E-03,16
+1.436000E-03,16
+1.438000E-03,16
+1.440000E-03,16
+1.442000E-03,16
+1.444000E-03,16
+1.446000E-03,16
+1.448000E-03,16
+1.450000E-03,16
+1.452000E-03,16
+1.454000E-03,16
+1.456000E-03,16
+1.458000E-03,16
+1.460000E-03,16
+1.462000E-03,16
+1.464000E-03,16
+1.466000E-03,20
+1.468000E-03,20
+1.470000E-03,20
+1.472000E-03,20
+1.474000E-03,20
+1.476000E-03,20
+1.478000E-03,20
+1.480000E-03,20
+1.482000E-03,20
+1.484000E-03,20
+1.486000E-03,20
+1.488000E-03,20
+1.490000E-03,20
+1.492000E-03,20
+1.494000E-03,20
+1.496000E-03,20
+1.498000E-03,20
+1.500000E-03,20
+1.502000E-03,20
+1.504000E-03,20
+1.506000E-03,20
+1.508000E-03,20
+1.510000E-03,20
+1.512000E-03,20
+1.514000E-03,20
+1.516000E-03,20
+1.518000E-03,20
+1.520000E-03,20
+1.522000E-03,20
+1.524000E-03,20
+1.526000E-03,16
+1.528000E-03,16
+1.530000E-03,16
+1.532000E-03,16
+1.534000E-03,16
+1.536000E-03,16
+1.538000E-03,16
+1.540000E-03,16
+1.542000E-03,16
+1.544000E-03,16
+1.546000E-03,16
+1.548000E-03,16
+1.550000E-03,16
+1.552000E-03,16
+1.554000E-03,16
+1.556000E-03,16
+1.558000E-03,16
+1.560000E-03,16
+1.562000E-03,16
+1.564000E-03,16
+1.566000E-03,16
+1.568000E-03,16
+1.570000E-03,16
+1.572000E-03,16
+1.574000E-03,16
+1.576000E-03,16
+1.578000E-03,16
+1.580000E-03,16
+1.582000E-03,16
+1.584000E-03,16
+1.586000E-03,20
+1.588000E-03,20
+1.590000E-03,20
+1.592000E-03,20
+1.594000E-03,20
+1.596000E-03,20
+1.598000E-03,20
+1.600000E-03,20
+1.602000E-03,20
+1.604000E-03,20
+1.606000E-03,20
+1.608000E-03,20
+1.610000E-03,20
+1.612000E-03,20
+1.614000E-03,20
+1.616000E-03,20
+1.618000E-03,20
+1.620000E-03,20
+1.622000E-03,20
+1.624000E-03,20
+1.626000E-03,20
+1.628000E-03,20
+1.630000E-03,20
+1.632000E-03,20
+1.634000E-03,20
+1.636000E-03,20
+1.638000E-03,20
+1.640000E-03,20
+1.642000E-03,20
+1.644000E-03,20
+1.646000E-03,20
+1.648000E-03,20
+1.650000E-03,16
+1.652000E-03,16
+1.654000E-03,16
+1.656000E-03,16
+1.658000E-03,16
+1.660000E-03,16
+1.662000E-03,16
+1.664000E-03,16
+1.666000E-03,16
+1.668000E-03,16
+1.670000E-03,16
+1.672000E-03,16
+1.674000E-03,16
+1.676000E-03,16
+1.678000E-03,16
+1.680000E-03,16
+1.682000E-03,16
+1.684000E-03,16
+1.686000E-03,16
+1.688000E-03,16
+1.690000E-03,16
+1.692000E-03,16
+1.694000E-03,16
+1.696000E-03,16
+1.698000E-03,16
+1.700000E-03,16
+1.702000E-03,16
+1.704000E-03,16
+1.706000E-03,16
+1.708000E-03,20
+1.710000E-03,20
+1.712000E-03,20
+1.714000E-03,20
+1.716000E-03,20
+1.718000E-03,20
+1.720000E-03,20
+1.722000E-03,20
+1.724000E-03,20
+1.726000E-03,20
+1.728000E-03,20
+1.730000E-03,20
+1.732000E-03,20
+1.734000E-03,20
+1.736000E-03,20
+1.738000E-03,20
+1.740000E-03,20
+1.742000E-03,20
+1.744000E-03,20
+1.746000E-03,20
+1.748000E-03,20
+1.750000E-03,20
+1.752000E-03,20
+1.754000E-03,20
+1.756000E-03,20
+1.758000E-03,20
+1.760000E-03,20
+1.762000E-03,20
+1.764000E-03,20
+1.766000E-03,20
+1.768000E-03,16
+1.770000E-03,16
+1.772000E-03,16
+1.774000E-03,16
+1.776000E-03,16
+1.778000E-03,16
+1.780000E-03,16
+1.782000E-03,16
+1.784000E-03,16
+1.786000E-03,16
+1.788000E-03,16
+1.790000E-03,16
+1.792000E-03,16
+1.794000E-03,16
+1.796000E-03,16
+1.798000E-03,16
+1.800000E-03,16
+1.802000E-03,16
+1.804000E-03,16
+1.806000E-03,16
+1.808000E-03,16
+1.810000E-03,16
+1.812000E-03,16
+1.814000E-03,16
+1.816000E-03,16
+1.818000E-03,16
+1.820000E-03,16
+1.822000E-03,16
+1.824000E-03,16
+1.826000E-03,16
+1.828000E-03,16
+1.830000E-03,20
+1.832000E-03,20
+1.834000E-03,20
+1.836000E-03,20
+1.838000E-03,20
+1.840000E-03,20
+1.842000E-03,20
+1.844000E-03,20
+1.846000E-03,20
+1.848000E-03,20
+1.850000E-03,20
+1.852000E-03,20
+1.854000E-03,20
+1.856000E-03,20
+1.858000E-03,20
+1.860000E-03,20
+1.862000E-03,20
+1.864000E-03,20
+1.866000E-03,20
+1.868000E-03,20
+1.870000E-03,20
+1.872000E-03,20
+1.874000E-03,20
+1.876000E-03,20
+1.878000E-03,20
+1.880000E-03,20
+1.882000E-03,20
+1.884000E-03,20
+1.886000E-03,20
+1.888000E-03,20
+1.890000E-03,20
+1.892000E-03,20
+1.894000E-03,16
+1.896000E-03,16
+1.898000E-03,16
+1.900000E-03,16
+1.902000E-03,16
+1.904000E-03,16
+1.906000E-03,16
+1.908000E-03,16
+1.910000E-03,16
+1.912000E-03,16
+1.914000E-03,16
+1.916000E-03,16
+1.918000E-03,16
+1.920000E-03,16
+1.922000E-03,16
+1.924000E-03,16
+1.926000E-03,16
+1.928000E-03,16
+1.930000E-03,16
+1.932000E-03,16
+1.934000E-03,16
+1.936000E-03,16
+1.938000E-03,16
+1.940000E-03,16
+1.942000E-03,16
+1.944000E-03,16
+1.946000E-03,16
+1.948000E-03,16
+1.950000E-03,16
+1.952000E-03,16
+1.954000E-03,20
+1.956000E-03,20
+1.958000E-03,20
+1.960000E-03,20
+1.962000E-03,20
+1.964000E-03,20
+1.966000E-03,20
+1.968000E-03,20
+1.970000E-03,20
+1.972000E-03,20
+1.974000E-03,20
+1.976000E-03,20
+1.978000E-03,20
+1.980000E-03,20
+1.982000E-03,20
+1.984000E-03,20
+1.986000E-03,20
+1.988000E-03,20
+1.990000E-03,20
+1.992000E-03,20
+1.994000E-03,20
+1.996000E-03,20
+1.998000E-03,20
+2.000000E-03,20
+2.002000E-03,20
+2.004000E-03,20
+2.006000E-03,20
+2.008000E-03,20
+2.010000E-03,20
+2.012000E-03,20
+2.014000E-03,16
+2.016000E-03,16
+2.018000E-03,16
+2.020000E-03,16
+2.022000E-03,16
+2.024000E-03,16
+2.026000E-03,16
+2.028000E-03,16
+2.030000E-03,16
+2.032000E-03,16
+2.034000E-03,16
+2.036000E-03,16
+2.038000E-03,16
+2.040000E-03,16
+2.042000E-03,16
+2.044000E-03,16
+2.046000E-03,16
+2.048000E-03,16
+2.050000E-03,16
+2.052000E-03,16
+2.054000E-03,16
+2.056000E-03,16
+2.058000E-03,16
+2.060000E-03,16
+2.062000E-03,16
+2.064000E-03,16
+2.066000E-03,16
+2.068000E-03,16
+2.070000E-03,16
+2.072000E-03,20
+2.074000E-03,20
+2.076000E-03,20
+2.078000E-03,20
+2.080000E-03,20
+2.082000E-03,20
+2.084000E-03,20
+2.086000E-03,20
+2.088000E-03,20
+2.090000E-03,20
+2.092000E-03,20
+2.094000E-03,20
+2.096000E-03,20
+2.098000E-03,20
+2.100000E-03,20
+2.102000E-03,20
+2.104000E-03,20
+2.106000E-03,20
+2.108000E-03,20
+2.110000E-03,20
+2.112000E-03,20
+2.114000E-03,20
+2.116000E-03,20
+2.118000E-03,20
+2.120000E-03,20
+2.122000E-03,20
+2.124000E-03,20
+2.126000E-03,20
+2.128000E-03,20
+2.130000E-03,20
+2.132000E-03,20
+2.134000E-03,20
+2.136000E-03,16
+2.138000E-03,16
+2.140000E-03,16
+2.142000E-03,16
+2.144000E-03,16
+2.146000E-03,16
+2.148000E-03,16
+2.150000E-03,16
+2.152000E-03,16
+2.154000E-03,16
+2.156000E-03,16
+2.158000E-03,16
+2.160000E-03,16
+2.162000E-03,16
+2.164000E-03,16
+2.166000E-03,16
+2.168000E-03,16
+2.170000E-03,16
+2.172000E-03,16
+2.174000E-03,16
+2.176000E-03,16
+2.178000E-03,16
+2.180000E-03,16
+2.182000E-03,16
+2.184000E-03,16
+2.186000E-03,16
+2.188000E-03,16
+2.190000E-03,16
+2.192000E-03,16
+2.194000E-03,16
+2.196000E-03,16
+2.198000E-03,20
+2.200000E-03,20
+2.202000E-03,20
+2.204000E-03,20
+2.206000E-03,20
+2.208000E-03,20
+2.210000E-03,20
+2.212000E-03,20
+2.214000E-03,20
+2.216000E-03,20
+2.218000E-03,20
+2.220000E-03,20
+2.222000E-03,20
+2.224000E-03,20
+2.226000E-03,20
+2.228000E-03,20
+2.230000E-03,20
+2.232000E-03,20
+2.234000E-03,20
+2.236000E-03,20
+2.238000E-03,20
+2.240000E-03,20
+2.242000E-03,20
+2.244000E-03,20
+2.246000E-03,20
+2.248000E-03,20
+2.250000E-03,20
+2.252000E-03,20
+2.254000E-03,20
+2.256000E-03,20
+2.258000E-03,16
+2.260000E-03,16
+2.262000E-03,16
+2.264000E-03,16
+2.266000E-03,16
+2.268000E-03,16
+2.270000E-03,16
+2.272000E-03,16
+2.274000E-03,16
+2.276000E-03,16
+2.278000E-03,16
+2.280000E-03,16
+2.282000E-03,16
+2.284000E-03,16
+2.286000E-03,16
+2.288000E-03,16
+2.290000E-03,16
+2.292000E-03,16
+2.294000E-03,16
+2.296000E-03,16
+2.298000E-03,16
+2.300000E-03,16
+2.302000E-03,16
+2.304000E-03,16
+2.306000E-03,16
+2.308000E-03,16
+2.310000E-03,16
+2.312000E-03,16
+2.314000E-03,16
+2.316000E-03,16
+2.318000E-03,20
+2.320000E-03,20
+2.322000E-03,20
+2.324000E-03,20
+2.326000E-03,20
+2.328000E-03,20
+2.330000E-03,20
+2.332000E-03,20
+2.334000E-03,20
+2.336000E-03,20
+2.338000E-03,20
+2.340000E-03,20
+2.342000E-03,20
+2.344000E-03,20
+2.346000E-03,20
+2.348000E-03,20
+2.350000E-03,20
+2.352000E-03,20
+2.354000E-03,20
+2.356000E-03,20
+2.358000E-03,20
+2.360000E-03,20
+2.362000E-03,20
+2.364000E-03,20
+2.366000E-03,20
+2.368000E-03,20
+2.370000E-03,20
+2.372000E-03,20
+2.374000E-03,20
+2.376000E-03,20
+2.378000E-03,20
+2.380000E-03,20
+2.382000E-03,16
+2.384000E-03,16
+2.386000E-03,16
+2.388000E-03,16
+2.390000E-03,16
+2.392000E-03,16
+2.394000E-03,16
+2.396000E-03,16
+2.398000E-03,16
+2.400000E-03,16
+2.402000E-03,16
+2.404000E-03,16
+2.406000E-03,16
+2.408000E-03,16
+2.410000E-03,16
+2.412000E-03,16
+2.414000E-03,16
+2.416000E-03,16
+2.418000E-03,16
+2.420000E-03,16
+2.422000E-03,16
+2.424000E-03,16
+2.426000E-03,16
+2.428000E-03,16
+2.430000E-03,16
+2.432000E-03,16
+2.434000E-03,16
+2.436000E-03,16
+2.438000E-03,16
+2.440000E-03,16
+2.442000E-03,16
+2.444000E-03,16
+2.446000E-03,20
+2.448000E-03,20
+2.450000E-03,20
+2.452000E-03,20
+2.454000E-03,20
+2.456000E-03,20
+2.458000E-03,20
+2.460000E-03,20
+2.462000E-03,20
+2.464000E-03,20
+2.466000E-03,20
+2.468000E-03,20
+2.470000E-03,20
+2.472000E-03,20
+2.474000E-03,20
+2.476000E-03,20
+2.478000E-03,20
+2.480000E-03,20
+2.482000E-03,20
+2.484000E-03,20
+2.486000E-03,20
+2.488000E-03,20
+2.490000E-03,20
+2.492000E-03,20
+2.494000E-03,20
+2.496000E-03,20
+2.498000E-03,20
+2.500000E-03,16
+2.502000E-03,16
+2.504000E-03,16
+2.506000E-03,16
+2.508000E-03,16
+2.510000E-03,16
+2.512000E-03,16
+2.514000E-03,16
+2.516000E-03,16
+2.518000E-03,16
+2.520000E-03,16
+2.522000E-03,16
+2.524000E-03,16
+2.526000E-03,16
+2.528000E-03,16
+2.530000E-03,16
+2.532000E-03,16
+2.534000E-03,16
+2.536000E-03,16
+2.538000E-03,16
+2.540000E-03,16
+2.542000E-03,16
+2.544000E-03,16
+2.546000E-03,16
+2.548000E-03,16
+2.550000E-03,16
+2.552000E-03,16
+2.554000E-03,16
+2.556000E-03,16
+2.558000E-03,16
+2.560000E-03,16
+2.562000E-03,20
+2.564000E-03,20
+2.566000E-03,20
+2.568000E-03,20
+2.570000E-03,20
+2.572000E-03,20
+2.574000E-03,20
+2.576000E-03,20
+2.578000E-03,20
+2.580000E-03,20
+2.582000E-03,20
+2.584000E-03,20
+2.586000E-03,20
+2.588000E-03,20
+2.590000E-03,20
+2.592000E-03,28
+2.594000E-03,28
+2.596000E-03,28
+2.598000E-03,28
+2.600000E-03,28
+2.602000E-03,28
+2.604000E-03,28
+2.606000E-03,28
+2.608000E-03,28
+2.610000E-03,28
+2.612000E-03,28
+2.614000E-03,28
+2.616000E-03,28
+2.618000E-03,28
+2.620000E-03,28
+2.622000E-03,28
+2.624000E-03,24
+2.626000E-03,24
+2.628000E-03,24
+2.630000E-03,24
+2.632000E-03,24
+2.634000E-03,24
+2.636000E-03,24
+2.638000E-03,24
+2.640000E-03,24
+2.642000E-03,24
+2.644000E-03,24
+2.646000E-03,24
+2.648000E-03,24
+2.650000E-03,24
+2.652000E-03,24
+2.654000E-03,24
+2.656000E-03,24
+2.658000E-03,24
+2.660000E-03,24
+2.662000E-03,24
+2.664000E-03,24
+2.666000E-03,24
+2.668000E-03,24
+2.670000E-03,16
+2.672000E-03,16
+2.674000E-03,16
+2.676000E-03,16
+2.678000E-03,16
+2.680000E-03,16
+2.682000E-03,16
+2.684000E-03,16
+2.686000E-03,20
+2.688000E-03,20
+2.690000E-03,20
+2.692000E-03,20
+2.694000E-03,20
+2.696000E-03,20
+2.698000E-03,20
+2.700000E-03,20
+2.702000E-03,20
+2.704000E-03,20
+2.706000E-03,20
+2.708000E-03,20
+2.710000E-03,20
+2.712000E-03,20
+2.714000E-03,28
+2.716000E-03,28
+2.718000E-03,28
+2.720000E-03,28
+2.722000E-03,28
+2.724000E-03,28
+2.726000E-03,28
+2.728000E-03,28
+2.730000E-03,28
+2.732000E-03,28
+2.734000E-03,28
+2.736000E-03,28
+2.738000E-03,28
+2.740000E-03,28
+2.742000E-03,28
+2.744000E-03,28
+2.746000E-03,24
+2.748000E-03,24
+2.750000E-03,24
+2.752000E-03,24
+2.754000E-03,24
+2.756000E-03,24
+2.758000E-03,24
+2.760000E-03,24
+2.762000E-03,24
+2.764000E-03,24
+2.766000E-03,24
+2.768000E-03,24
+2.770000E-03,24
+2.772000E-03,24
+2.774000E-03,24
+2.776000E-03,24
+2.778000E-03,24
+2.780000E-03,24
+2.782000E-03,24
+2.784000E-03,24
+2.786000E-03,24
+2.788000E-03,24
+2.790000E-03,24
+2.792000E-03,16
+2.794000E-03,16
+2.796000E-03,16
+2.798000E-03,16
+2.800000E-03,16
+2.802000E-03,16
+2.804000E-03,16
+2.806000E-03,16
+2.808000E-03,20
+2.810000E-03,20
+2.812000E-03,20
+2.814000E-03,20
+2.816000E-03,20
+2.818000E-03,20
+2.820000E-03,20
+2.822000E-03,20
+2.824000E-03,20
+2.826000E-03,20
+2.828000E-03,20
+2.830000E-03,20
+2.832000E-03,20
+2.834000E-03,20
+2.836000E-03,20
+2.838000E-03,28
+2.840000E-03,28
+2.842000E-03,28
+2.844000E-03,28
+2.846000E-03,28
+2.848000E-03,28
+2.850000E-03,28
+2.852000E-03,28
+2.854000E-03,28
+2.856000E-03,28
+2.858000E-03,28
+2.860000E-03,28
+2.862000E-03,28
+2.864000E-03,28
+2.866000E-03,28
+2.868000E-03,28
+2.870000E-03,24
+2.872000E-03,24
+2.874000E-03,24
+2.876000E-03,24
+2.878000E-03,24
+2.880000E-03,24
+2.882000E-03,24
+2.884000E-03,24
+2.886000E-03,24
+2.888000E-03,24
+2.890000E-03,24
+2.892000E-03,24
+2.894000E-03,24
+2.896000E-03,24
+2.898000E-03,24
+2.900000E-03,24
+2.902000E-03,24
+2.904000E-03,24
+2.906000E-03,24
+2.908000E-03,24
+2.910000E-03,24
+2.912000E-03,24
+2.914000E-03,24
+2.916000E-03,16
+2.918000E-03,16
+2.920000E-03,16
+2.922000E-03,16
+2.924000E-03,16
+2.926000E-03,16
+2.928000E-03,16
+2.930000E-03,16
+2.932000E-03,20
+2.934000E-03,20
+2.936000E-03,20
+2.938000E-03,20
+2.940000E-03,20
+2.942000E-03,20
+2.944000E-03,20
+2.946000E-03,20
+2.948000E-03,20
+2.950000E-03,20
+2.952000E-03,20
+2.954000E-03,20
+2.956000E-03,20
+2.958000E-03,20
+2.960000E-03,20
+2.962000E-03,20
+2.964000E-03,20
+2.966000E-03,20
+2.968000E-03,20
+2.970000E-03,20
+2.972000E-03,20
+2.974000E-03,20
+2.976000E-03,20
+2.978000E-03,20
+2.980000E-03,20
+2.982000E-03,20
+2.984000E-03,20
+2.986000E-03,20
+2.988000E-03,20
+2.990000E-03,20
+2.992000E-03,16
+2.994000E-03,16
+2.996000E-03,16
+2.998000E-03,16
+3.000000E-03,16
+3.002000E-03,16
+3.004000E-03,16
+3.006000E-03,16
+3.008000E-03,16
+3.010000E-03,16
+3.012000E-03,16
+3.014000E-03,16
+3.016000E-03,16
+3.018000E-03,16
+3.020000E-03,16
+3.022000E-03,16
+3.024000E-03,16
+3.026000E-03,16
+3.028000E-03,16
+3.030000E-03,16
+3.032000E-03,16
+3.034000E-03,16
+3.036000E-03,16
+3.038000E-03,16
+3.040000E-03,16
+3.042000E-03,16
+3.044000E-03,16
+3.046000E-03,16
+3.048000E-03,16
+3.050000E-03,20
+3.052000E-03,20
+3.054000E-03,20
+3.056000E-03,20
+3.058000E-03,20
+3.060000E-03,20
+3.062000E-03,20
+3.064000E-03,20
+3.066000E-03,20
+3.068000E-03,20
+3.070000E-03,20
+3.072000E-03,20
+3.074000E-03,20
+3.076000E-03,20
+3.078000E-03,20
+3.080000E-03,20
+3.082000E-03,20
+3.084000E-03,20
+3.086000E-03,20
+3.088000E-03,20
+3.090000E-03,20
+3.092000E-03,20
+3.094000E-03,20
+3.096000E-03,20
+3.098000E-03,20
+3.100000E-03,20
+3.102000E-03,20
+3.104000E-03,20
+3.106000E-03,20
+3.108000E-03,20
+3.110000E-03,20
+3.112000E-03,20
+3.114000E-03,16
+3.116000E-03,16
+3.118000E-03,16
+3.120000E-03,16
+3.122000E-03,16
+3.124000E-03,16
+3.126000E-03,16
+3.128000E-03,16
+3.130000E-03,16
+3.132000E-03,16
+3.134000E-03,16
+3.136000E-03,16
+3.138000E-03,16
+3.140000E-03,16
+3.142000E-03,16
+3.144000E-03,16
+3.146000E-03,16
+3.148000E-03,16
+3.150000E-03,16
+3.152000E-03,16
+3.154000E-03,16
+3.156000E-03,16
+3.158000E-03,16
+3.160000E-03,16
+3.162000E-03,16
+3.164000E-03,16
+3.166000E-03,16
+3.168000E-03,16
+3.170000E-03,16
+3.172000E-03,16
+3.174000E-03,20
+3.176000E-03,20
+3.178000E-03,20
+3.180000E-03,20
+3.182000E-03,20
+3.184000E-03,20
+3.186000E-03,20
+3.188000E-03,20
+3.190000E-03,20
+3.192000E-03,20
+3.194000E-03,20
+3.196000E-03,20
+3.198000E-03,20
+3.200000E-03,20
+3.202000E-03,20
+3.204000E-03,20
+3.206000E-03,20
+3.208000E-03,20
+3.210000E-03,20
+3.212000E-03,20
+3.214000E-03,20
+3.216000E-03,20
+3.218000E-03,20
+3.220000E-03,20
+3.222000E-03,20
+3.224000E-03,20
+3.226000E-03,20
+3.228000E-03,20
+3.230000E-03,20
+3.232000E-03,20
+3.234000E-03,16
+3.236000E-03,16
+3.238000E-03,16
+3.240000E-03,16
+3.242000E-03,16
+3.244000E-03,16
+3.246000E-03,16
+3.248000E-03,16
+3.250000E-03,16
+3.252000E-03,16
+3.254000E-03,16
+3.256000E-03,16
+3.258000E-03,16
+3.260000E-03,16
+3.262000E-03,16
+3.264000E-03,16
+3.266000E-03,16
+3.268000E-03,16
+3.270000E-03,16
+3.272000E-03,16
+3.274000E-03,16
+3.276000E-03,16
+3.278000E-03,16
+3.280000E-03,16
+3.282000E-03,16
+3.284000E-03,16
+3.286000E-03,16
+3.288000E-03,16
+3.290000E-03,16
+3.292000E-03,16
+3.294000E-03,16
+3.296000E-03,20
+3.298000E-03,20
+3.300000E-03,20
+3.302000E-03,20
+3.304000E-03,20
+3.306000E-03,20
+3.308000E-03,20
+3.310000E-03,20
+3.312000E-03,20
+3.314000E-03,20
+3.316000E-03,20
+3.318000E-03,20
+3.320000E-03,20
+3.322000E-03,20
+3.324000E-03,20
+3.326000E-03,20
+3.328000E-03,20
+3.330000E-03,20
+3.332000E-03,20
+3.334000E-03,20
+3.336000E-03,20
+3.338000E-03,20
+3.340000E-03,20
+3.342000E-03,20
+3.344000E-03,20
+3.346000E-03,20
+3.348000E-03,20
+3.350000E-03,20
+3.352000E-03,20
+3.354000E-03,20
+3.356000E-03,20
+3.358000E-03,20
+3.360000E-03,16
+3.362000E-03,16
+3.364000E-03,16
+3.366000E-03,16
+3.368000E-03,16
+3.370000E-03,16
+3.372000E-03,16
+3.374000E-03,16
+3.376000E-03,16
+3.378000E-03,16
+3.380000E-03,16
+3.382000E-03,16
+3.384000E-03,16
+3.386000E-03,16
+3.388000E-03,16
+3.390000E-03,16
+3.392000E-03,16
+3.394000E-03,16
+3.396000E-03,16
+3.398000E-03,16
+3.400000E-03,16
+3.402000E-03,16
+3.404000E-03,16
+3.406000E-03,16
+3.408000E-03,16
+3.410000E-03,16
+3.412000E-03,16
+3.414000E-03,16
+3.416000E-03,16
+3.418000E-03,20
+3.420000E-03,20
+3.422000E-03,20
+3.424000E-03,20
+3.426000E-03,20
+3.428000E-03,20
+3.430000E-03,20
+3.432000E-03,20
+3.434000E-03,20
+3.436000E-03,20
+3.438000E-03,20
+3.440000E-03,20
+3.442000E-03,20
+3.444000E-03,20
+3.446000E-03,20
+3.448000E-03,20
+3.450000E-03,20
+3.452000E-03,20
+3.454000E-03,20
+3.456000E-03,20
+3.458000E-03,20
+3.460000E-03,20
+3.462000E-03,20
+3.464000E-03,20
+3.466000E-03,20
+3.468000E-03,20
+3.470000E-03,20
+3.472000E-03,20
+3.474000E-03,20
+3.476000E-03,16
+3.478000E-03,16
+3.480000E-03,16
+3.482000E-03,16
+3.484000E-03,16
+3.486000E-03,16
+3.488000E-03,16
+3.490000E-03,16
+3.492000E-03,16
+3.494000E-03,16
+3.496000E-03,16
+3.498000E-03,16
+3.500000E-03,16
+3.502000E-03,16
+3.504000E-03,16
+3.506000E-03,16
+3.508000E-03,16
+3.510000E-03,16
+3.512000E-03,16
+3.514000E-03,16
+3.516000E-03,16
+3.518000E-03,16
+3.520000E-03,16
+3.522000E-03,16
+3.524000E-03,16
+3.526000E-03,16
+3.528000E-03,16
+3.530000E-03,16
+3.532000E-03,16
+3.534000E-03,16
+3.536000E-03,16
+3.538000E-03,20
+3.540000E-03,20
+3.542000E-03,20
+3.544000E-03,20
+3.546000E-03,20
+3.548000E-03,20
+3.550000E-03,20
+3.552000E-03,20
+3.554000E-03,20
+3.556000E-03,20
+3.558000E-03,20
+3.560000E-03,20
+3.562000E-03,20
+3.564000E-03,20
+3.566000E-03,20
+3.568000E-03,20
+3.570000E-03,20
+3.572000E-03,20
+3.574000E-03,20
+3.576000E-03,20
+3.578000E-03,20
+3.580000E-03,20
+3.582000E-03,20
+3.584000E-03,20
+3.586000E-03,20
+3.588000E-03,20
+3.590000E-03,20
+3.592000E-03,20
+3.594000E-03,20
+3.596000E-03,20
+3.598000E-03,20
+3.600000E-03,20
+3.602000E-03,16
+3.604000E-03,16
+3.606000E-03,16
+3.608000E-03,16
+3.610000E-03,16
+3.612000E-03,16
+3.614000E-03,16
+3.616000E-03,16
+3.618000E-03,16
+3.620000E-03,16
+3.622000E-03,16
+3.624000E-03,16
+3.626000E-03,16
+3.628000E-03,16
+3.630000E-03,16
+3.632000E-03,16
+3.634000E-03,16
+3.636000E-03,16
+3.638000E-03,16
+3.640000E-03,16
+3.642000E-03,16
+3.644000E-03,16
+3.646000E-03,16
+3.648000E-03,16
+3.650000E-03,16
+3.652000E-03,16
+3.654000E-03,16
+3.656000E-03,16
+3.658000E-03,16
+3.660000E-03,16
+3.662000E-03,20
+3.664000E-03,20
+3.666000E-03,20
+3.668000E-03,20
+3.670000E-03,20
+3.672000E-03,20
+3.674000E-03,20
+3.676000E-03,20
+3.678000E-03,20
+3.680000E-03,20
+3.682000E-03,20
+3.684000E-03,20
+3.686000E-03,20
+3.688000E-03,20
+3.690000E-03,20
+3.692000E-03,20
+3.694000E-03,20
+3.696000E-03,20
+3.698000E-03,20
+3.700000E-03,20
+3.702000E-03,20
+3.704000E-03,20
+3.706000E-03,20
+3.708000E-03,20
+3.710000E-03,20
+3.712000E-03,20
+3.714000E-03,20
+3.716000E-03,20
+3.718000E-03,20
+3.720000E-03,20
+3.722000E-03,20
+3.724000E-03,16
+3.726000E-03,16
+3.728000E-03,16
+3.730000E-03,16
+3.732000E-03,16
+3.734000E-03,16
+3.736000E-03,16
+3.738000E-03,16
+3.740000E-03,16
+3.742000E-03,16
+3.744000E-03,16
+3.746000E-03,16
+3.748000E-03,16
+3.750000E-03,16
+3.752000E-03,16
+3.754000E-03,16
+3.756000E-03,16
+3.758000E-03,16
+3.760000E-03,16
+3.762000E-03,16
+3.764000E-03,16
+3.766000E-03,16
+3.768000E-03,16
+3.770000E-03,16
+3.772000E-03,16
+3.774000E-03,16
+3.776000E-03,16
+3.778000E-03,16
+3.780000E-03,20
+3.782000E-03,20
+3.784000E-03,20
+3.786000E-03,20
+3.788000E-03,20
+3.790000E-03,20
+3.792000E-03,20
+3.794000E-03,20
+3.796000E-03,20
+3.798000E-03,20
+3.800000E-03,20
+3.802000E-03,20
+3.804000E-03,20
+3.806000E-03,20
+3.808000E-03,20
+3.810000E-03,20
+3.812000E-03,20
+3.814000E-03,20
+3.816000E-03,20
+3.818000E-03,20
+3.820000E-03,20
+3.822000E-03,20
+3.824000E-03,20
+3.826000E-03,20
+3.828000E-03,20
+3.830000E-03,20
+3.832000E-03,20
+3.834000E-03,20
+3.836000E-03,20
+3.838000E-03,20
+3.840000E-03,20
+3.842000E-03,20
+3.844000E-03,20
+3.846000E-03,20
+3.848000E-03,16
+3.850000E-03,16
+3.852000E-03,16
+3.854000E-03,16
+3.856000E-03,16
+3.858000E-03,16
+3.860000E-03,16
+3.862000E-03,16
+3.864000E-03,16
+3.866000E-03,16
+3.868000E-03,16
+3.870000E-03,16
+3.872000E-03,16
+3.874000E-03,16
+3.876000E-03,16
+3.878000E-03,16
+3.880000E-03,16
+3.882000E-03,16
+3.884000E-03,16
+3.886000E-03,16
+3.888000E-03,16
+3.890000E-03,16
+3.892000E-03,16
+3.894000E-03,16
+3.896000E-03,16
+3.898000E-03,16
+3.900000E-03,16
+3.902000E-03,16
+3.904000E-03,16
+3.906000E-03,20
+3.908000E-03,20
+3.910000E-03,20
+3.912000E-03,20
+3.914000E-03,20
+3.916000E-03,20
+3.918000E-03,20
+3.920000E-03,20
+3.922000E-03,20
+3.924000E-03,20
+3.926000E-03,20
+3.928000E-03,20
+3.930000E-03,20
+3.932000E-03,20
+3.934000E-03,20
+3.936000E-03,20
+3.938000E-03,20
+3.940000E-03,20
+3.942000E-03,20
+3.944000E-03,20
+3.946000E-03,20
+3.948000E-03,20
+3.950000E-03,20
+3.952000E-03,20
+3.954000E-03,20
+3.956000E-03,20
+3.958000E-03,20
+3.960000E-03,20
+3.962000E-03,20
+3.964000E-03,20
+3.966000E-03,16
+3.968000E-03,16
+3.970000E-03,16
+3.972000E-03,16
+3.974000E-03,16
+3.976000E-03,16
+3.978000E-03,16
+3.980000E-03,16
+3.982000E-03,16
+3.984000E-03,16
+3.986000E-03,16
+3.988000E-03,16
+3.990000E-03,16
+3.992000E-03,16
+3.994000E-03,16
+3.996000E-03,16
+3.998000E-03,16
+4.000000E-03,16
+4.002000E-03,16
+4.004000E-03,16
+4.006000E-03,16
+4.008000E-03,16
+4.010000E-03,16
+4.012000E-03,16
+4.014000E-03,16
+4.016000E-03,16
+4.018000E-03,16
+4.020000E-03,16
+4.022000E-03,16
+4.024000E-03,16
+4.026000E-03,16
+4.028000E-03,20
+4.030000E-03,20
+4.032000E-03,20
+4.034000E-03,20
+4.036000E-03,20
+4.038000E-03,20
+4.040000E-03,20
+4.042000E-03,20
+4.044000E-03,20
+4.046000E-03,20
+4.048000E-03,20
+4.050000E-03,20
+4.052000E-03,20
+4.054000E-03,20
+4.056000E-03,20
+4.058000E-03,20
+4.060000E-03,20
+4.062000E-03,20
+4.064000E-03,20
+4.066000E-03,20
+4.068000E-03,20
+4.070000E-03,20
+4.072000E-03,20
+4.074000E-03,20
+4.076000E-03,20
+4.078000E-03,20
+4.080000E-03,20
+4.082000E-03,20
+4.084000E-03,20
+4.086000E-03,20
+4.088000E-03,20
+4.090000E-03,20
+4.092000E-03,16
+4.094000E-03,16
+4.096000E-03,16
+4.098000E-03,16
+4.100000E-03,16
+4.102000E-03,16
+4.104000E-03,16
+4.106000E-03,16
+4.108000E-03,16
+4.110000E-03,16
+4.112000E-03,16
+4.114000E-03,16
+4.116000E-03,16
+4.118000E-03,16
+4.120000E-03,16
+4.122000E-03,16
+4.124000E-03,16
+4.126000E-03,16
+4.128000E-03,16
+4.130000E-03,16
+4.132000E-03,16
+4.134000E-03,16
+4.136000E-03,16
+4.138000E-03,16
+4.140000E-03,16
+4.142000E-03,16
+4.144000E-03,16
+4.146000E-03,16
+4.148000E-03,16
+4.150000E-03,16
+4.152000E-03,20
+4.154000E-03,20
+4.156000E-03,20
+4.158000E-03,20
+4.160000E-03,20
+4.162000E-03,20
+4.164000E-03,20
+4.166000E-03,20
+4.168000E-03,20
+4.170000E-03,20
+4.172000E-03,20
+4.174000E-03,20
+4.176000E-03,20
+4.178000E-03,20
+4.180000E-03,20
+4.182000E-03,20
+4.184000E-03,20
+4.186000E-03,20
+4.188000E-03,20
+4.190000E-03,20
+4.192000E-03,20
+4.194000E-03,20
+4.196000E-03,20
+4.198000E-03,20
+4.200000E-03,20
+4.202000E-03,20
+4.204000E-03,20
+4.206000E-03,20
+4.208000E-03,16
+4.210000E-03,16
+4.212000E-03,16
+4.214000E-03,16
+4.216000E-03,16
+4.218000E-03,16
+4.220000E-03,16
+4.222000E-03,16
+4.224000E-03,16
+4.226000E-03,16
+4.228000E-03,16
+4.230000E-03,16
+4.232000E-03,16
+4.234000E-03,16
+4.236000E-03,16
+4.238000E-03,16
+4.240000E-03,16
+4.242000E-03,16
+4.244000E-03,16
+4.246000E-03,16
+4.248000E-03,16
+4.250000E-03,16
+4.252000E-03,16
+4.254000E-03,16
+4.256000E-03,16
+4.258000E-03,16
+4.260000E-03,16
+4.262000E-03,16
+4.264000E-03,16
+4.266000E-03,16
+4.268000E-03,16
+4.270000E-03,20
+4.272000E-03,20
+4.274000E-03,20
+4.276000E-03,20
+4.278000E-03,20
+4.280000E-03,20
+4.282000E-03,20
+4.284000E-03,20
+4.286000E-03,20
+4.288000E-03,20
+4.290000E-03,20
+4.292000E-03,20
+4.294000E-03,20
+4.296000E-03,20
+4.298000E-03,20
+4.300000E-03,20
+4.302000E-03,20
+4.304000E-03,20
+4.306000E-03,20
+4.308000E-03,20
+4.310000E-03,20
+4.312000E-03,20
+4.314000E-03,20
+4.316000E-03,20
+4.318000E-03,20
+4.320000E-03,20
+4.322000E-03,20
+4.324000E-03,20
+4.326000E-03,20
+4.328000E-03,20
+4.330000E-03,20
+4.332000E-03,20
+4.334000E-03,16
+4.336000E-03,16
+4.338000E-03,16
+4.340000E-03,16
+4.342000E-03,16
+4.344000E-03,16
+4.346000E-03,16
+4.348000E-03,16
+4.350000E-03,16
+4.352000E-03,16
+4.354000E-03,16
+4.356000E-03,16
+4.358000E-03,16
+4.360000E-03,16
+4.362000E-03,16
+4.364000E-03,16
+4.366000E-03,16
+4.368000E-03,16
+4.370000E-03,16
+4.372000E-03,16
+4.374000E-03,16
+4.376000E-03,16
+4.378000E-03,16
+4.380000E-03,16
+4.382000E-03,16
+4.384000E-03,16
+4.386000E-03,16
+4.388000E-03,16
+4.390000E-03,16
+4.392000E-03,16
+4.394000E-03,16
+4.396000E-03,20
+4.398000E-03,20
+4.400000E-03,20
+4.402000E-03,20
+4.404000E-03,20
+4.406000E-03,20
+4.408000E-03,20
+4.410000E-03,20
+4.412000E-03,20
+4.414000E-03,20
+4.416000E-03,20
+4.418000E-03,20
+4.420000E-03,20
+4.422000E-03,20
+4.424000E-03,20
+4.426000E-03,20
+4.428000E-03,20
+4.430000E-03,20
+4.432000E-03,20
+4.434000E-03,20
+4.436000E-03,20
+4.438000E-03,20
+4.440000E-03,20
+4.442000E-03,20
+4.444000E-03,20
+4.446000E-03,20
+4.448000E-03,20
+4.450000E-03,20
+4.452000E-03,20
+4.454000E-03,20
+4.456000E-03,16
+4.458000E-03,16
+4.460000E-03,16
+4.462000E-03,16
+4.464000E-03,16
+4.466000E-03,16
+4.468000E-03,16
+4.470000E-03,16
+4.472000E-03,16
+4.474000E-03,16
+4.476000E-03,16
+4.478000E-03,16
+4.480000E-03,16
+4.482000E-03,16
+4.484000E-03,16
+4.486000E-03,16
+4.488000E-03,16
+4.490000E-03,16
+4.492000E-03,16
+4.494000E-03,16
+4.496000E-03,16
+4.498000E-03,16
+4.500000E-03,16
+4.502000E-03,16
+4.504000E-03,16
+4.506000E-03,16
+4.508000E-03,16
+4.510000E-03,16
+4.512000E-03,16
+4.514000E-03,16
+4.516000E-03,20
+4.518000E-03,20
+4.520000E-03,20
+4.522000E-03,20
+4.524000E-03,20
+4.526000E-03,20
+4.528000E-03,20
+4.530000E-03,20
+4.532000E-03,20
+4.534000E-03,20
+4.536000E-03,20
+4.538000E-03,20
+4.540000E-03,20
+4.542000E-03,20
+4.544000E-03,20
+4.546000E-03,20
+4.548000E-03,20
+4.550000E-03,20
+4.552000E-03,20
+4.554000E-03,20
+4.556000E-03,20
+4.558000E-03,20
+4.560000E-03,20
+4.562000E-03,20
+4.564000E-03,20
+4.566000E-03,20
+4.568000E-03,20
+4.570000E-03,20
+4.572000E-03,20
+4.574000E-03,20
+4.576000E-03,20
+4.578000E-03,20
+4.580000E-03,16
+4.582000E-03,16
+4.584000E-03,16
+4.586000E-03,16
+4.588000E-03,16
+4.590000E-03,16
+4.592000E-03,16
+4.594000E-03,16
+4.596000E-03,16
+4.598000E-03,16
+4.600000E-03,16
+4.602000E-03,16
+4.604000E-03,16
+4.606000E-03,16
+4.608000E-03,16
+4.610000E-03,16
+4.612000E-03,16
+4.614000E-03,16
+4.616000E-03,16
+4.618000E-03,16
+4.620000E-03,16
+4.622000E-03,16
+4.624000E-03,16
+4.626000E-03,16
+4.628000E-03,16
+4.630000E-03,16
+4.632000E-03,16
+4.634000E-03,16
+4.636000E-03,20
+4.638000E-03,20
+4.640000E-03,20
+4.642000E-03,20
+4.644000E-03,20
+4.646000E-03,20
+4.648000E-03,20
+4.650000E-03,20
+4.652000E-03,20
+4.654000E-03,20
+4.656000E-03,20
+4.658000E-03,20
+4.660000E-03,20
+4.662000E-03,20
+4.664000E-03,28
+4.666000E-03,28
+4.668000E-03,28
+4.670000E-03,28
+4.672000E-03,28
+4.674000E-03,28
+4.676000E-03,28
+4.678000E-03,28
+4.680000E-03,28
+4.682000E-03,28
+4.684000E-03,28
+4.686000E-03,28
+4.688000E-03,28
+4.690000E-03,28
+4.692000E-03,28
+4.694000E-03,28
+4.696000E-03,24
+4.698000E-03,24
+4.700000E-03,24
+4.702000E-03,24
+4.704000E-03,24
+4.706000E-03,24
+4.708000E-03,24
+4.710000E-03,24
+4.712000E-03,24
+4.714000E-03,24
+4.716000E-03,24
+4.718000E-03,24
+4.720000E-03,24
+4.722000E-03,24
+4.724000E-03,24
+4.726000E-03,24
+4.728000E-03,24
+4.730000E-03,24
+4.732000E-03,24
+4.734000E-03,24
+4.736000E-03,24
+4.738000E-03,24
+4.740000E-03,24
+4.742000E-03,16
+4.744000E-03,16
+4.746000E-03,16
+4.748000E-03,16
+4.750000E-03,16
+4.752000E-03,16
+4.754000E-03,16
+4.756000E-03,16
+4.758000E-03,20
+4.760000E-03,20
+4.762000E-03,20
+4.764000E-03,20
+4.766000E-03,20
+4.768000E-03,20
+4.770000E-03,20
+4.772000E-03,20
+4.774000E-03,20
+4.776000E-03,20
+4.778000E-03,20
+4.780000E-03,20
+4.782000E-03,20
+4.784000E-03,20
+4.786000E-03,20
+4.788000E-03,20
+4.790000E-03,20
+4.792000E-03,20
+4.794000E-03,20
+4.796000E-03,20
+4.798000E-03,20
+4.800000E-03,20
+4.802000E-03,20
+4.804000E-03,20
+4.806000E-03,20
+4.808000E-03,20
+4.810000E-03,20
+4.812000E-03,20
+4.814000E-03,20
+4.816000E-03,20
+4.818000E-03,20
+4.820000E-03,20
+4.822000E-03,16
+4.824000E-03,16
+4.826000E-03,16
+4.828000E-03,16
+4.830000E-03,16
+4.832000E-03,16
+4.834000E-03,16
+4.836000E-03,16
+4.838000E-03,16
+4.840000E-03,16
+4.842000E-03,16
+4.844000E-03,16
+4.846000E-03,16
+4.848000E-03,16
+4.850000E-03,16
+4.852000E-03,16
+4.854000E-03,16
+4.856000E-03,16
+4.858000E-03,16
+4.860000E-03,16
+4.862000E-03,16
+4.864000E-03,16
+4.866000E-03,16
+4.868000E-03,16
+4.870000E-03,16
+4.872000E-03,16
+4.874000E-03,16
+4.876000E-03,16
+4.878000E-03,16
+4.880000E-03,16
+4.882000E-03,20
+4.884000E-03,20
+4.886000E-03,20
+4.888000E-03,20
+4.890000E-03,20
+4.892000E-03,20
+4.894000E-03,20
+4.896000E-03,20
+4.898000E-03,20
+4.900000E-03,20
+4.902000E-03,20
+4.904000E-03,20
+4.906000E-03,20
+4.908000E-03,20
+4.910000E-03,20
+4.912000E-03,20
+4.914000E-03,20
+4.916000E-03,20
+4.918000E-03,20
+4.920000E-03,20
+4.922000E-03,20
+4.924000E-03,20
+4.926000E-03,20
+4.928000E-03,20
+4.930000E-03,20
+4.932000E-03,20
+4.934000E-03,20
+4.936000E-03,20
+4.938000E-03,20
+4.940000E-03,20
+4.942000E-03,16
+4.944000E-03,16
+4.946000E-03,16
+4.948000E-03,16
+4.950000E-03,16
+4.952000E-03,16
+4.954000E-03,16
+4.956000E-03,16
+4.958000E-03,16
+4.960000E-03,16
+4.962000E-03,16
+4.964000E-03,16
+4.966000E-03,16
+4.968000E-03,16
+4.970000E-03,16
+4.972000E-03,16
+4.974000E-03,16
+4.976000E-03,16
+4.978000E-03,16
+4.980000E-03,16
+4.982000E-03,16
+4.984000E-03,16
+4.986000E-03,16
+4.988000E-03,16
+4.990000E-03,16
+4.992000E-03,16
+4.994000E-03,16
+4.996000E-03,16
+4.998000E-03,16
+5.000000E-03,16
+5.002000E-03,16
+5.004000E-03,20
+5.006000E-03,20
+5.008000E-03,20
+5.010000E-03,20
+5.012000E-03,20
+5.014000E-03,20
+5.016000E-03,20
+5.018000E-03,20
+5.020000E-03,20
+5.022000E-03,20
+5.024000E-03,20
+5.026000E-03,20
+5.028000E-03,20
+5.030000E-03,20
+5.032000E-03,20
+5.034000E-03,20
+5.036000E-03,20
+5.038000E-03,20
+5.040000E-03,20
+5.042000E-03,20
+5.044000E-03,20
+5.046000E-03,20
+5.048000E-03,20
+5.050000E-03,20
+5.052000E-03,20
+5.054000E-03,20
+5.056000E-03,20
+5.058000E-03,20
+5.060000E-03,20
+5.062000E-03,20
+5.064000E-03,20
+5.066000E-03,20
+5.068000E-03,16
+5.070000E-03,16
+5.072000E-03,16
+5.074000E-03,16
+5.076000E-03,16
+5.078000E-03,16
+5.080000E-03,16
+5.082000E-03,16
+5.084000E-03,16
+5.086000E-03,16
+5.088000E-03,16
+5.090000E-03,16
+5.092000E-03,16
+5.094000E-03,16
+5.096000E-03,16
+5.098000E-03,16
+5.100000E-03,16
+5.102000E-03,16
+5.104000E-03,16
+5.106000E-03,16
+5.108000E-03,16
+5.110000E-03,16
+5.112000E-03,16
+5.114000E-03,16
+5.116000E-03,16
+5.118000E-03,16
+5.120000E-03,16
+5.122000E-03,16
+5.124000E-03,16
+5.126000E-03,20
+5.128000E-03,20
+5.130000E-03,20
+5.132000E-03,20
+5.134000E-03,20
+5.136000E-03,20
+5.138000E-03,20
+5.140000E-03,20
+5.142000E-03,20
+5.144000E-03,20
+5.146000E-03,20
+5.148000E-03,20
+5.150000E-03,20
+5.152000E-03,20
+5.154000E-03,20
+5.156000E-03,20
+5.158000E-03,20
+5.160000E-03,20
+5.162000E-03,20
+5.164000E-03,20
+5.166000E-03,20
+5.168000E-03,20
+5.170000E-03,20
+5.172000E-03,20
+5.174000E-03,20
+5.176000E-03,20
+5.178000E-03,20
+5.180000E-03,20
+5.182000E-03,20
+5.184000E-03,20
+5.186000E-03,16
+5.188000E-03,16
+5.190000E-03,16
+5.192000E-03,16
+5.194000E-03,16
+5.196000E-03,16
+5.198000E-03,16
+5.200000E-03,16
+5.202000E-03,16
+5.204000E-03,16
+5.206000E-03,16
+5.208000E-03,16
+5.210000E-03,16
+5.212000E-03,16
+5.214000E-03,16
+5.216000E-03,16
+5.218000E-03,16
+5.220000E-03,16
+5.222000E-03,16
+5.224000E-03,16
+5.226000E-03,16
+5.228000E-03,16
+5.230000E-03,16
+5.232000E-03,16
+5.234000E-03,16
+5.236000E-03,16
+5.238000E-03,16
+5.240000E-03,16
+5.242000E-03,16
+5.244000E-03,16
+5.246000E-03,20
+5.248000E-03,20
+5.250000E-03,20
+5.252000E-03,20
+5.254000E-03,20
+5.256000E-03,20
+5.258000E-03,20
+5.260000E-03,20
+5.262000E-03,20
+5.264000E-03,20
+5.266000E-03,20
+5.268000E-03,20
+5.270000E-03,20
+5.272000E-03,20
+5.274000E-03,20
+5.276000E-03,20
+5.278000E-03,20
+5.280000E-03,20
+5.282000E-03,20
+5.284000E-03,20
+5.286000E-03,20
+5.288000E-03,20
+5.290000E-03,20
+5.292000E-03,20
+5.294000E-03,20
+5.296000E-03,20
+5.298000E-03,20
+5.300000E-03,20
+5.302000E-03,20
+5.304000E-03,20
+5.306000E-03,20
+5.308000E-03,20
+5.310000E-03,16
+5.312000E-03,16
+5.314000E-03,16
+5.316000E-03,16
+5.318000E-03,16
+5.320000E-03,16
+5.322000E-03,16
+5.324000E-03,16
+5.326000E-03,16
+5.328000E-03,16
+5.330000E-03,16
+5.332000E-03,16
+5.334000E-03,16
+5.336000E-03,16
+5.338000E-03,16
+5.340000E-03,16
+5.342000E-03,16
+5.344000E-03,16
+5.346000E-03,16
+5.348000E-03,16
+5.350000E-03,16
+5.352000E-03,16
+5.354000E-03,16
+5.356000E-03,16
+5.358000E-03,16
+5.360000E-03,16
+5.362000E-03,16
+5.364000E-03,16
+5.366000E-03,16
+5.368000E-03,16
+5.370000E-03,16
+5.372000E-03,20
+5.374000E-03,20
+5.376000E-03,20
+5.378000E-03,20
+5.380000E-03,20
+5.382000E-03,20
+5.384000E-03,20
+5.386000E-03,20
+5.388000E-03,20
+5.390000E-03,20
+5.392000E-03,20
+5.394000E-03,20
+5.396000E-03,20
+5.398000E-03,20
+5.400000E-03,20
+5.402000E-03,20
+5.404000E-03,20
+5.406000E-03,20
+5.408000E-03,20
+5.410000E-03,20
+5.412000E-03,20
+5.414000E-03,20
+5.416000E-03,20
+5.418000E-03,20
+5.420000E-03,20
+5.422000E-03,20
+5.424000E-03,20
+5.426000E-03,20
+5.428000E-03,16
+5.430000E-03,16
+5.432000E-03,16
+5.434000E-03,16
+5.436000E-03,16
+5.438000E-03,16
+5.440000E-03,16
+5.442000E-03,16
+5.444000E-03,16
+5.446000E-03,16
+5.448000E-03,16
+5.450000E-03,16
+5.452000E-03,16
+5.454000E-03,16
+5.456000E-03,16
+5.458000E-03,16
+5.460000E-03,16
+5.462000E-03,16
+5.464000E-03,16
+5.466000E-03,16
+5.468000E-03,16
+5.470000E-03,16
+5.472000E-03,16
+5.474000E-03,16
+5.476000E-03,16
+5.478000E-03,16
+5.480000E-03,16
+5.482000E-03,16
+5.484000E-03,16
+5.486000E-03,16
+5.488000E-03,16
+5.490000E-03,20
+5.492000E-03,20
+5.494000E-03,20
+5.496000E-03,20
+5.498000E-03,20
+5.500000E-03,20
+5.502000E-03,20
+5.504000E-03,20
+5.506000E-03,20
+5.508000E-03,20
+5.510000E-03,20
+5.512000E-03,20
+5.514000E-03,20
+5.516000E-03,20
+5.518000E-03,20
+5.520000E-03,20
+5.522000E-03,20
+5.524000E-03,20
+5.526000E-03,20
+5.528000E-03,20
+5.530000E-03,20
+5.532000E-03,20
+5.534000E-03,20
+5.536000E-03,20
+5.538000E-03,20
+5.540000E-03,20
+5.542000E-03,20
+5.544000E-03,20
+5.546000E-03,20
+5.548000E-03,20
+5.550000E-03,20
+5.552000E-03,16
+5.554000E-03,16
+5.556000E-03,16
+5.558000E-03,16
+5.560000E-03,16
+5.562000E-03,16
+5.564000E-03,16
+5.566000E-03,16
+5.568000E-03,16
+5.570000E-03,16
+5.572000E-03,16
+5.574000E-03,16
+5.576000E-03,16
+5.578000E-03,16
+5.580000E-03,16
+5.582000E-03,16
+5.584000E-03,16
+5.586000E-03,16
+5.588000E-03,16
+5.590000E-03,16
+5.592000E-03,16
+5.594000E-03,16
+5.596000E-03,16
+5.598000E-03,16
+5.600000E-03,16
+5.602000E-03,16
+5.604000E-03,16
+5.606000E-03,16
+5.608000E-03,16
+5.610000E-03,16
+5.612000E-03,16
+5.614000E-03,20
+5.616000E-03,20
+5.618000E-03,20
+5.620000E-03,20
+5.622000E-03,20
+5.624000E-03,20
+5.626000E-03,20
+5.628000E-03,20
+5.630000E-03,20
+5.632000E-03,20
+5.634000E-03,20
+5.636000E-03,20
+5.638000E-03,20
+5.640000E-03,20
+5.642000E-03,20
+5.644000E-03,20
+5.646000E-03,20
+5.648000E-03,20
+5.650000E-03,20
+5.652000E-03,20
+5.654000E-03,20
+5.656000E-03,20
+5.658000E-03,20
+5.660000E-03,20
+5.662000E-03,20
+5.664000E-03,20
+5.666000E-03,20
+5.668000E-03,20
+5.670000E-03,20
+5.672000E-03,20
+5.674000E-03,16
+5.676000E-03,16
+5.678000E-03,16
+5.680000E-03,16
+5.682000E-03,16
+5.684000E-03,16
+5.686000E-03,16
+5.688000E-03,16
+5.690000E-03,16
+5.692000E-03,16
+5.694000E-03,16
+5.696000E-03,16
+5.698000E-03,16
+5.700000E-03,16
+5.702000E-03,16
+5.704000E-03,16
+5.706000E-03,16
+5.708000E-03,16
+5.710000E-03,16
+5.712000E-03,16
+5.714000E-03,16
+5.716000E-03,16
+5.718000E-03,16
+5.720000E-03,16
+5.722000E-03,16
+5.724000E-03,16
+5.726000E-03,16
+5.728000E-03,16
+5.730000E-03,16
+5.732000E-03,16
+5.734000E-03,20
+5.736000E-03,20
+5.738000E-03,20
+5.740000E-03,20
+5.742000E-03,20
+5.744000E-03,20
+5.746000E-03,20
+5.748000E-03,20
+5.750000E-03,20
+5.752000E-03,20
+5.754000E-03,20
+5.756000E-03,20
+5.758000E-03,20
+5.760000E-03,20
+5.762000E-03,20
+5.764000E-03,20
+5.766000E-03,28
+5.768000E-03,28
+5.770000E-03,28
+5.772000E-03,28
+5.774000E-03,28
+5.776000E-03,28
+5.778000E-03,28
+5.780000E-03,28
+5.782000E-03,28
+5.784000E-03,28
+5.786000E-03,28
+5.788000E-03,28
+5.790000E-03,28
+5.792000E-03,28
+5.794000E-03,28
+5.796000E-03,28
+5.798000E-03,24
+5.800000E-03,24
+5.802000E-03,24
+5.804000E-03,24
+5.806000E-03,24
+5.808000E-03,24
+5.810000E-03,24
+5.812000E-03,24
+5.814000E-03,24
+5.816000E-03,24
+5.818000E-03,24
+5.820000E-03,24
+5.822000E-03,24
+5.824000E-03,24
+5.826000E-03,24
+5.828000E-03,24
+5.830000E-03,24
+5.832000E-03,24
+5.834000E-03,24
+5.836000E-03,24
+5.838000E-03,24
+5.840000E-03,24
+5.842000E-03,24
+5.844000E-03,16
+5.846000E-03,16
+5.848000E-03,16
+5.850000E-03,16
+5.852000E-03,16
+5.854000E-03,16
+5.856000E-03,16
+5.858000E-03,16
+5.860000E-03,20
+5.862000E-03,20
+5.864000E-03,20
+5.866000E-03,20
+5.868000E-03,20
+5.870000E-03,20
+5.872000E-03,20
+5.874000E-03,20
+5.876000E-03,20
+5.878000E-03,20
+5.880000E-03,20
+5.882000E-03,20
+5.884000E-03,20
+5.886000E-03,20
+5.888000E-03,20
+5.890000E-03,20
+5.892000E-03,20
+5.894000E-03,20
+5.896000E-03,20
+5.898000E-03,20
+5.900000E-03,20
+5.902000E-03,20
+5.904000E-03,20
+5.906000E-03,20
+5.908000E-03,20
+5.910000E-03,20
+5.912000E-03,20
+5.914000E-03,20
+5.916000E-03,20
+5.918000E-03,20
+5.920000E-03,16
+5.922000E-03,16
+5.924000E-03,16
+5.926000E-03,16
+5.928000E-03,16
+5.930000E-03,16
+5.932000E-03,16
+5.934000E-03,16
+5.936000E-03,16
+5.938000E-03,16
+5.940000E-03,16
+5.942000E-03,16
+5.944000E-03,16
+5.946000E-03,16
+5.948000E-03,16
+5.950000E-03,16
+5.952000E-03,16
+5.954000E-03,16
+5.956000E-03,16
+5.958000E-03,16
+5.960000E-03,16
+5.962000E-03,16
+5.964000E-03,16
+5.966000E-03,16
+5.968000E-03,16
+5.970000E-03,16
+5.972000E-03,16
+5.974000E-03,16
+5.976000E-03,16
+5.978000E-03,20
+5.980000E-03,20
+5.982000E-03,20
+5.984000E-03,20
+5.986000E-03,20
+5.988000E-03,20
+5.990000E-03,20
+5.992000E-03,20
+5.994000E-03,20
+5.996000E-03,20
+5.998000E-03,20
+6.000000E-03,20
+6.002000E-03,20
+6.004000E-03,20
+6.006000E-03,20
+6.008000E-03,28
+6.010000E-03,28
+6.012000E-03,28
+6.014000E-03,28
+6.016000E-03,28
+6.018000E-03,28
+6.020000E-03,28
+6.022000E-03,28
+6.024000E-03,28
+6.026000E-03,28
+6.028000E-03,28
+6.030000E-03,28
+6.032000E-03,28
+6.034000E-03,28
+6.036000E-03,28
+6.038000E-03,28
+6.040000E-03,24
+6.042000E-03,24
+6.044000E-03,24
+6.046000E-03,24
+6.048000E-03,24
+6.050000E-03,24
+6.052000E-03,24
+6.054000E-03,24
+6.056000E-03,24
+6.058000E-03,24
+6.060000E-03,24
+6.062000E-03,24
+6.064000E-03,24
+6.066000E-03,24
+6.068000E-03,24
+6.070000E-03,24
+6.072000E-03,24
+6.074000E-03,24
+6.076000E-03,24
+6.078000E-03,24
+6.080000E-03,24
+6.082000E-03,24
+6.084000E-03,24
+6.086000E-03,16
+6.088000E-03,16
+6.090000E-03,16
+6.092000E-03,16
+6.094000E-03,16
+6.096000E-03,16
+6.098000E-03,16
+6.100000E-03,16
+6.102000E-03,20
+6.104000E-03,20
+6.106000E-03,20
+6.108000E-03,20
+6.110000E-03,20
+6.112000E-03,20
+6.114000E-03,20
+6.116000E-03,20
+6.118000E-03,20
+6.120000E-03,20
+6.122000E-03,20
+6.124000E-03,20
+6.126000E-03,20
+6.128000E-03,20
+6.130000E-03,20
+6.132000E-03,20
+6.134000E-03,20
+6.136000E-03,20
+6.138000E-03,20
+6.140000E-03,20
+6.142000E-03,20
+6.144000E-03,20
+6.146000E-03,20
+6.148000E-03,20
+6.150000E-03,20
+6.152000E-03,20
+6.154000E-03,20
+6.156000E-03,20
+6.158000E-03,20
+6.160000E-03,20
+6.162000E-03,16
+6.164000E-03,16
+6.166000E-03,16
+6.168000E-03,16
+6.170000E-03,16
+6.172000E-03,16
+6.174000E-03,16
+6.176000E-03,16
+6.178000E-03,16
+6.180000E-03,16
+6.182000E-03,16
+6.184000E-03,16
+6.186000E-03,16
+6.188000E-03,16
+6.190000E-03,16
+6.192000E-03,16
+6.194000E-03,16
+6.196000E-03,16
+6.198000E-03,16
+6.200000E-03,16
+6.202000E-03,16
+6.204000E-03,16
+6.206000E-03,16
+6.208000E-03,16
+6.210000E-03,16
+6.212000E-03,16
+6.214000E-03,16
+6.216000E-03,16
+6.218000E-03,16
+6.220000E-03,16
+6.222000E-03,16
+6.224000E-03,20
+6.226000E-03,20
+6.228000E-03,20
+6.230000E-03,20
+6.232000E-03,20
+6.234000E-03,20
+6.236000E-03,20
+6.238000E-03,20
+6.240000E-03,20
+6.242000E-03,20
+6.244000E-03,20
+6.246000E-03,20
+6.248000E-03,20
+6.250000E-03,20
+6.252000E-03,20
+6.254000E-03,20
+6.256000E-03,20
+6.258000E-03,20
+6.260000E-03,20
+6.262000E-03,20
+6.264000E-03,20
+6.266000E-03,20
+6.268000E-03,20
+6.270000E-03,20
+6.272000E-03,20
+6.274000E-03,20
+6.276000E-03,20
+6.278000E-03,20
+6.280000E-03,20
+6.282000E-03,20
+6.284000E-03,20
+6.286000E-03,16
+6.288000E-03,16
+6.290000E-03,16
+6.292000E-03,16
+6.294000E-03,16
+6.296000E-03,16
+6.298000E-03,16
+6.300000E-03,16
+6.302000E-03,16
+6.304000E-03,16
+6.306000E-03,16
+6.308000E-03,16
+6.310000E-03,16
+6.312000E-03,16
+6.314000E-03,16
+6.316000E-03,16
+6.318000E-03,16
+6.320000E-03,16
+6.322000E-03,16
+6.324000E-03,16
+6.326000E-03,16
+6.328000E-03,16
+6.330000E-03,16
+6.332000E-03,16
+6.334000E-03,16
+6.336000E-03,16
+6.338000E-03,16
+6.340000E-03,16
+6.342000E-03,16
+6.344000E-03,20
+6.346000E-03,20
+6.348000E-03,20
+6.350000E-03,20
+6.352000E-03,20
+6.354000E-03,20
+6.356000E-03,20
+6.358000E-03,20
+6.360000E-03,20
+6.362000E-03,20
+6.364000E-03,20
+6.366000E-03,20
+6.368000E-03,20
+6.370000E-03,20
+6.372000E-03,20
+6.374000E-03,20
+6.376000E-03,20
+6.378000E-03,20
+6.380000E-03,20
+6.382000E-03,20
+6.384000E-03,20
+6.386000E-03,20
+6.388000E-03,20
+6.390000E-03,20
+6.392000E-03,20
+6.394000E-03,20
+6.396000E-03,20
+6.398000E-03,20
+6.400000E-03,20
+6.402000E-03,20
+6.404000E-03,20
+6.406000E-03,16
+6.408000E-03,16
+6.410000E-03,16
+6.412000E-03,16
+6.414000E-03,16
+6.416000E-03,16
+6.418000E-03,16
+6.420000E-03,16
+6.422000E-03,16
+6.424000E-03,16
+6.426000E-03,16
+6.428000E-03,16
+6.430000E-03,16
+6.432000E-03,16
+6.434000E-03,16
+6.436000E-03,16
+6.438000E-03,16
+6.440000E-03,16
+6.442000E-03,16
+6.444000E-03,16
+6.446000E-03,16
+6.448000E-03,16
+6.450000E-03,16
+6.452000E-03,16
+6.454000E-03,16
+6.456000E-03,16
+6.458000E-03,16
+6.460000E-03,16
+6.462000E-03,16
+6.464000E-03,16
+6.466000E-03,20
+6.468000E-03,20
+6.470000E-03,20
+6.472000E-03,20
+6.474000E-03,20
+6.476000E-03,20
+6.478000E-03,20
+6.480000E-03,20
+6.482000E-03,20
+6.484000E-03,20
+6.486000E-03,20
+6.488000E-03,20
+6.490000E-03,20
+6.492000E-03,20
+6.494000E-03,20
+6.496000E-03,20
+6.498000E-03,20
+6.500000E-03,20
+6.502000E-03,20
+6.504000E-03,20
+6.506000E-03,20
+6.508000E-03,20
+6.510000E-03,20
+6.512000E-03,20
+6.514000E-03,20
+6.516000E-03,20
+6.518000E-03,20
+6.520000E-03,20
+6.522000E-03,20
+6.524000E-03,20
+6.526000E-03,20
+6.528000E-03,20
+6.530000E-03,20
+6.532000E-03,20
+6.534000E-03,20
+6.536000E-03,16
+6.538000E-03,16
+6.540000E-03,16
+6.542000E-03,16
+6.544000E-03,16
+6.546000E-03,16
+6.548000E-03,16
+6.550000E-03,16
+6.552000E-03,16
+6.554000E-03,16
+6.556000E-03,16
+6.558000E-03,16
+6.560000E-03,16
+6.562000E-03,16
+6.564000E-03,16
+6.566000E-03,16
+6.568000E-03,16
+6.570000E-03,16
+6.572000E-03,16
+6.574000E-03,16
+6.576000E-03,16
+6.578000E-03,16
+6.580000E-03,16
+6.582000E-03,16
+6.584000E-03,16
+6.586000E-03,16
+6.588000E-03,16
+6.590000E-03,20
+6.592000E-03,20
+6.594000E-03,20
+6.596000E-03,20
+6.598000E-03,20
+6.600000E-03,20
+6.602000E-03,20
+6.604000E-03,20
+6.606000E-03,20
+6.608000E-03,20
+6.610000E-03,20
+6.612000E-03,20
+6.614000E-03,20
+6.616000E-03,20
+6.618000E-03,28
+6.620000E-03,28
+6.622000E-03,28
+6.624000E-03,28
+6.626000E-03,28
+6.628000E-03,28
+6.630000E-03,28
+6.632000E-03,28
+6.634000E-03,28
+6.636000E-03,28
+6.638000E-03,28
+6.640000E-03,28
+6.642000E-03,28
+6.644000E-03,28
+6.646000E-03,28
+6.648000E-03,28
+6.650000E-03,24
+6.652000E-03,24
+6.654000E-03,24
+6.656000E-03,24
+6.658000E-03,24
+6.660000E-03,24
+6.662000E-03,24
+6.664000E-03,24
+6.666000E-03,24
+6.668000E-03,24
+6.670000E-03,24
+6.672000E-03,24
+6.674000E-03,24
+6.676000E-03,24
+6.678000E-03,24
+6.680000E-03,24
+6.682000E-03,24
+6.684000E-03,24
+6.686000E-03,24
+6.688000E-03,24
+6.690000E-03,24
+6.692000E-03,24
+6.694000E-03,24
+6.696000E-03,16
+6.698000E-03,16
+6.700000E-03,16
+6.702000E-03,16
+6.704000E-03,16
+6.706000E-03,16
+6.708000E-03,16
+6.710000E-03,16
+6.712000E-03,20
+6.714000E-03,20
+6.716000E-03,20
+6.718000E-03,20
+6.720000E-03,20
+6.722000E-03,20
+6.724000E-03,20
+6.726000E-03,20
+6.728000E-03,20
+6.730000E-03,20
+6.732000E-03,20
+6.734000E-03,20
+6.736000E-03,20
+6.738000E-03,28
+6.740000E-03,28
+6.742000E-03,28
+6.744000E-03,28
+6.746000E-03,28
+6.748000E-03,28
+6.750000E-03,28
+6.752000E-03,28
+6.754000E-03,28
+6.756000E-03,28
+6.758000E-03,28
+6.760000E-03,28
+6.762000E-03,28
+6.764000E-03,28
+6.766000E-03,28
+6.768000E-03,28
+6.770000E-03,28
+6.772000E-03,28
+6.774000E-03,24
+6.776000E-03,24
+6.778000E-03,24
+6.780000E-03,24
+6.782000E-03,24
+6.784000E-03,24
+6.786000E-03,24
+6.788000E-03,24
+6.790000E-03,24
+6.792000E-03,24
+6.794000E-03,24
+6.796000E-03,24
+6.798000E-03,24
+6.800000E-03,24
+6.802000E-03,24
+6.804000E-03,24
+6.806000E-03,24
+6.808000E-03,24
+6.810000E-03,24
+6.812000E-03,24
+6.814000E-03,24
+6.816000E-03,16
+6.818000E-03,16
+6.820000E-03,16
+6.822000E-03,16
+6.824000E-03,16
+6.826000E-03,16
+6.828000E-03,16
+6.830000E-03,16
+6.832000E-03,20
+6.834000E-03,20
+6.836000E-03,20
+6.838000E-03,20
+6.840000E-03,20
+6.842000E-03,20
+6.844000E-03,20
+6.846000E-03,20
+6.848000E-03,20
+6.850000E-03,20
+6.852000E-03,20
+6.854000E-03,20
+6.856000E-03,20
+6.858000E-03,20
+6.860000E-03,20
+6.862000E-03,20
+6.864000E-03,20
+6.866000E-03,20
+6.868000E-03,20
+6.870000E-03,20
+6.872000E-03,20
+6.874000E-03,20
+6.876000E-03,20
+6.878000E-03,20
+6.880000E-03,20
+6.882000E-03,20
+6.884000E-03,20
+6.886000E-03,20
+6.888000E-03,20
+6.890000E-03,20
+6.892000E-03,16
+6.894000E-03,16
+6.896000E-03,16
+6.898000E-03,16
+6.900000E-03,16
+6.902000E-03,16
+6.904000E-03,16
+6.906000E-03,16
+6.908000E-03,16
+6.910000E-03,16
+6.912000E-03,16
+6.914000E-03,16
+6.916000E-03,16
+6.918000E-03,16
+6.920000E-03,16
+6.922000E-03,16
+6.924000E-03,16
+6.926000E-03,16
+6.928000E-03,16
+6.930000E-03,16
+6.932000E-03,16
+6.934000E-03,16
+6.936000E-03,16
+6.938000E-03,16
+6.940000E-03,16
+6.942000E-03,16
+6.944000E-03,16
+6.946000E-03,16
+6.948000E-03,16
+6.950000E-03,16
+6.952000E-03,16
+6.954000E-03,20
+6.956000E-03,20
+6.958000E-03,20
+6.960000E-03,20
+6.962000E-03,20
+6.964000E-03,20
+6.966000E-03,20
+6.968000E-03,20
+6.970000E-03,20
+6.972000E-03,20
+6.974000E-03,20
+6.976000E-03,20
+6.978000E-03,20
+6.980000E-03,20
+6.982000E-03,20
+6.984000E-03,20
+6.986000E-03,20
+6.988000E-03,20
+6.990000E-03,20
+6.992000E-03,20
+6.994000E-03,20
+6.996000E-03,20
+6.998000E-03,20
+7.000000E-03,20
+7.002000E-03,20
+7.004000E-03,20
+7.006000E-03,20
+7.008000E-03,20
+7.010000E-03,20
+7.012000E-03,20
+7.014000E-03,20
+7.016000E-03,20
+7.018000E-03,16
+7.020000E-03,16
+7.022000E-03,16
+7.024000E-03,16
+7.026000E-03,16
+7.028000E-03,16
+7.030000E-03,16
+7.032000E-03,16
+7.034000E-03,16
+7.036000E-03,16
+7.038000E-03,16
+7.040000E-03,16
+7.042000E-03,16
+7.044000E-03,16
+7.046000E-03,16
+7.048000E-03,16
+7.050000E-03,16
+7.052000E-03,16
+7.054000E-03,16
+7.056000E-03,16
+7.058000E-03,16
+7.060000E-03,16
+7.062000E-03,16
+7.064000E-03,16
+7.066000E-03,16
+7.068000E-03,16
+7.070000E-03,16
+7.072000E-03,16
+7.074000E-03,16
+7.076000E-03,16
+7.078000E-03,20
+7.080000E-03,20
+7.082000E-03,20
+7.084000E-03,20
+7.086000E-03,20
+7.088000E-03,20
+7.090000E-03,20
+7.092000E-03,20
+7.094000E-03,20
+7.096000E-03,20
+7.098000E-03,20
+7.100000E-03,20
+7.102000E-03,20
+7.104000E-03,20
+7.106000E-03,20
+7.108000E-03,20
+7.110000E-03,20
+7.112000E-03,20
+7.114000E-03,20
+7.116000E-03,20
+7.118000E-03,20
+7.120000E-03,20
+7.122000E-03,20
+7.124000E-03,20
+7.126000E-03,20
+7.128000E-03,20
+7.130000E-03,20
+7.132000E-03,20
+7.134000E-03,20
+7.136000E-03,20
+7.138000E-03,16
+7.140000E-03,16
+7.142000E-03,16
+7.144000E-03,16
+7.146000E-03,16
+7.148000E-03,16
+7.150000E-03,16
+7.152000E-03,16
+7.154000E-03,16
+7.156000E-03,16
+7.158000E-03,16
+7.160000E-03,16
+7.162000E-03,16
+7.164000E-03,16
+7.166000E-03,16
+7.168000E-03,16
+7.170000E-03,16
+7.172000E-03,16
+7.174000E-03,16
+7.176000E-03,16
+7.178000E-03,16
+7.180000E-03,16
+7.182000E-03,16
+7.184000E-03,16
+7.186000E-03,16
+7.188000E-03,16
+7.190000E-03,16
+7.192000E-03,16
+7.194000E-03,16
+7.196000E-03,20
+7.198000E-03,20
+7.200000E-03,20
+7.202000E-03,20
+7.204000E-03,20
+7.206000E-03,20
+7.208000E-03,20
+7.210000E-03,20
+7.212000E-03,20
+7.214000E-03,20
+7.216000E-03,20
+7.218000E-03,20
+7.220000E-03,20
+7.222000E-03,20
+7.224000E-03,20
+7.226000E-03,20
+7.228000E-03,20
+7.230000E-03,20
+7.232000E-03,20
+7.234000E-03,20
+7.236000E-03,20
+7.238000E-03,20
+7.240000E-03,20
+7.242000E-03,20
+7.244000E-03,20
+7.246000E-03,20
+7.248000E-03,20
+7.250000E-03,20
+7.252000E-03,20
+7.254000E-03,20
+7.256000E-03,20
+7.258000E-03,20
+7.260000E-03,16
+7.262000E-03,16
+7.264000E-03,16
+7.266000E-03,16
+7.268000E-03,16
+7.270000E-03,16
+7.272000E-03,16
+7.274000E-03,16
+7.276000E-03,16
+7.278000E-03,16
+7.280000E-03,16
+7.282000E-03,16
+7.284000E-03,16
+7.286000E-03,16
+7.288000E-03,16
+7.290000E-03,16
+7.292000E-03,16
+7.294000E-03,16
+7.296000E-03,16
+7.298000E-03,16
+7.300000E-03,16
+7.302000E-03,16
+7.304000E-03,16
+7.306000E-03,16
+7.308000E-03,16
+7.310000E-03,16
+7.312000E-03,16
+7.314000E-03,16
+7.316000E-03,16
+7.318000E-03,16
+7.320000E-03,16
+7.322000E-03,20
+7.324000E-03,20
+7.326000E-03,20
+7.328000E-03,20
+7.330000E-03,20
+7.332000E-03,20
+7.334000E-03,20
+7.336000E-03,20
+7.338000E-03,20
+7.340000E-03,20
+7.342000E-03,20
+7.344000E-03,20
+7.346000E-03,20
+7.348000E-03,20
+7.350000E-03,20
+7.352000E-03,20
+7.354000E-03,20
+7.356000E-03,20
+7.358000E-03,20
+7.360000E-03,20
+7.362000E-03,20
+7.364000E-03,20
+7.366000E-03,20
+7.368000E-03,20
+7.370000E-03,20
+7.372000E-03,20
+7.374000E-03,20
+7.376000E-03,20
+7.378000E-03,20
+7.380000E-03,20
+7.382000E-03,16
+7.384000E-03,16
+7.386000E-03,16
+7.388000E-03,16
+7.390000E-03,16
+7.392000E-03,16
+7.394000E-03,16
+7.396000E-03,16
+7.398000E-03,16
+7.400000E-03,16
+7.402000E-03,16
+7.404000E-03,16
+7.406000E-03,16
+7.408000E-03,16
+7.410000E-03,16
+7.412000E-03,16
+7.414000E-03,16
+7.416000E-03,16
+7.418000E-03,16
+7.420000E-03,16
+7.422000E-03,16
+7.424000E-03,16
+7.426000E-03,16
+7.428000E-03,16
+7.430000E-03,16
+7.432000E-03,16
+7.434000E-03,16
+7.436000E-03,16
+7.438000E-03,16
+7.440000E-03,16
+7.442000E-03,20
+7.444000E-03,20
+7.446000E-03,20
+7.448000E-03,20
+7.450000E-03,20
+7.452000E-03,20
+7.454000E-03,20
+7.456000E-03,20
+7.458000E-03,20
+7.460000E-03,20
+7.462000E-03,20
+7.464000E-03,20
+7.466000E-03,20
+7.468000E-03,20
+7.470000E-03,20
+7.472000E-03,20
+7.474000E-03,20
+7.476000E-03,20
+7.478000E-03,20
+7.480000E-03,20
+7.482000E-03,20
+7.484000E-03,20
+7.486000E-03,20
+7.488000E-03,20
+7.490000E-03,20
+7.492000E-03,20
+7.494000E-03,20
+7.496000E-03,20
+7.498000E-03,20
+7.500000E-03,20
+7.502000E-03,20
+7.504000E-03,20
+7.506000E-03,16
+7.508000E-03,16
+7.510000E-03,16
+7.512000E-03,16
+7.514000E-03,16
+7.516000E-03,16
+7.518000E-03,16
+7.520000E-03,16
+7.522000E-03,16
+7.524000E-03,16
+7.526000E-03,16
+7.528000E-03,16
+7.530000E-03,16
+7.532000E-03,16
+7.534000E-03,16
+7.536000E-03,16
+7.538000E-03,16
+7.540000E-03,16
+7.542000E-03,16
+7.544000E-03,16
+7.546000E-03,16
+7.548000E-03,16
+7.550000E-03,16
+7.552000E-03,16
+7.554000E-03,16
+7.556000E-03,16
+7.558000E-03,16
+7.560000E-03,16
+7.562000E-03,16
+7.564000E-03,16
+7.566000E-03,16
+7.568000E-03,16
+7.570000E-03,20
+7.572000E-03,20
+7.574000E-03,20
+7.576000E-03,20
+7.578000E-03,20
+7.580000E-03,20
+7.582000E-03,20
+7.584000E-03,20
+7.586000E-03,20
+7.588000E-03,20
+7.590000E-03,20
+7.592000E-03,20
+7.594000E-03,20
+7.596000E-03,20
+7.598000E-03,20
+7.600000E-03,20
+7.602000E-03,20
+7.604000E-03,20
+7.606000E-03,20
+7.608000E-03,20
+7.610000E-03,20
+7.612000E-03,20
+7.614000E-03,20
+7.616000E-03,20
+7.618000E-03,20
+7.620000E-03,20
+7.622000E-03,20
+7.624000E-03,20
+7.626000E-03,20
+7.628000E-03,16
+7.630000E-03,16
+7.632000E-03,16
+7.634000E-03,16
+7.636000E-03,16
+7.638000E-03,16
+7.640000E-03,16
+7.642000E-03,16
+7.644000E-03,16
+7.646000E-03,16
+7.648000E-03,16
+7.650000E-03,16
+7.652000E-03,16
+7.654000E-03,16
+7.656000E-03,16
+7.658000E-03,16
+7.660000E-03,16
+7.662000E-03,16
+7.664000E-03,16
+7.666000E-03,16
+7.668000E-03,16
+7.670000E-03,16
+7.672000E-03,16
+7.674000E-03,16
+7.676000E-03,16
+7.678000E-03,16
+7.680000E-03,16
+7.682000E-03,16
+7.684000E-03,16
+7.686000E-03,20
+7.688000E-03,20
+7.690000E-03,20
+7.692000E-03,20
+7.694000E-03,20
+7.696000E-03,20
+7.698000E-03,20
+7.700000E-03,20
+7.702000E-03,20
+7.704000E-03,20
+7.706000E-03,20
+7.708000E-03,20
+7.710000E-03,20
+7.712000E-03,20
+7.714000E-03,20
+7.716000E-03,20
+7.718000E-03,20
+7.720000E-03,20
+7.722000E-03,20
+7.724000E-03,20
+7.726000E-03,20
+7.728000E-03,20
+7.730000E-03,20
+7.732000E-03,20
+7.734000E-03,20
+7.736000E-03,20
+7.738000E-03,20
+7.740000E-03,20
+7.742000E-03,20
+7.744000E-03,20
+7.746000E-03,20
+7.748000E-03,20
+7.750000E-03,16
+7.752000E-03,16
+7.754000E-03,16
+7.756000E-03,16
+7.758000E-03,16
+7.760000E-03,16
+7.762000E-03,16
+7.764000E-03,16
+7.766000E-03,16
+7.768000E-03,16
+7.770000E-03,16
+7.772000E-03,16
+7.774000E-03,16
+7.776000E-03,16
+7.778000E-03,16
+7.780000E-03,16
+7.782000E-03,16
+7.784000E-03,16
+7.786000E-03,16
+7.788000E-03,16
+7.790000E-03,16
+7.792000E-03,16
+7.794000E-03,16
+7.796000E-03,16
+7.798000E-03,16
+7.800000E-03,16
+7.802000E-03,16
+7.804000E-03,16
+7.806000E-03,16
+7.808000E-03,16
+7.810000E-03,20
+7.812000E-03,20
+7.814000E-03,20
+7.816000E-03,20
+7.818000E-03,20
+7.820000E-03,20
+7.822000E-03,20
+7.824000E-03,20
+7.826000E-03,20
+7.828000E-03,20
+7.830000E-03,20
+7.832000E-03,20
+7.834000E-03,20
+7.836000E-03,20
+7.838000E-03,20
+7.840000E-03,20
+7.842000E-03,20
+7.844000E-03,20
+7.846000E-03,20
+7.848000E-03,20
+7.850000E-03,20
+7.852000E-03,20
+7.854000E-03,20
+7.856000E-03,20
+7.858000E-03,20
+7.860000E-03,20
+7.862000E-03,20
+7.864000E-03,20
+7.866000E-03,20
+7.868000E-03,20
+7.870000E-03,16
+7.872000E-03,16
+7.874000E-03,16
+7.876000E-03,16
+7.878000E-03,16
+7.880000E-03,16
+7.882000E-03,16
+7.884000E-03,16
+7.886000E-03,16
+7.888000E-03,16
+7.890000E-03,16
+7.892000E-03,16
+7.894000E-03,16
+7.896000E-03,16
+7.898000E-03,16
+7.900000E-03,16
+7.902000E-03,16
+7.904000E-03,16
+7.906000E-03,16
+7.908000E-03,16
+7.910000E-03,16
+7.912000E-03,16
+7.914000E-03,16
+7.916000E-03,16
+7.918000E-03,16
+7.920000E-03,16
+7.922000E-03,16
+7.924000E-03,16
+7.926000E-03,16
+7.928000E-03,16
+7.930000E-03,16
+7.932000E-03,20
+7.934000E-03,20
+7.936000E-03,20
+7.938000E-03,20
+7.940000E-03,20
+7.942000E-03,20
+7.944000E-03,20
+7.946000E-03,20
+7.948000E-03,20
+7.950000E-03,20
+7.952000E-03,20
+7.954000E-03,20
+7.956000E-03,20
+7.958000E-03,20
+7.960000E-03,20
+7.962000E-03,20
+7.964000E-03,20
+7.966000E-03,20
+7.968000E-03,20
+7.970000E-03,20
+7.972000E-03,20
+7.974000E-03,20
+7.976000E-03,20
+7.978000E-03,20
+7.980000E-03,20
+7.982000E-03,20
+7.984000E-03,20
+7.986000E-03,20
+7.988000E-03,20
+7.990000E-03,20
+7.992000E-03,20
+7.994000E-03,20
+7.996000E-03,16
+7.998000E-03,16
+8.000000E-03,16
+8.002000E-03,16
+8.004000E-03,16
+8.006000E-03,16
+8.008000E-03,16
+8.010000E-03,16
+8.012000E-03,16
+8.014000E-03,16
+8.016000E-03,16
+8.018000E-03,16
+8.020000E-03,16
+8.022000E-03,16
+8.024000E-03,16
+8.026000E-03,16
+8.028000E-03,16
+8.030000E-03,16
+8.032000E-03,16
+8.034000E-03,16
+8.036000E-03,16
+8.038000E-03,16
+8.040000E-03,16
+8.042000E-03,16
+8.044000E-03,16
+8.046000E-03,16
+8.048000E-03,16
+8.050000E-03,16
+8.052000E-03,16
+8.054000E-03,20
+8.056000E-03,20
+8.058000E-03,20
+8.060000E-03,20
+8.062000E-03,20
+8.064000E-03,20
+8.066000E-03,20
+8.068000E-03,20
+8.070000E-03,20
+8.072000E-03,20
+8.074000E-03,20
+8.076000E-03,20
+8.078000E-03,20
+8.080000E-03,20
+8.082000E-03,20
+8.084000E-03,20
+8.086000E-03,20
+8.088000E-03,20
+8.090000E-03,20
+8.092000E-03,20
+8.094000E-03,20
+8.096000E-03,20
+8.098000E-03,20
+8.100000E-03,20
+8.102000E-03,20
+8.104000E-03,20
+8.106000E-03,20
+8.108000E-03,20
+8.110000E-03,20
+8.112000E-03,20
+8.114000E-03,16
+8.116000E-03,16
+8.118000E-03,16
+8.120000E-03,16
+8.122000E-03,16
+8.124000E-03,16
+8.126000E-03,16
+8.128000E-03,16
+8.130000E-03,16
+8.132000E-03,16
+8.134000E-03,16
+8.136000E-03,16
+8.138000E-03,16
+8.140000E-03,16
+8.142000E-03,16
+8.144000E-03,16
+8.146000E-03,16
+8.148000E-03,16
+8.150000E-03,16
+8.152000E-03,16
+8.154000E-03,16
+8.156000E-03,16
+8.158000E-03,16
+8.160000E-03,16
+8.162000E-03,16
+8.164000E-03,16
+8.166000E-03,16
+8.168000E-03,16
+8.170000E-03,16
+8.172000E-03,16
+8.174000E-03,20
+8.176000E-03,20
+8.178000E-03,20
+8.180000E-03,20
+8.182000E-03,20
+8.184000E-03,20
+8.186000E-03,20
+8.188000E-03,20
+8.190000E-03,20
+8.192000E-03,20
+8.194000E-03,20
+8.196000E-03,20
+8.198000E-03,20
+8.200000E-03,20
+8.202000E-03,20
+8.204000E-03,20
+8.206000E-03,20
+8.208000E-03,20
+8.210000E-03,20
+8.212000E-03,20
+8.214000E-03,20
+8.216000E-03,20
+8.218000E-03,20
+8.220000E-03,20
+8.222000E-03,20
+8.224000E-03,20
+8.226000E-03,20
+8.228000E-03,20
+8.230000E-03,20
+8.232000E-03,20
+8.234000E-03,20
+8.236000E-03,20
+8.238000E-03,16
+8.240000E-03,16
+8.242000E-03,16
+8.244000E-03,16
+8.246000E-03,16
+8.248000E-03,16
+8.250000E-03,16
+8.252000E-03,16
+8.254000E-03,16
+8.256000E-03,16
+8.258000E-03,16
+8.260000E-03,16
+8.262000E-03,16
+8.264000E-03,16
+8.266000E-03,16
+8.268000E-03,16
+8.270000E-03,16
+8.272000E-03,16
+8.274000E-03,16
+8.276000E-03,16
+8.278000E-03,16
+8.280000E-03,16
+8.282000E-03,16
+8.284000E-03,16
+8.286000E-03,16
+8.288000E-03,16
+8.290000E-03,16
+8.292000E-03,16
+8.294000E-03,16
+8.296000E-03,16
+8.298000E-03,16
+8.300000E-03,20
+8.302000E-03,20
+8.304000E-03,20
+8.306000E-03,20
+8.308000E-03,20
+8.310000E-03,20
+8.312000E-03,20
+8.314000E-03,20
+8.316000E-03,20
+8.318000E-03,20
+8.320000E-03,20
+8.322000E-03,20
+8.324000E-03,20
+8.326000E-03,20
+8.328000E-03,20
+8.330000E-03,20
+8.332000E-03,20
+8.334000E-03,20
+8.336000E-03,20
+8.338000E-03,20
+8.340000E-03,20
+8.342000E-03,20
+8.344000E-03,20
+8.346000E-03,20
+8.348000E-03,20
+8.350000E-03,20
+8.352000E-03,20
+8.354000E-03,20
+8.356000E-03,20
+8.358000E-03,20
+8.360000E-03,16
+8.362000E-03,16
+8.364000E-03,16
+8.366000E-03,16
+8.368000E-03,16
+8.370000E-03,16
+8.372000E-03,16
+8.374000E-03,16
+8.376000E-03,16
+8.378000E-03,16
+8.380000E-03,16
+8.382000E-03,16
+8.384000E-03,16
+8.386000E-03,16
+8.388000E-03,16
+8.390000E-03,16
+8.392000E-03,16
+8.394000E-03,16
+8.396000E-03,16
+8.398000E-03,16
+8.400000E-03,16
+8.402000E-03,16
+8.404000E-03,16
+8.406000E-03,16
+8.408000E-03,16
+8.410000E-03,16
+8.412000E-03,16
+8.414000E-03,16
+8.416000E-03,16
+8.418000E-03,20
+8.420000E-03,20
+8.422000E-03,20
+8.424000E-03,20
+8.426000E-03,20
+8.428000E-03,20
+8.430000E-03,20
+8.432000E-03,20
+8.434000E-03,20
+8.436000E-03,20
+8.438000E-03,20
+8.440000E-03,20
+8.442000E-03,20
+8.444000E-03,20
+8.446000E-03,20
+8.448000E-03,20
+8.450000E-03,20
+8.452000E-03,20
+8.454000E-03,20
+8.456000E-03,20
+8.458000E-03,20
+8.460000E-03,20
+8.462000E-03,20
+8.464000E-03,20
+8.466000E-03,20
+8.468000E-03,20
+8.470000E-03,20
+8.472000E-03,20
+8.474000E-03,20
+8.476000E-03,20
+8.478000E-03,20
+8.480000E-03,20
+8.482000E-03,16
+8.484000E-03,16
+8.486000E-03,16
+8.488000E-03,16
+8.490000E-03,16
+8.492000E-03,16
+8.494000E-03,16
+8.496000E-03,16
+8.498000E-03,16
+8.500000E-03,16
+8.502000E-03,16
+8.504000E-03,16
+8.506000E-03,16
+8.508000E-03,16
+8.510000E-03,16
+8.512000E-03,16
+8.514000E-03,16
+8.516000E-03,16
+8.518000E-03,16
+8.520000E-03,16
+8.522000E-03,16
+8.524000E-03,16
+8.526000E-03,16
+8.528000E-03,16
+8.530000E-03,16
+8.532000E-03,16
+8.534000E-03,16
+8.536000E-03,16
+8.538000E-03,16
+8.540000E-03,16
+8.542000E-03,20
+8.544000E-03,20
+8.546000E-03,20
+8.548000E-03,20
+8.550000E-03,20
+8.552000E-03,20
+8.554000E-03,20
+8.556000E-03,20
+8.558000E-03,20
+8.560000E-03,20
+8.562000E-03,20
+8.564000E-03,20
+8.566000E-03,20
+8.568000E-03,20
+8.570000E-03,20
+8.572000E-03,20
+8.574000E-03,20
+8.576000E-03,20
+8.578000E-03,20
+8.580000E-03,20
+8.582000E-03,20
+8.584000E-03,20
+8.586000E-03,20
+8.588000E-03,20
+8.590000E-03,20
+8.592000E-03,20
+8.594000E-03,20
+8.596000E-03,20
+8.598000E-03,20
+8.600000E-03,20
+8.602000E-03,16
+8.604000E-03,16
+8.606000E-03,16
+8.608000E-03,16
+8.610000E-03,16
+8.612000E-03,16
+8.614000E-03,16
+8.616000E-03,16
+8.618000E-03,16
+8.620000E-03,16
+8.622000E-03,16
+8.624000E-03,16
+8.626000E-03,16
+8.628000E-03,16
+8.630000E-03,16
+8.632000E-03,16
+8.634000E-03,16
+8.636000E-03,16
+8.638000E-03,16
+8.640000E-03,16
+8.642000E-03,16
+8.644000E-03,16
+8.646000E-03,16
+8.648000E-03,16
+8.650000E-03,16
+8.652000E-03,16
+8.654000E-03,16
+8.656000E-03,16
+8.658000E-03,16
+8.660000E-03,16
+8.662000E-03,20
+8.664000E-03,20
+8.666000E-03,20
+8.668000E-03,20
+8.670000E-03,20
+8.672000E-03,20
+8.674000E-03,20
+8.676000E-03,20
+8.678000E-03,20
+8.680000E-03,20
+8.682000E-03,20
+8.684000E-03,20
+8.686000E-03,20
+8.688000E-03,20
+8.690000E-03,20
+8.692000E-03,20
+8.694000E-03,20
+8.696000E-03,20
+8.698000E-03,20
+8.700000E-03,20
+8.702000E-03,20
+8.704000E-03,20
+8.706000E-03,20
+8.708000E-03,20
+8.710000E-03,20
+8.712000E-03,20
+8.714000E-03,20
+8.716000E-03,20
+8.718000E-03,20
+8.720000E-03,20
+8.722000E-03,20
+8.724000E-03,20
+8.726000E-03,16
+8.728000E-03,16
+8.730000E-03,16
+8.732000E-03,16
+8.734000E-03,16
+8.736000E-03,16
+8.738000E-03,16
+8.740000E-03,16
+8.742000E-03,16
+8.744000E-03,16
+8.746000E-03,16
+8.748000E-03,16
+8.750000E-03,16
+8.752000E-03,16
+8.754000E-03,16
+8.756000E-03,16
+8.758000E-03,16
+8.760000E-03,16
+8.762000E-03,16
+8.764000E-03,16
+8.766000E-03,16
+8.768000E-03,16
+8.770000E-03,16
+8.772000E-03,16
+8.774000E-03,16
+8.776000E-03,16
+8.778000E-03,16
+8.780000E-03,16
+8.782000E-03,16
+8.784000E-03,16
+8.786000E-03,16
+8.788000E-03,20
+8.790000E-03,20
+8.792000E-03,20
+8.794000E-03,20
+8.796000E-03,20
+8.798000E-03,20
+8.800000E-03,20
+8.802000E-03,20
+8.804000E-03,20
+8.806000E-03,20
+8.808000E-03,20
+8.810000E-03,20
+8.812000E-03,20
+8.814000E-03,20
+8.816000E-03,20
+8.818000E-03,20
+8.820000E-03,20
+8.822000E-03,20
+8.824000E-03,20
+8.826000E-03,20
+8.828000E-03,20
+8.830000E-03,20
+8.832000E-03,20
+8.834000E-03,20
+8.836000E-03,20
+8.838000E-03,20
+8.840000E-03,20
+8.842000E-03,20
+8.844000E-03,16
+8.846000E-03,16
+8.848000E-03,16
+8.850000E-03,16
+8.852000E-03,16
+8.854000E-03,16
+8.856000E-03,16
+8.858000E-03,16
+8.860000E-03,16
+8.862000E-03,16
+8.864000E-03,16
+8.866000E-03,16
+8.868000E-03,16
+8.870000E-03,16
+8.872000E-03,16
+8.874000E-03,16
+8.876000E-03,16
+8.878000E-03,16
+8.880000E-03,16
+8.882000E-03,16
+8.884000E-03,16
+8.886000E-03,16
+8.888000E-03,16
+8.890000E-03,16
+8.892000E-03,16
+8.894000E-03,16
+8.896000E-03,16
+8.898000E-03,16
+8.900000E-03,16
+8.902000E-03,16
+8.904000E-03,16
+8.906000E-03,20
+8.908000E-03,20
+8.910000E-03,20
+8.912000E-03,20
+8.914000E-03,20
+8.916000E-03,20
+8.918000E-03,20
+8.920000E-03,20
+8.922000E-03,20
+8.924000E-03,20
+8.926000E-03,20
+8.928000E-03,20
+8.930000E-03,20
+8.932000E-03,20
+8.934000E-03,20
+8.936000E-03,20
+8.938000E-03,20
+8.940000E-03,20
+8.942000E-03,20
+8.944000E-03,20
+8.946000E-03,20
+8.948000E-03,20
+8.950000E-03,20
+8.952000E-03,20
+8.954000E-03,20
+8.956000E-03,20
+8.958000E-03,20
+8.960000E-03,20
+8.962000E-03,20
+8.964000E-03,20
+8.966000E-03,20
+8.968000E-03,20
+8.970000E-03,16
+8.972000E-03,16
+8.974000E-03,16
+8.976000E-03,16
+8.978000E-03,16
+8.980000E-03,16
+8.982000E-03,16
+8.984000E-03,16
+8.986000E-03,16
+8.988000E-03,16
+8.990000E-03,16
+8.992000E-03,16
+8.994000E-03,16
+8.996000E-03,16
+8.998000E-03,16
+9.000000E-03,16
+9.002000E-03,16
+9.004000E-03,16
+9.006000E-03,16
+9.008000E-03,16
+9.010000E-03,16
+9.012000E-03,16
+9.014000E-03,16
+9.016000E-03,16
+9.018000E-03,16
+9.020000E-03,16
+9.022000E-03,16
+9.024000E-03,16
+9.026000E-03,16
+9.028000E-03,16
+9.030000E-03,20
+9.032000E-03,20
+9.034000E-03,20
+9.036000E-03,20
+9.038000E-03,20
+9.040000E-03,20
+9.042000E-03,20
+9.044000E-03,20
+9.046000E-03,20
+9.048000E-03,20
+9.050000E-03,20
+9.052000E-03,20
+9.054000E-03,20
+9.056000E-03,20
+9.058000E-03,20
+9.060000E-03,20
+9.062000E-03,20
+9.064000E-03,20
+9.066000E-03,20
+9.068000E-03,20
+9.070000E-03,20
+9.072000E-03,20
+9.074000E-03,20
+9.076000E-03,20
+9.078000E-03,20
+9.080000E-03,20
+9.082000E-03,20
+9.084000E-03,20
+9.086000E-03,20
+9.088000E-03,20
+9.090000E-03,16
+9.092000E-03,16
+9.094000E-03,16
+9.096000E-03,16
+9.098000E-03,16
+9.100000E-03,16
+9.102000E-03,16
+9.104000E-03,16
+9.106000E-03,16
+9.108000E-03,16
+9.110000E-03,16
+9.112000E-03,16
+9.114000E-03,16
+9.116000E-03,16
+9.118000E-03,16
+9.120000E-03,16
+9.122000E-03,16
+9.124000E-03,16
+9.126000E-03,16
+9.128000E-03,16
+9.130000E-03,16
+9.132000E-03,16
+9.134000E-03,16
+9.136000E-03,16
+9.138000E-03,16
+9.140000E-03,16
+9.142000E-03,16
+9.144000E-03,16
+9.146000E-03,16
+9.148000E-03,20
+9.150000E-03,20
+9.152000E-03,20
+9.154000E-03,20
+9.156000E-03,20
+9.158000E-03,20
+9.160000E-03,20
+9.162000E-03,20
+9.164000E-03,20
+9.166000E-03,20
+9.168000E-03,20
+9.170000E-03,20
+9.172000E-03,20
+9.174000E-03,20
+9.176000E-03,20
+9.178000E-03,20
+9.180000E-03,20
+9.182000E-03,20
+9.184000E-03,20
+9.186000E-03,20
+9.188000E-03,20
+9.190000E-03,20
+9.192000E-03,20
+9.194000E-03,20
+9.196000E-03,20
+9.198000E-03,20
+9.200000E-03,20
+9.202000E-03,20
+9.204000E-03,20
+9.206000E-03,20
+9.208000E-03,20
+9.210000E-03,20
+9.212000E-03,20
+9.214000E-03,20
+9.216000E-03,16
+9.218000E-03,16
+9.220000E-03,16
+9.222000E-03,16
+9.224000E-03,16
+9.226000E-03,16
+9.228000E-03,16
+9.230000E-03,16
+9.232000E-03,16
+9.234000E-03,16
+9.236000E-03,16
+9.238000E-03,16
+9.240000E-03,16
+9.242000E-03,16
+9.244000E-03,16
+9.246000E-03,16
+9.248000E-03,16
+9.250000E-03,16
+9.252000E-03,16
+9.254000E-03,16
+9.256000E-03,16
+9.258000E-03,16
+9.260000E-03,16
+9.262000E-03,16
+9.264000E-03,16
+9.266000E-03,16
+9.268000E-03,16
+9.270000E-03,16
+9.272000E-03,16
+9.274000E-03,20
+9.276000E-03,20
+9.278000E-03,20
+9.280000E-03,20
+9.282000E-03,20
+9.284000E-03,20
+9.286000E-03,20
+9.288000E-03,20
+9.290000E-03,20
+9.292000E-03,20
+9.294000E-03,20
+9.296000E-03,20
+9.298000E-03,20
+9.300000E-03,20
+9.302000E-03,20
+9.304000E-03,20
+9.306000E-03,20
+9.308000E-03,20
+9.310000E-03,20
+9.312000E-03,20
+9.314000E-03,20
+9.316000E-03,20
+9.318000E-03,20
+9.320000E-03,20
+9.322000E-03,20
+9.324000E-03,20
+9.326000E-03,20
+9.328000E-03,20
+9.330000E-03,20
+9.332000E-03,20
+9.334000E-03,16
+9.336000E-03,16
+9.338000E-03,16
+9.340000E-03,16
+9.342000E-03,16
+9.344000E-03,16
+9.346000E-03,16
+9.348000E-03,16
+9.350000E-03,16
+9.352000E-03,16
+9.354000E-03,16
+9.356000E-03,16
+9.358000E-03,16
+9.360000E-03,16
+9.362000E-03,16
+9.364000E-03,16
+9.366000E-03,16
+9.368000E-03,16
+9.370000E-03,16
+9.372000E-03,16
+9.374000E-03,16
+9.376000E-03,16
+9.378000E-03,16
+9.380000E-03,16
+9.382000E-03,16
+9.384000E-03,16
+9.386000E-03,16
+9.388000E-03,16
+9.390000E-03,16
+9.392000E-03,16
+9.394000E-03,20
+9.396000E-03,20
+9.398000E-03,20
+9.400000E-03,20
+9.402000E-03,20
+9.404000E-03,20
+9.406000E-03,20
+9.408000E-03,20
+9.410000E-03,20
+9.412000E-03,20
+9.414000E-03,20
+9.416000E-03,20
+9.418000E-03,20
+9.420000E-03,20
+9.422000E-03,20
+9.424000E-03,20
+9.426000E-03,20
+9.428000E-03,20
+9.430000E-03,20
+9.432000E-03,20
+9.434000E-03,20
+9.436000E-03,20
+9.438000E-03,20
+9.440000E-03,20
+9.442000E-03,20
+9.444000E-03,20
+9.446000E-03,20
+9.448000E-03,20
+9.450000E-03,20
+9.452000E-03,20
+9.454000E-03,20
+9.456000E-03,20
+9.458000E-03,16
+9.460000E-03,16
+9.462000E-03,16
+9.464000E-03,16
+9.466000E-03,16
+9.468000E-03,16
+9.470000E-03,16
+9.472000E-03,16
+9.474000E-03,16
+9.476000E-03,16
+9.478000E-03,16
+9.480000E-03,16
+9.482000E-03,16
+9.484000E-03,16
+9.486000E-03,16
+9.488000E-03,16
+9.490000E-03,16
+9.492000E-03,16
+9.494000E-03,16
+9.496000E-03,16
+9.498000E-03,16
+9.500000E-03,16
+9.502000E-03,16
+9.504000E-03,16
+9.506000E-03,16
+9.508000E-03,16
+9.510000E-03,16
+9.512000E-03,16
+9.514000E-03,16
+9.516000E-03,16
+9.518000E-03,16
+9.520000E-03,20
+9.522000E-03,20
+9.524000E-03,20
+9.526000E-03,20
+9.528000E-03,20
+9.530000E-03,20
+9.532000E-03,20
+9.534000E-03,20
+9.536000E-03,20
+9.538000E-03,20
+9.540000E-03,20
+9.542000E-03,20
+9.544000E-03,28
+9.546000E-03,28
+9.548000E-03,28
+9.550000E-03,28
+9.552000E-03,28
+9.554000E-03,28
+9.556000E-03,28
+9.558000E-03,28
+9.560000E-03,28
+9.562000E-03,28
+9.564000E-03,28
+9.566000E-03,28
+9.568000E-03,28
+9.570000E-03,28
+9.572000E-03,28
+9.574000E-03,28
+9.576000E-03,28
+9.578000E-03,28
+9.580000E-03,24
+9.582000E-03,24
+9.584000E-03,24
+9.586000E-03,24
+9.588000E-03,24
+9.590000E-03,24
+9.592000E-03,24
+9.594000E-03,24
+9.596000E-03,24
+9.598000E-03,24
+9.600000E-03,24
+9.602000E-03,24
+9.604000E-03,24
+9.606000E-03,24
+9.608000E-03,24
+9.610000E-03,24
+9.612000E-03,24
+9.614000E-03,24
+9.616000E-03,24
+9.618000E-03,24
+9.620000E-03,24
+9.622000E-03,24
+9.624000E-03,16
+9.626000E-03,16
+9.628000E-03,16
+9.630000E-03,16
+9.632000E-03,16
+9.634000E-03,16
+9.636000E-03,16
+9.638000E-03,16
+9.640000E-03,20
+9.642000E-03,20
+9.644000E-03,20
+9.646000E-03,20
+9.648000E-03,20
+9.650000E-03,20
+9.652000E-03,20
+9.654000E-03,20
+9.656000E-03,20
+9.658000E-03,20
+9.660000E-03,20
+9.662000E-03,20
+9.664000E-03,20
+9.666000E-03,20
+9.668000E-03,20
+9.670000E-03,20
+9.672000E-03,20
+9.674000E-03,20
+9.676000E-03,20
+9.678000E-03,20
+9.680000E-03,20
+9.682000E-03,20
+9.684000E-03,20
+9.686000E-03,20
+9.688000E-03,20
+9.690000E-03,20
+9.692000E-03,20
+9.694000E-03,20
+9.696000E-03,20
+9.698000E-03,20
+9.700000E-03,20
+9.702000E-03,20
+9.704000E-03,16
+9.706000E-03,16
+9.708000E-03,16
+9.710000E-03,16
+9.712000E-03,16
+9.714000E-03,16
+9.716000E-03,16
+9.718000E-03,16
+9.720000E-03,16
+9.722000E-03,16
+9.724000E-03,16
+9.726000E-03,16
+9.728000E-03,16
+9.730000E-03,16
+9.732000E-03,16
+9.734000E-03,16
+9.736000E-03,16
+9.738000E-03,16
+9.740000E-03,16
+9.742000E-03,16
+9.744000E-03,16
+9.746000E-03,16
+9.748000E-03,16
+9.750000E-03,16
+9.752000E-03,16
+9.754000E-03,16
+9.756000E-03,16
+9.758000E-03,16
+9.760000E-03,16
+9.762000E-03,20
+9.764000E-03,20
+9.766000E-03,20
+9.768000E-03,20
+9.770000E-03,20
+9.772000E-03,20
+9.774000E-03,20
+9.776000E-03,20
+9.778000E-03,20
+9.780000E-03,20
+9.782000E-03,20
+9.784000E-03,20
+9.786000E-03,20
+9.788000E-03,20
+9.790000E-03,20
+9.792000E-03,20
+9.794000E-03,20
+9.796000E-03,20
+9.798000E-03,20
+9.800000E-03,20
+9.802000E-03,20
+9.804000E-03,20
+9.806000E-03,20
+9.808000E-03,20
+9.810000E-03,20
+9.812000E-03,20
+9.814000E-03,20
+9.816000E-03,20
+9.818000E-03,20
+9.820000E-03,20
+9.822000E-03,16
+9.824000E-03,16
+9.826000E-03,16
+9.828000E-03,16
+9.830000E-03,16
+9.832000E-03,16
+9.834000E-03,16
+9.836000E-03,16
+9.838000E-03,16
+9.840000E-03,16
+9.842000E-03,16
+9.844000E-03,16
+9.846000E-03,16
+9.848000E-03,16
+9.850000E-03,16
+9.852000E-03,16
+9.854000E-03,16
+9.856000E-03,16
+9.858000E-03,16
+9.860000E-03,16
+9.862000E-03,16
+9.864000E-03,16
+9.866000E-03,16
+9.868000E-03,16
+9.870000E-03,16
+9.872000E-03,16
+9.874000E-03,16
+9.876000E-03,16
+9.878000E-03,16
+9.880000E-03,16
+9.882000E-03,20
+9.884000E-03,20
+9.886000E-03,20
+9.888000E-03,20
+9.890000E-03,20
+9.892000E-03,20
+9.894000E-03,20
+9.896000E-03,20
+9.898000E-03,20
+9.900000E-03,20
+9.902000E-03,20
+9.904000E-03,20
+9.906000E-03,20
+9.908000E-03,20
+9.910000E-03,20
+9.912000E-03,20
+9.914000E-03,20
+9.916000E-03,20
+9.918000E-03,20
+9.920000E-03,20
+9.922000E-03,20
+9.924000E-03,20
+9.926000E-03,20
+9.928000E-03,20
+9.930000E-03,20
+9.932000E-03,20
+9.934000E-03,20
+9.936000E-03,20
+9.938000E-03,20
+9.940000E-03,20
+9.942000E-03,20
+9.944000E-03,20
+9.946000E-03,16
+9.948000E-03,16
+9.950000E-03,16
+9.952000E-03,16
+9.954000E-03,16
+9.956000E-03,16
+9.958000E-03,16
+9.960000E-03,16
+9.962000E-03,16
+9.964000E-03,16
+9.966000E-03,16
+9.968000E-03,16
+9.970000E-03,16
+9.972000E-03,16
+9.974000E-03,16
+9.976000E-03,16
+9.978000E-03,16
+9.980000E-03,16
+9.982000E-03,16
+9.984000E-03,16
+9.986000E-03,16
+9.988000E-03,16
+9.990000E-03,16
+9.992000E-03,16
+9.994000E-03,16
+9.996000E-03,16
+9.998000E-03,16
+10.000000E-03,16
+10.002000E-03,16
+10.004000E-03,16
+10.006000E-03,16
+10.008000E-03,20
+10.010000E-03,20
+10.012000E-03,20
+10.014000E-03,20
+10.016000E-03,20
+10.018000E-03,20
+10.020000E-03,20
+10.022000E-03,20
+10.024000E-03,20
+10.026000E-03,20
+10.028000E-03,20
+10.030000E-03,20
+10.032000E-03,20
+10.034000E-03,20
+10.036000E-03,20
+10.038000E-03,20
+10.040000E-03,20
+10.042000E-03,20
+10.044000E-03,20
+10.046000E-03,20
+10.048000E-03,20
+10.050000E-03,20
+10.052000E-03,20
+10.054000E-03,20
+10.056000E-03,20
+10.058000E-03,20
+10.060000E-03,20
+10.062000E-03,20
+10.064000E-03,16
+10.066000E-03,16
+10.068000E-03,16
+10.070000E-03,16
+10.072000E-03,16
+10.074000E-03,16
+10.076000E-03,16
+10.078000E-03,16
+10.080000E-03,16
+10.082000E-03,16
+10.084000E-03,16
+10.086000E-03,16
+10.088000E-03,16
+10.090000E-03,16
+10.092000E-03,16
+10.094000E-03,16
+10.096000E-03,16
+10.098000E-03,16
+10.100000E-03,16
+10.102000E-03,16
+10.104000E-03,16
+10.106000E-03,16
+10.108000E-03,16
+10.110000E-03,16
+10.112000E-03,16
+10.114000E-03,16
+10.116000E-03,16
+10.118000E-03,16
+10.120000E-03,16
+10.122000E-03,16
+10.124000E-03,16
+10.126000E-03,20
+10.128000E-03,20
+10.130000E-03,20
+10.132000E-03,20
+10.134000E-03,20
+10.136000E-03,20
+10.138000E-03,20
+10.140000E-03,20
+10.142000E-03,20
+10.144000E-03,20
+10.146000E-03,20
+10.148000E-03,20
+10.150000E-03,20
+10.152000E-03,20
+10.154000E-03,20
+10.156000E-03,20
+10.158000E-03,20
+10.160000E-03,20
+10.162000E-03,20
+10.164000E-03,20
+10.166000E-03,20
+10.168000E-03,20
+10.170000E-03,20
+10.172000E-03,20
+10.174000E-03,20
+10.176000E-03,20
+10.178000E-03,20
+10.180000E-03,20
+10.182000E-03,20
+10.184000E-03,20
+10.186000E-03,20
+10.188000E-03,20
+10.190000E-03,16
+10.192000E-03,16
+10.194000E-03,16
+10.196000E-03,16
+10.198000E-03,16
+10.200000E-03,16
+10.202000E-03,16
+10.204000E-03,16
+10.206000E-03,16
+10.208000E-03,16
+10.210000E-03,16
+10.212000E-03,16
+10.214000E-03,16
+10.216000E-03,16
+10.218000E-03,16
+10.220000E-03,16
+10.222000E-03,16
+10.224000E-03,16
+10.226000E-03,16
+10.228000E-03,16
+10.230000E-03,16
+10.232000E-03,16
+10.234000E-03,16
+10.236000E-03,16
+10.238000E-03,16
+10.240000E-03,16
+10.242000E-03,16
+10.244000E-03,16
+10.246000E-03,16
+10.248000E-03,16
+10.250000E-03,20
+10.252000E-03,20
+10.254000E-03,20
+10.256000E-03,20
+10.258000E-03,20
+10.260000E-03,20
+10.262000E-03,20
+10.264000E-03,20
+10.266000E-03,20
+10.268000E-03,20
+10.270000E-03,20
+10.272000E-03,20
+10.274000E-03,20
+10.276000E-03,20
+10.278000E-03,20
+10.280000E-03,20
+10.282000E-03,20
+10.284000E-03,20
+10.286000E-03,20
+10.288000E-03,20
+10.290000E-03,20
+10.292000E-03,20
+10.294000E-03,20
+10.296000E-03,20
+10.298000E-03,20
+10.300000E-03,20
+10.302000E-03,20
+10.304000E-03,20
+10.306000E-03,20
+10.308000E-03,20
+10.310000E-03,16
+10.312000E-03,16
+10.314000E-03,16
+10.316000E-03,16
+10.318000E-03,16
+10.320000E-03,16
+10.322000E-03,16
+10.324000E-03,16
+10.326000E-03,16
+10.328000E-03,16
+10.330000E-03,16
+10.332000E-03,16
+10.334000E-03,16
+10.336000E-03,16
+10.338000E-03,16
+10.340000E-03,16
+10.342000E-03,16
+10.344000E-03,16
+10.346000E-03,16
+10.348000E-03,16
+10.350000E-03,16
+10.352000E-03,16
+10.354000E-03,16
+10.356000E-03,16
+10.358000E-03,16
+10.360000E-03,16
+10.362000E-03,16
+10.364000E-03,16
+10.366000E-03,16
+10.368000E-03,16
+10.370000E-03,16
+10.372000E-03,20
+10.374000E-03,20
+10.376000E-03,20
+10.378000E-03,20
+10.380000E-03,20
+10.382000E-03,20
+10.384000E-03,20
+10.386000E-03,20
+10.388000E-03,20
+10.390000E-03,20
+10.392000E-03,20
+10.394000E-03,20
+10.396000E-03,20
+10.398000E-03,20
+10.400000E-03,20
+10.402000E-03,20
+10.404000E-03,20
+10.406000E-03,20
+10.408000E-03,20
+10.410000E-03,20
+10.412000E-03,20
+10.414000E-03,20
+10.416000E-03,20
+10.418000E-03,20
+10.420000E-03,20
+10.422000E-03,20
+10.424000E-03,20
+10.426000E-03,20
+10.428000E-03,20
+10.430000E-03,20
+10.432000E-03,20
+10.434000E-03,20
+10.436000E-03,16
+10.438000E-03,16
+10.440000E-03,16
+10.442000E-03,16
+10.444000E-03,16
+10.446000E-03,16
+10.448000E-03,16
+10.450000E-03,16
+10.452000E-03,16
+10.454000E-03,16
+10.456000E-03,16
+10.458000E-03,16
+10.460000E-03,16
+10.462000E-03,16
+10.464000E-03,16
+10.466000E-03,16
+10.468000E-03,16
+10.470000E-03,16
+10.472000E-03,16
+10.474000E-03,16
+10.476000E-03,16
+10.478000E-03,16
+10.480000E-03,16
+10.482000E-03,16
+10.484000E-03,16
+10.486000E-03,16
+10.488000E-03,16
+10.490000E-03,16
+10.492000E-03,16
+10.494000E-03,20
+10.496000E-03,20
+10.498000E-03,20
+10.500000E-03,20
+10.502000E-03,20
+10.504000E-03,20
+10.506000E-03,20
+10.508000E-03,20
+10.510000E-03,20
+10.512000E-03,20
+10.514000E-03,20
+10.516000E-03,20
+10.518000E-03,20
+10.520000E-03,20
+10.522000E-03,20
+10.524000E-03,20
+10.526000E-03,20
+10.528000E-03,20
+10.530000E-03,20
+10.532000E-03,20
+10.534000E-03,20
+10.536000E-03,20
+10.538000E-03,20
+10.540000E-03,20
+10.542000E-03,20
+10.544000E-03,20
+10.546000E-03,20
+10.548000E-03,20
+10.550000E-03,20
+10.552000E-03,20
+10.554000E-03,16
+10.556000E-03,16
+10.558000E-03,16
+10.560000E-03,16
+10.562000E-03,16
+10.564000E-03,16
+10.566000E-03,16
+10.568000E-03,16
+10.570000E-03,16
+10.572000E-03,16
+10.574000E-03,16
+10.576000E-03,16
+10.578000E-03,16
+10.580000E-03,16
+10.582000E-03,16
+10.584000E-03,16
+10.586000E-03,16
+10.588000E-03,16
+10.590000E-03,16
+10.592000E-03,16
+10.594000E-03,16
+10.596000E-03,16
+10.598000E-03,16
+10.600000E-03,16
+10.602000E-03,16
+10.604000E-03,16
+10.606000E-03,16
+10.608000E-03,16
+10.610000E-03,16
+10.612000E-03,16
+10.614000E-03,20
+10.616000E-03,20
+10.618000E-03,20
+10.620000E-03,20
+10.622000E-03,20
+10.624000E-03,20
+10.626000E-03,20
+10.628000E-03,20
+10.630000E-03,20
+10.632000E-03,20
+10.634000E-03,20
+10.636000E-03,20
+10.638000E-03,20
+10.640000E-03,20
+10.642000E-03,20
+10.644000E-03,20
+10.646000E-03,28
+10.648000E-03,28
+10.650000E-03,28
+10.652000E-03,28
+10.654000E-03,28
+10.656000E-03,28
+10.658000E-03,28
+10.660000E-03,28
+10.662000E-03,28
+10.664000E-03,28
+10.666000E-03,28
+10.668000E-03,28
+10.670000E-03,28
+10.672000E-03,28
+10.674000E-03,28
+10.676000E-03,28
+10.678000E-03,24
+10.680000E-03,24
+10.682000E-03,24
+10.684000E-03,24
+10.686000E-03,24
+10.688000E-03,24
+10.690000E-03,24
+10.692000E-03,24
+10.694000E-03,24
+10.696000E-03,24
+10.698000E-03,24
+10.700000E-03,24
+10.702000E-03,24
+10.704000E-03,24
+10.706000E-03,24
+10.708000E-03,24
+10.710000E-03,24
+10.712000E-03,24
+10.714000E-03,24
+10.716000E-03,24
+10.718000E-03,24
+10.720000E-03,24
+10.722000E-03,16
+10.724000E-03,16
+10.726000E-03,16
+10.728000E-03,16
+10.730000E-03,16
+10.732000E-03,16
+10.734000E-03,16
+10.736000E-03,16
+10.738000E-03,16
+10.740000E-03,16
+10.742000E-03,16
+10.744000E-03,16
+10.746000E-03,16
+10.748000E-03,16
+10.750000E-03,16
+10.752000E-03,16
+10.754000E-03,16
+10.756000E-03,16
+10.758000E-03,16
+10.760000E-03,16
+10.762000E-03,16
+10.764000E-03,16
+10.766000E-03,16
+10.768000E-03,16
+10.770000E-03,16
+10.772000E-03,16
+10.774000E-03,16
+10.776000E-03,16
+10.778000E-03,16
+10.780000E-03,16
+10.782000E-03,16
+10.784000E-03,16
+10.786000E-03,16
+10.788000E-03,16
+10.790000E-03,16
+10.792000E-03,16
+10.794000E-03,16
+10.796000E-03,16
+10.798000E-03,16
+10.800000E-03,16
+10.802000E-03,16
+10.804000E-03,16
+10.806000E-03,16
+10.808000E-03,16
+10.810000E-03,16
+10.812000E-03,16
+10.814000E-03,16
+10.816000E-03,16
+10.818000E-03,16
+10.820000E-03,16
+10.822000E-03,16
+10.824000E-03,16
+10.826000E-03,16
+10.828000E-03,16
+10.830000E-03,16
+10.832000E-03,16
+10.834000E-03,16
+10.836000E-03,16
+10.838000E-03,16
+10.840000E-03,16
+10.842000E-03,16
+10.844000E-03,16
+10.846000E-03,16
+10.848000E-03,16
+10.850000E-03,16
+10.852000E-03,16
+10.854000E-03,16
+10.856000E-03,16
+10.858000E-03,16
+10.860000E-03,16
+10.862000E-03,16
+10.864000E-03,16
+10.866000E-03,16
+10.868000E-03,16
+10.870000E-03,16
+10.872000E-03,16
+10.874000E-03,16
+10.876000E-03,16
+10.878000E-03,16
+10.880000E-03,16
+10.882000E-03,16
+10.884000E-03,16
+10.886000E-03,16
+10.888000E-03,16
+10.890000E-03,16
+10.892000E-03,16
+10.894000E-03,16
+10.896000E-03,16
+10.898000E-03,16
+10.900000E-03,16
+10.902000E-03,16
+10.904000E-03,16
+10.906000E-03,16
+10.908000E-03,16
+10.910000E-03,16
+10.912000E-03,16
+10.914000E-03,16
+10.916000E-03,16
+10.918000E-03,16
+10.920000E-03,16
+10.922000E-03,16
+10.924000E-03,16
+10.926000E-03,16
+10.928000E-03,16
+10.930000E-03,16
+10.932000E-03,16
+10.934000E-03,16
+10.936000E-03,16
+10.938000E-03,16
+10.940000E-03,16
+10.942000E-03,16
+10.944000E-03,16
+10.946000E-03,16
+10.948000E-03,16
+10.950000E-03,16
+10.952000E-03,16
+10.954000E-03,16
+10.956000E-03,16
+10.958000E-03,16
+10.960000E-03,16
+10.962000E-03,16
+10.964000E-03,16
+10.966000E-03,16
+10.968000E-03,16
+10.970000E-03,16
+10.972000E-03,16
+10.974000E-03,16
+10.976000E-03,16
+10.978000E-03,16
+10.980000E-03,16
+10.982000E-03,16
+10.984000E-03,16
+10.986000E-03,16
+10.988000E-03,16
+10.990000E-03,16
+10.992000E-03,16
+10.994000E-03,16
+10.996000E-03,16
+10.998000E-03,16
+11.000000E-03,16
+11.002000E-03,16
+11.004000E-03,16
+11.006000E-03,16
+11.008000E-03,16
+11.010000E-03,16
+11.012000E-03,16
+11.014000E-03,16
+11.016000E-03,16
+11.018000E-03,16
+11.020000E-03,16
+11.022000E-03,16
+11.024000E-03,16
+11.026000E-03,16
+11.028000E-03,16
+11.030000E-03,16
+11.032000E-03,16
+11.034000E-03,16
+11.036000E-03,16
+11.038000E-03,16
+11.040000E-03,16
+11.042000E-03,16
+11.044000E-03,16
+11.046000E-03,16
+11.048000E-03,16
+11.050000E-03,16
+11.052000E-03,16
+11.054000E-03,16
+11.056000E-03,16
+11.058000E-03,16
+11.060000E-03,16
+11.062000E-03,16
+11.064000E-03,16
+11.066000E-03,16
+11.068000E-03,16
+11.070000E-03,16
+11.072000E-03,16
+11.074000E-03,16
+11.076000E-03,16
+11.078000E-03,16
+11.080000E-03,16
+11.082000E-03,16
+11.084000E-03,16
+11.086000E-03,16
+11.088000E-03,16
+11.090000E-03,16
+11.092000E-03,16
+11.094000E-03,16
+11.096000E-03,16
+11.098000E-03,16
+11.100000E-03,16
+11.102000E-03,16
+11.104000E-03,16
+11.106000E-03,16
+11.108000E-03,16
+11.110000E-03,16
+11.112000E-03,16
+11.114000E-03,16
+11.116000E-03,16
+11.118000E-03,16
+11.120000E-03,16
+11.122000E-03,16
+11.124000E-03,16
+11.126000E-03,16
+11.128000E-03,16
+11.130000E-03,16
+11.132000E-03,16
+11.134000E-03,16
+11.136000E-03,16
+11.138000E-03,16
+11.140000E-03,16
+11.142000E-03,16
+11.144000E-03,16
+11.146000E-03,16
+11.148000E-03,16
+11.150000E-03,16
+11.152000E-03,16
+11.154000E-03,16
+11.156000E-03,16
+11.158000E-03,16
+11.160000E-03,16
+11.162000E-03,16
+11.164000E-03,16
+11.166000E-03,16
+11.168000E-03,16
+11.170000E-03,16
+11.172000E-03,16
+11.174000E-03,16
+11.176000E-03,16
+11.178000E-03,16
+11.180000E-03,16
+11.182000E-03,16
+11.184000E-03,16
+11.186000E-03,16
+11.188000E-03,16
+11.190000E-03,16
+11.192000E-03,16
+11.194000E-03,16
+11.196000E-03,16
+11.198000E-03,16
+11.200000E-03,16
+11.202000E-03,16
+11.204000E-03,16
+11.206000E-03,16
+11.208000E-03,16
+11.210000E-03,16
+11.212000E-03,16
+11.214000E-03,16
+11.216000E-03,16
+11.218000E-03,16
+11.220000E-03,16
+11.222000E-03,16
+11.224000E-03,16
+11.226000E-03,16
+11.228000E-03,16
+11.230000E-03,16
+11.232000E-03,16
+11.234000E-03,16
+11.236000E-03,16
+11.238000E-03,16
+11.240000E-03,16
+11.242000E-03,16
+11.244000E-03,16
+11.246000E-03,16
+11.248000E-03,16
+11.250000E-03,16
+11.252000E-03,16
+11.254000E-03,16
+11.256000E-03,16
+11.258000E-03,16
+11.260000E-03,16
+11.262000E-03,16
+11.264000E-03,16
+11.266000E-03,16
+11.268000E-03,16
+11.270000E-03,16
+11.272000E-03,16
+11.274000E-03,16
+11.276000E-03,16
+11.278000E-03,16
+11.280000E-03,16
+11.282000E-03,16
+11.284000E-03,16
+11.286000E-03,16
+11.288000E-03,16
+11.290000E-03,16
+11.292000E-03,16
+11.294000E-03,16
+11.296000E-03,16
+11.298000E-03,16
+11.300000E-03,16
+11.302000E-03,16
+11.304000E-03,16
+11.306000E-03,16
+11.308000E-03,16
+11.310000E-03,16
+11.312000E-03,16
+11.314000E-03,16
+11.316000E-03,16
+11.318000E-03,16
+11.320000E-03,16
+11.322000E-03,16
+11.324000E-03,16
+11.326000E-03,16
+11.328000E-03,16
+11.330000E-03,16
+11.332000E-03,16
+11.334000E-03,16
+11.336000E-03,16
+11.338000E-03,16
+11.340000E-03,16
+11.342000E-03,16
+11.344000E-03,16
+11.346000E-03,16
+11.348000E-03,16
+11.350000E-03,16
+11.352000E-03,16
+11.354000E-03,16
+11.356000E-03,16
+11.358000E-03,16
+11.360000E-03,16
+11.362000E-03,16
+11.364000E-03,16
+11.366000E-03,16
+11.368000E-03,16
+11.370000E-03,16
+11.372000E-03,16
+11.374000E-03,16
+11.376000E-03,16
+11.378000E-03,16
+11.380000E-03,16
+11.382000E-03,16
+11.384000E-03,16
+11.386000E-03,16
+11.388000E-03,16
+11.390000E-03,16
+11.392000E-03,16
+11.394000E-03,16
+11.396000E-03,16
+11.398000E-03,16
+11.400000E-03,16
+11.402000E-03,16
+11.404000E-03,16
+11.406000E-03,16
+11.408000E-03,16
+11.410000E-03,16
+11.412000E-03,16
+11.414000E-03,16
+11.416000E-03,16
+11.418000E-03,16
+11.420000E-03,16
+11.422000E-03,16
+11.424000E-03,16
+11.426000E-03,16
+11.428000E-03,16
+11.430000E-03,16
+11.432000E-03,16
+11.434000E-03,16
+11.436000E-03,16
+11.438000E-03,16
+11.440000E-03,16
+11.442000E-03,16
+11.444000E-03,16
+11.446000E-03,16
+11.448000E-03,16
+11.450000E-03,16
+11.452000E-03,16
+11.454000E-03,16
+11.456000E-03,16
+11.458000E-03,16
+11.460000E-03,16
+11.462000E-03,16
+11.464000E-03,16
+11.466000E-03,16
+11.468000E-03,16
+11.470000E-03,16
+11.472000E-03,16
+11.474000E-03,16
+11.476000E-03,16
+11.478000E-03,16
+11.480000E-03,16
+11.482000E-03,16
+11.484000E-03,16
+11.486000E-03,16
+11.488000E-03,16
+11.490000E-03,16
+11.492000E-03,16
+11.494000E-03,16
+11.496000E-03,16
+11.498000E-03,16
+11.500000E-03,16
+11.502000E-03,16
+11.504000E-03,16
+11.506000E-03,16
+11.508000E-03,16
+11.510000E-03,16
+11.512000E-03,16
+11.514000E-03,16
+11.516000E-03,16
+11.518000E-03,16
+11.520000E-03,16
+11.522000E-03,16
+11.524000E-03,16
+11.526000E-03,16
+11.528000E-03,16
+11.530000E-03,16
+11.532000E-03,16
+11.534000E-03,16
+11.536000E-03,16
+11.538000E-03,16
+11.540000E-03,16
+11.542000E-03,16
+11.544000E-03,16
+11.546000E-03,16
+11.548000E-03,16
+11.550000E-03,16
+11.552000E-03,16
+11.554000E-03,16
+11.556000E-03,16
+11.558000E-03,16
+11.560000E-03,16
+11.562000E-03,16
+11.564000E-03,16
+11.566000E-03,16
+11.568000E-03,16
+11.570000E-03,16
+11.572000E-03,16
+11.574000E-03,16
+11.576000E-03,16
+11.578000E-03,16
+11.580000E-03,16
+11.582000E-03,16
+11.584000E-03,16
+11.586000E-03,16
+11.588000E-03,16
+11.590000E-03,16
+11.592000E-03,16
+11.594000E-03,16
+11.596000E-03,16
+11.598000E-03,16
+11.600000E-03,16
+11.602000E-03,16
+11.604000E-03,16
+11.606000E-03,16
+11.608000E-03,16
+11.610000E-03,16
+11.612000E-03,16
+11.614000E-03,16
+11.616000E-03,16
+11.618000E-03,16
+11.620000E-03,16
+11.622000E-03,16
+11.624000E-03,16
+11.626000E-03,16
+11.628000E-03,16
+11.630000E-03,16
+11.632000E-03,16
+11.634000E-03,16
+11.636000E-03,16
+11.638000E-03,16
+11.640000E-03,16
+11.642000E-03,16
+11.644000E-03,16
+11.646000E-03,16
+11.648000E-03,16
+11.650000E-03,16
+11.652000E-03,16
+11.654000E-03,16
+11.656000E-03,16
+11.658000E-03,16
+11.660000E-03,16
+11.662000E-03,16
+11.664000E-03,16
+11.666000E-03,16
+11.668000E-03,16
+11.670000E-03,16
+11.672000E-03,16
+11.674000E-03,16
+11.676000E-03,16
+11.678000E-03,16
+11.680000E-03,16
+11.682000E-03,16
+11.684000E-03,16
+11.686000E-03,16
+11.688000E-03,16
+11.690000E-03,16
+11.692000E-03,16
+11.694000E-03,16
+11.696000E-03,16
+11.698000E-03,16
+11.700000E-03,16
+11.702000E-03,16
+11.704000E-03,16
+11.706000E-03,16
+11.708000E-03,16
+11.710000E-03,16
+11.712000E-03,16
+11.714000E-03,16
+11.716000E-03,16
+11.718000E-03,16
+11.720000E-03,16
+11.722000E-03,16
+11.724000E-03,16
+11.726000E-03,16
+11.728000E-03,16
+11.730000E-03,16
+11.732000E-03,16
+11.734000E-03,16
+11.736000E-03,16
+11.738000E-03,16
+11.740000E-03,16
+11.742000E-03,16
+11.744000E-03,16
+11.746000E-03,16
+11.748000E-03,16
+11.750000E-03,16
+11.752000E-03,16
+11.754000E-03,16
+11.756000E-03,16
+11.758000E-03,16
+11.760000E-03,16
+11.762000E-03,16
+11.764000E-03,16
+11.766000E-03,16
+11.768000E-03,16
+11.770000E-03,16
+11.772000E-03,16
+11.774000E-03,16
+11.776000E-03,16
+11.778000E-03,16
+11.780000E-03,16
+11.782000E-03,16
+11.784000E-03,16
+11.786000E-03,16
+11.788000E-03,16
+11.790000E-03,16
+11.792000E-03,16
+11.794000E-03,16
+11.796000E-03,16
+11.798000E-03,16
+11.800000E-03,16
+11.802000E-03,16
+11.804000E-03,16
+11.806000E-03,16
+11.808000E-03,16
+11.810000E-03,16
+11.812000E-03,16
+11.814000E-03,16
+11.816000E-03,16
+11.818000E-03,16
+11.820000E-03,16
+11.822000E-03,16
+11.824000E-03,16
+11.826000E-03,16
+11.828000E-03,16
+11.830000E-03,16
+11.832000E-03,16
+11.834000E-03,16
+11.836000E-03,16
+11.838000E-03,16
+11.840000E-03,16
+11.842000E-03,16
+11.844000E-03,16
+11.846000E-03,16
+11.848000E-03,16
+11.850000E-03,16
+11.852000E-03,16
+11.854000E-03,16
+11.856000E-03,16
+11.858000E-03,16
+11.860000E-03,16
+11.862000E-03,16
+11.864000E-03,16
+11.866000E-03,16
+11.868000E-03,16
+11.870000E-03,16
+11.872000E-03,16
+11.874000E-03,16
+11.876000E-03,16
+11.878000E-03,16
+11.880000E-03,16
+11.882000E-03,16
+11.884000E-03,16
+11.886000E-03,16
+11.888000E-03,16
+11.890000E-03,16
+11.892000E-03,16
+11.894000E-03,16
+11.896000E-03,16
+11.898000E-03,16
+11.900000E-03,16
+11.902000E-03,16
+11.904000E-03,16
+11.906000E-03,16
+11.908000E-03,16
+11.910000E-03,16
+11.912000E-03,16
+11.914000E-03,16
+11.916000E-03,16
+11.918000E-03,16
+11.920000E-03,16
+11.922000E-03,16
+11.924000E-03,16
+11.926000E-03,16
+11.928000E-03,16
+11.930000E-03,16
+11.932000E-03,16
+11.934000E-03,16
+11.936000E-03,16
+11.938000E-03,16
+11.940000E-03,16
+11.942000E-03,16
+11.944000E-03,16
+11.946000E-03,16
+11.948000E-03,16
+11.950000E-03,16
+11.952000E-03,16
+11.954000E-03,16
+11.956000E-03,16
+11.958000E-03,16
+11.960000E-03,16
+11.962000E-03,16
+11.964000E-03,16
+11.966000E-03,16
+11.968000E-03,16
+11.970000E-03,16
+11.972000E-03,16
+11.974000E-03,16
+11.976000E-03,16
+11.978000E-03,16
+11.980000E-03,16
+11.982000E-03,16
+11.984000E-03,16
+11.986000E-03,16
+11.988000E-03,16
+11.990000E-03,16
+11.992000E-03,16
+11.994000E-03,16
+11.996000E-03,16
+11.998000E-03,16
+12.000000E-03,16
+12.002000E-03,16
+12.004000E-03,16
+12.006000E-03,16
+12.008000E-03,16
+12.010000E-03,16
+12.012000E-03,16
+12.014000E-03,16
+12.016000E-03,16
+12.018000E-03,16
+12.020000E-03,16
+12.022000E-03,16
+12.024000E-03,16
+12.026000E-03,16
+12.028000E-03,16
+12.030000E-03,16
+12.032000E-03,16
+12.034000E-03,16
+12.036000E-03,16
+12.038000E-03,16
+12.040000E-03,16
+12.042000E-03,16
+12.044000E-03,16
+12.046000E-03,16
+12.048000E-03,16
+12.050000E-03,16
+12.052000E-03,16
+12.054000E-03,16
+12.056000E-03,16
+12.058000E-03,16
+12.060000E-03,16
+12.062000E-03,16
+12.064000E-03,16
+12.066000E-03,16
+12.068000E-03,16
+12.070000E-03,16
+12.072000E-03,16
+12.074000E-03,16
+12.076000E-03,16
+12.078000E-03,16
+12.080000E-03,16
+12.082000E-03,16
+12.084000E-03,16
+12.086000E-03,16
+12.088000E-03,16
+12.090000E-03,16
+12.092000E-03,16
+12.094000E-03,16
+12.096000E-03,16
+12.098000E-03,16
+12.100000E-03,16
+12.102000E-03,16
+12.104000E-03,16
+12.106000E-03,16
+12.108000E-03,16
+12.110000E-03,16
+12.112000E-03,16
+12.114000E-03,16
+12.116000E-03,16
+12.118000E-03,16
+12.120000E-03,16
+12.122000E-03,16
+12.124000E-03,16
+12.126000E-03,16
+12.128000E-03,16
+12.130000E-03,16
+12.132000E-03,16
+12.134000E-03,16
+12.136000E-03,16
+12.138000E-03,16
+12.140000E-03,16
+12.142000E-03,16
+12.144000E-03,16
+12.146000E-03,16
+12.148000E-03,16
+12.150000E-03,16
+12.152000E-03,16
+12.154000E-03,16
+12.156000E-03,16
+12.158000E-03,16
+12.160000E-03,16
+12.162000E-03,16
+12.164000E-03,16
+12.166000E-03,16
+12.168000E-03,16
+12.170000E-03,16
+12.172000E-03,16
+12.174000E-03,16
+12.176000E-03,16
+12.178000E-03,16
+12.180000E-03,16
+12.182000E-03,16
+12.184000E-03,16
+12.186000E-03,16
+12.188000E-03,16
+12.190000E-03,16
+12.192000E-03,16
+12.194000E-03,16
+12.196000E-03,16
+12.198000E-03,16
+12.200000E-03,16
+12.202000E-03,16
+12.204000E-03,16
+12.206000E-03,16
+12.208000E-03,16
+12.210000E-03,16
+12.212000E-03,16
+12.214000E-03,16
+12.216000E-03,16
+12.218000E-03,16
+12.220000E-03,16
+12.222000E-03,16
+12.224000E-03,16
+12.226000E-03,16
+12.228000E-03,16
+12.230000E-03,16
+12.232000E-03,16
+12.234000E-03,16
+12.236000E-03,16
+12.238000E-03,16
+12.240000E-03,16
+12.242000E-03,16
+12.244000E-03,16
+12.246000E-03,16
+12.248000E-03,16
+12.250000E-03,16
+12.252000E-03,16
+12.254000E-03,16
+12.256000E-03,16
+12.258000E-03,16
+12.260000E-03,16
+12.262000E-03,16
+12.264000E-03,16
+12.266000E-03,16
+12.268000E-03,16
+12.270000E-03,16
+12.272000E-03,16
+12.274000E-03,16
+12.276000E-03,16
+12.278000E-03,16
+12.280000E-03,16
+12.282000E-03,16
+12.284000E-03,16
+12.286000E-03,16
+12.288000E-03,16
+12.290000E-03,16
+12.292000E-03,16
+12.294000E-03,16
+12.296000E-03,16
+12.298000E-03,16
+12.300000E-03,16
+12.302000E-03,16
+12.304000E-03,16
+12.306000E-03,16
+12.308000E-03,16
+12.310000E-03,16
+12.312000E-03,16
+12.314000E-03,16
+12.316000E-03,16
+12.318000E-03,16
+12.320000E-03,16
+12.322000E-03,16
+12.324000E-03,16
+12.326000E-03,16
+12.328000E-03,16
+12.330000E-03,16
+12.332000E-03,16
+12.334000E-03,16
+12.336000E-03,16
+12.338000E-03,16
+12.340000E-03,16
+12.342000E-03,16
+12.344000E-03,16
+12.346000E-03,16
+12.348000E-03,16
+12.350000E-03,16
+12.352000E-03,16
+12.354000E-03,16
+12.356000E-03,16
+12.358000E-03,16
+12.360000E-03,16
+12.362000E-03,16
+12.364000E-03,16
+12.366000E-03,16
+12.368000E-03,16
+12.370000E-03,16
+12.372000E-03,16
+12.374000E-03,16
+12.376000E-03,16
+12.378000E-03,16
+12.380000E-03,16
+12.382000E-03,16
+12.384000E-03,16
+12.386000E-03,16
+12.388000E-03,16
+12.390000E-03,16
+12.392000E-03,16
+12.394000E-03,16
+12.396000E-03,16
+12.398000E-03,16
+12.400000E-03,16
+12.402000E-03,16
+12.404000E-03,16
+12.406000E-03,16
+12.408000E-03,16
+12.410000E-03,16
+12.412000E-03,16
+12.414000E-03,16
+12.416000E-03,16
+12.418000E-03,16
+12.420000E-03,16
+12.422000E-03,16
+12.424000E-03,16
+12.426000E-03,16
+12.428000E-03,16
+12.430000E-03,16
+12.432000E-03,16
+12.434000E-03,16
+12.436000E-03,16
+12.438000E-03,16
+12.440000E-03,16
+12.442000E-03,16
+12.444000E-03,16
+12.446000E-03,16
+12.448000E-03,16
+12.450000E-03,16
+12.452000E-03,16
+12.454000E-03,16
+12.456000E-03,16
+12.458000E-03,16
+12.460000E-03,16
+12.462000E-03,16
+12.464000E-03,16
+12.466000E-03,16
+12.468000E-03,16
+12.470000E-03,16
+12.472000E-03,16
+12.474000E-03,16
+12.476000E-03,16
+12.478000E-03,16
+12.480000E-03,16
+12.482000E-03,16
+12.484000E-03,16
+12.486000E-03,16
+12.488000E-03,16
+12.490000E-03,16
+12.492000E-03,16
+12.494000E-03,16
+12.496000E-03,16
+12.498000E-03,16
+12.500000E-03,16
+12.502000E-03,16
+12.504000E-03,16
+12.506000E-03,16
+12.508000E-03,16
+12.510000E-03,16
+12.512000E-03,16
+12.514000E-03,16
+12.516000E-03,16
+12.518000E-03,16
+12.520000E-03,16
+12.522000E-03,16
+12.524000E-03,16
+12.526000E-03,16
+12.528000E-03,16
+12.530000E-03,16
+12.532000E-03,16
+12.534000E-03,16
+12.536000E-03,16
+12.538000E-03,16
+12.540000E-03,16
+12.542000E-03,16
+12.544000E-03,16
+12.546000E-03,16
+12.548000E-03,16
+12.550000E-03,16
+12.552000E-03,16
+12.554000E-03,16
+12.556000E-03,16
+12.558000E-03,16
+12.560000E-03,16
+12.562000E-03,16
+12.564000E-03,16
+12.566000E-03,16
+12.568000E-03,16
+12.570000E-03,16
+12.572000E-03,16
+12.574000E-03,16
+12.576000E-03,16
+12.578000E-03,16
+12.580000E-03,16
+12.582000E-03,16
+12.584000E-03,16
+12.586000E-03,16
+12.588000E-03,16
+12.590000E-03,16
+12.592000E-03,16
+12.594000E-03,16
+12.596000E-03,16
+12.598000E-03,16
+12.600000E-03,16
+12.602000E-03,16
+12.604000E-03,16
+12.606000E-03,16
+12.608000E-03,16
+12.610000E-03,16
+12.612000E-03,16
+12.614000E-03,16
+12.616000E-03,16
+12.618000E-03,16
+12.620000E-03,16
+12.622000E-03,16
+12.624000E-03,16
+12.626000E-03,16
+12.628000E-03,16
+12.630000E-03,16
+12.632000E-03,16
+12.634000E-03,16
+12.636000E-03,16
+12.638000E-03,16
+12.640000E-03,16
+12.642000E-03,16
+12.644000E-03,16
+12.646000E-03,16
+12.648000E-03,16
+12.650000E-03,16
+12.652000E-03,16
+12.654000E-03,16
+12.656000E-03,16
+12.658000E-03,16
+12.660000E-03,16
+12.662000E-03,16
+12.664000E-03,16
+12.666000E-03,16
+12.668000E-03,16
+12.670000E-03,16
+12.672000E-03,16
+12.674000E-03,16
+12.676000E-03,16
+12.678000E-03,16
+12.680000E-03,16
+12.682000E-03,16
+12.684000E-03,16
+12.686000E-03,16
+12.688000E-03,16
+12.690000E-03,16
+12.692000E-03,16
+12.694000E-03,16
+12.696000E-03,16
+12.698000E-03,16
+12.700000E-03,16
+12.702000E-03,16
+12.704000E-03,16
+12.706000E-03,16
+12.708000E-03,16
+12.710000E-03,16
+12.712000E-03,16
+12.714000E-03,16
+12.716000E-03,16
+12.718000E-03,16
+12.720000E-03,16
+12.722000E-03,16
+12.724000E-03,16
+12.726000E-03,16
+12.728000E-03,16
+12.730000E-03,16
+12.732000E-03,16
+12.734000E-03,16
+12.736000E-03,16
+12.738000E-03,16
+12.740000E-03,16
+12.742000E-03,16
+12.744000E-03,16
+12.746000E-03,16
+12.748000E-03,16
+12.750000E-03,16
+12.752000E-03,16
+12.754000E-03,16
+12.756000E-03,16
+12.758000E-03,16
+12.760000E-03,16
+12.762000E-03,16
+12.764000E-03,16
+12.766000E-03,16
+12.768000E-03,16
+12.770000E-03,16
+12.772000E-03,16
+12.774000E-03,16
+12.776000E-03,16
+12.778000E-03,16
+12.780000E-03,16
+12.782000E-03,16
+12.784000E-03,16
+12.786000E-03,16
+12.788000E-03,16
+12.790000E-03,16
+12.792000E-03,16
+12.794000E-03,16
+12.796000E-03,16
+12.798000E-03,16
+12.800000E-03,16
+12.802000E-03,16
+12.804000E-03,16
+12.806000E-03,16
+12.808000E-03,16
+12.810000E-03,16
+12.812000E-03,16
+12.814000E-03,16
+12.816000E-03,16
+12.818000E-03,16
+12.820000E-03,16
+12.822000E-03,16
+12.824000E-03,16
+12.826000E-03,16
+12.828000E-03,16
+12.830000E-03,16
+12.832000E-03,16
+12.834000E-03,16
+12.836000E-03,16
+12.838000E-03,16
+12.840000E-03,16
+12.842000E-03,16
+12.844000E-03,16
+12.846000E-03,16
+12.848000E-03,16
+12.850000E-03,16
+12.852000E-03,16
+12.854000E-03,16
+12.856000E-03,16
+12.858000E-03,16
+12.860000E-03,16
+12.862000E-03,16
+12.864000E-03,16
+12.866000E-03,16
+12.868000E-03,16
+12.870000E-03,16
+12.872000E-03,16
+12.874000E-03,16
+12.876000E-03,16
+12.878000E-03,16
+12.880000E-03,16
+12.882000E-03,16
+12.884000E-03,16
+12.886000E-03,16
+12.888000E-03,16
+12.890000E-03,16
+12.892000E-03,16
+12.894000E-03,16
+12.896000E-03,16
+12.898000E-03,16
+12.900000E-03,16
+12.902000E-03,16
+12.904000E-03,16
+12.906000E-03,16
+12.908000E-03,16
+12.910000E-03,16
+12.912000E-03,16
+12.914000E-03,16
+12.916000E-03,16
+12.918000E-03,16
+12.920000E-03,16
+12.922000E-03,16
+12.924000E-03,16
+12.926000E-03,16
+12.928000E-03,16
+12.930000E-03,16
+12.932000E-03,16
+12.934000E-03,16
+12.936000E-03,16
+12.938000E-03,16
+12.940000E-03,16
+12.942000E-03,16
+12.944000E-03,16
+12.946000E-03,16
+12.948000E-03,16
+12.950000E-03,16
+12.952000E-03,16
+12.954000E-03,16
+12.956000E-03,16
+12.958000E-03,16
+12.960000E-03,16
+12.962000E-03,16
+12.964000E-03,16
+12.966000E-03,16
+12.968000E-03,16
+12.970000E-03,16
+12.972000E-03,16
+12.974000E-03,16
+12.976000E-03,16
+12.978000E-03,16
+12.980000E-03,16
+12.982000E-03,16
+12.984000E-03,16
+12.986000E-03,16
+12.988000E-03,16
+12.990000E-03,16
+12.992000E-03,16
+12.994000E-03,16
+12.996000E-03,16
+12.998000E-03,16
+13.000000E-03,16
+13.002000E-03,16
+13.004000E-03,16
+13.006000E-03,16
+13.008000E-03,16
+13.010000E-03,16
+13.012000E-03,16
+13.014000E-03,16
+13.016000E-03,16
+13.018000E-03,16
+13.020000E-03,16
+13.022000E-03,16
+13.024000E-03,16
+13.026000E-03,16
+13.028000E-03,16
+13.030000E-03,16
+13.032000E-03,16
+13.034000E-03,16
+13.036000E-03,16
+13.038000E-03,16
+13.040000E-03,16
+13.042000E-03,16
+13.044000E-03,16
+13.046000E-03,16
+13.048000E-03,16
+13.050000E-03,16
+13.052000E-03,16
+13.054000E-03,16
+13.056000E-03,16
+13.058000E-03,16
+13.060000E-03,16
+13.062000E-03,16
+13.064000E-03,16
+13.066000E-03,16
+13.068000E-03,16
+13.070000E-03,16
+13.072000E-03,16
+13.074000E-03,16
+13.076000E-03,16
+13.078000E-03,16
+13.080000E-03,16
+13.082000E-03,16
+13.084000E-03,16
+13.086000E-03,16
+13.088000E-03,16
+13.090000E-03,16
+13.092000E-03,16
+13.094000E-03,16
+13.096000E-03,16
+13.098000E-03,16
+13.100000E-03,16
+13.102000E-03,16
+13.104000E-03,16
+13.106000E-03,16
+13.108000E-03,16
+13.110000E-03,16
+13.112000E-03,16
+13.114000E-03,16
+13.116000E-03,16
+13.118000E-03,16
+13.120000E-03,16
+13.122000E-03,16
+13.124000E-03,16
+13.126000E-03,16
+13.128000E-03,16
+13.130000E-03,16
+13.132000E-03,16
+13.134000E-03,16
+13.136000E-03,16
+13.138000E-03,16
+13.140000E-03,16
+13.142000E-03,16
+13.144000E-03,16
+13.146000E-03,16
+13.148000E-03,16
+13.150000E-03,16
+13.152000E-03,16
+13.154000E-03,16
+13.156000E-03,16
+13.158000E-03,16
+13.160000E-03,16
+13.162000E-03,16
+13.164000E-03,16
+13.166000E-03,16
+13.168000E-03,16
+13.170000E-03,16
+13.172000E-03,16
+13.174000E-03,16
+13.176000E-03,16
+13.178000E-03,16
+13.180000E-03,16
+13.182000E-03,16
+13.184000E-03,16
+13.186000E-03,16
+13.188000E-03,16
+13.190000E-03,16
+13.192000E-03,16
+13.194000E-03,16
+13.196000E-03,16
+13.198000E-03,16
+13.200000E-03,16
+13.202000E-03,16
+13.204000E-03,16
+13.206000E-03,16
+13.208000E-03,16
+13.210000E-03,16
+13.212000E-03,16
+13.214000E-03,16
+13.216000E-03,16
+13.218000E-03,16
+13.220000E-03,16
+13.222000E-03,16
+13.224000E-03,16
+13.226000E-03,16
+13.228000E-03,16
+13.230000E-03,16
+13.232000E-03,16
+13.234000E-03,16
+13.236000E-03,16
+13.238000E-03,16
+13.240000E-03,16
+13.242000E-03,16
+13.244000E-03,16
+13.246000E-03,16
+13.248000E-03,16
+13.250000E-03,16
+13.252000E-03,16
+13.254000E-03,16
+13.256000E-03,16
+13.258000E-03,16
+13.260000E-03,16
+13.262000E-03,16
+13.264000E-03,16
+13.266000E-03,16
+13.268000E-03,16
+13.270000E-03,16
+13.272000E-03,16
+13.274000E-03,16
+13.276000E-03,16
+13.278000E-03,16
+13.280000E-03,16
+13.282000E-03,16
+13.284000E-03,16
+13.286000E-03,16
+13.288000E-03,16
+13.290000E-03,16
+13.292000E-03,16
+13.294000E-03,16
+13.296000E-03,16
+13.298000E-03,16
+13.300000E-03,16
+13.302000E-03,16
+13.304000E-03,16
+13.306000E-03,16
+13.308000E-03,16
+13.310000E-03,16
+13.312000E-03,16
+13.314000E-03,16
+13.316000E-03,16
+13.318000E-03,16
+13.320000E-03,16
+13.322000E-03,16
+13.324000E-03,16
+13.326000E-03,16
+13.328000E-03,16
+13.330000E-03,16
+13.332000E-03,16
+13.334000E-03,16
+13.336000E-03,16
+13.338000E-03,16
+13.340000E-03,16
+13.342000E-03,16
+13.344000E-03,16
+13.346000E-03,16
+13.348000E-03,16
+13.350000E-03,16
+13.352000E-03,16
+13.354000E-03,16
+13.356000E-03,16
+13.358000E-03,16
+13.360000E-03,16
+13.362000E-03,16
+13.364000E-03,16
+13.366000E-03,16
+13.368000E-03,16
+13.370000E-03,16
+13.372000E-03,16
+13.374000E-03,16
+13.376000E-03,16
+13.378000E-03,16
+13.380000E-03,16
+13.382000E-03,16
+13.384000E-03,16
+13.386000E-03,16
+13.388000E-03,16
+13.390000E-03,16
+13.392000E-03,16
+13.394000E-03,16
+13.396000E-03,16
+13.398000E-03,16
+13.400000E-03,16
+13.402000E-03,16
+13.404000E-03,16
+13.406000E-03,16
+13.408000E-03,16
+13.410000E-03,16
+13.412000E-03,16
+13.414000E-03,16
+13.416000E-03,16
+13.418000E-03,16
+13.420000E-03,16
+13.422000E-03,16
+13.424000E-03,16
+13.426000E-03,16
+13.428000E-03,16
+13.430000E-03,16
+13.432000E-03,16
+13.434000E-03,16
+13.436000E-03,16
+13.438000E-03,16
+13.440000E-03,16
+13.442000E-03,16
+13.444000E-03,16
+13.446000E-03,16
+13.448000E-03,16
+13.450000E-03,16
+13.452000E-03,16
+13.454000E-03,16
+13.456000E-03,16
+13.458000E-03,16
+13.460000E-03,16
+13.462000E-03,16
+13.464000E-03,16
+13.466000E-03,16
+13.468000E-03,16
+13.470000E-03,16
+13.472000E-03,16
+13.474000E-03,16
+13.476000E-03,16
+13.478000E-03,16
+13.480000E-03,16
+13.482000E-03,16
+13.484000E-03,16
+13.486000E-03,16
+13.488000E-03,16
+13.490000E-03,16
+13.492000E-03,16
+13.494000E-03,16
+13.496000E-03,16
+13.498000E-03,16
+13.500000E-03,16
+13.502000E-03,16
+13.504000E-03,16
+13.506000E-03,16
+13.508000E-03,16
+13.510000E-03,16
+13.512000E-03,16
+13.514000E-03,16
+13.516000E-03,16
+13.518000E-03,16
+13.520000E-03,16
+13.522000E-03,16
+13.524000E-03,16
+13.526000E-03,16
+13.528000E-03,16
+13.530000E-03,16
+13.532000E-03,16
+13.534000E-03,16
+13.536000E-03,16
+13.538000E-03,16
+13.540000E-03,16
+13.542000E-03,16
+13.544000E-03,16
+13.546000E-03,16
+13.548000E-03,16
+13.550000E-03,16
+13.552000E-03,16
+13.554000E-03,16
+13.556000E-03,16
+13.558000E-03,16
+13.560000E-03,16
+13.562000E-03,16
+13.564000E-03,16
+13.566000E-03,16
+13.568000E-03,16
+13.570000E-03,16
+13.572000E-03,16
+13.574000E-03,16
+13.576000E-03,16
+13.578000E-03,16
+13.580000E-03,16
+13.582000E-03,16
+13.584000E-03,16
+13.586000E-03,16
+13.588000E-03,16
+13.590000E-03,16
+13.592000E-03,16
+13.594000E-03,16
+13.596000E-03,16
+13.598000E-03,16
+13.600000E-03,16
+13.602000E-03,16
+13.604000E-03,16
+13.606000E-03,16
+13.608000E-03,16
+13.610000E-03,16
+13.612000E-03,16
+13.614000E-03,16
+13.616000E-03,16
+13.618000E-03,16
+13.620000E-03,16
+13.622000E-03,16
+13.624000E-03,16
+13.626000E-03,16
+13.628000E-03,16
+13.630000E-03,16
+13.632000E-03,16
+13.634000E-03,16
+13.636000E-03,16
+13.638000E-03,16
+13.640000E-03,16
+13.642000E-03,16
+13.644000E-03,16
+13.646000E-03,16
+13.648000E-03,16
+13.650000E-03,16
+13.652000E-03,16
+13.654000E-03,16
+13.656000E-03,16
+13.658000E-03,16
+13.660000E-03,16
+13.662000E-03,16
+13.664000E-03,16
+13.666000E-03,16
+13.668000E-03,16
+13.670000E-03,16
+13.672000E-03,16
+13.674000E-03,16
+13.676000E-03,16
+13.678000E-03,16
+13.680000E-03,16
+13.682000E-03,16
+13.684000E-03,16
+13.686000E-03,16
+13.688000E-03,16
+13.690000E-03,16
+13.692000E-03,16
+13.694000E-03,16
+13.696000E-03,16
+13.698000E-03,16
+13.700000E-03,16
+13.702000E-03,16
+13.704000E-03,16
+13.706000E-03,16
+13.708000E-03,16
+13.710000E-03,16
+13.712000E-03,16
+13.714000E-03,16
+13.716000E-03,16
+13.718000E-03,16
+13.720000E-03,16
+13.722000E-03,16
+13.724000E-03,16
+13.726000E-03,16
+13.728000E-03,16
+13.730000E-03,16
+13.732000E-03,16
+13.734000E-03,16
+13.736000E-03,16
+13.738000E-03,16
+13.740000E-03,16
+13.742000E-03,16
+13.744000E-03,16
+13.746000E-03,16
+13.748000E-03,16
+13.750000E-03,16
+13.752000E-03,16
+13.754000E-03,16
+13.756000E-03,16
+13.758000E-03,16
+13.760000E-03,16
+13.762000E-03,16
+13.764000E-03,16
+13.766000E-03,16
+13.768000E-03,16
+13.770000E-03,16
+13.772000E-03,16
+13.774000E-03,16
+13.776000E-03,16
+13.778000E-03,16
+13.780000E-03,16
+13.782000E-03,16
+13.784000E-03,16
+13.786000E-03,16
+13.788000E-03,16
+13.790000E-03,16
+13.792000E-03,16
+13.794000E-03,16
+13.796000E-03,16
+13.798000E-03,16
+13.800000E-03,16
+13.802000E-03,16
+13.804000E-03,16
+13.806000E-03,16
+13.808000E-03,16
+13.810000E-03,16
+13.812000E-03,16
+13.814000E-03,16
+13.816000E-03,16
+13.818000E-03,16
+13.820000E-03,16
+13.822000E-03,16
+13.824000E-03,16
+13.826000E-03,16
+13.828000E-03,16
+13.830000E-03,16
+13.832000E-03,16
+13.834000E-03,16
+13.836000E-03,16
+13.838000E-03,16
+13.840000E-03,16
+13.842000E-03,16
+13.844000E-03,16
+13.846000E-03,16
+13.848000E-03,16
+13.850000E-03,16
+13.852000E-03,16
+13.854000E-03,16
+13.856000E-03,16
+13.858000E-03,16
+13.860000E-03,16
+13.862000E-03,16
+13.864000E-03,16
+13.866000E-03,16
+13.868000E-03,16
+13.870000E-03,16
+13.872000E-03,16
+13.874000E-03,16
+13.876000E-03,16
+13.878000E-03,16
+13.880000E-03,16
+13.882000E-03,16
+13.884000E-03,16
+13.886000E-03,16
+13.888000E-03,16
+13.890000E-03,16
+13.892000E-03,16
+13.894000E-03,16
+13.896000E-03,16
+13.898000E-03,16
+13.900000E-03,16
+13.902000E-03,16
+13.904000E-03,16
+13.906000E-03,16
+13.908000E-03,16
+13.910000E-03,16
+13.912000E-03,16
+13.914000E-03,16
+13.916000E-03,16
+13.918000E-03,16
+13.920000E-03,16
+13.922000E-03,16
+13.924000E-03,16
+13.926000E-03,16
+13.928000E-03,16
+13.930000E-03,16
+13.932000E-03,16
+13.934000E-03,16
+13.936000E-03,16
+13.938000E-03,16
+13.940000E-03,16
+13.942000E-03,16
+13.944000E-03,16
+13.946000E-03,16
+13.948000E-03,16
+13.950000E-03,16
+13.952000E-03,16
+13.954000E-03,16
+13.956000E-03,16
+13.958000E-03,16
+13.960000E-03,16
+13.962000E-03,16
+13.964000E-03,16
+13.966000E-03,16
+13.968000E-03,16
+13.970000E-03,16
+13.972000E-03,16
+13.974000E-03,16
+13.976000E-03,16
+13.978000E-03,16
+13.980000E-03,16
+13.982000E-03,16
+13.984000E-03,16
+13.986000E-03,16
+13.988000E-03,16
+13.990000E-03,16
+13.992000E-03,16
+13.994000E-03,16
+13.996000E-03,16
+13.998000E-03,16
+14.000000E-03,16
+14.002000E-03,16
+14.004000E-03,16
+14.006000E-03,16
+14.008000E-03,16
+14.010000E-03,16
+14.012000E-03,16
+14.014000E-03,16
+14.016000E-03,16
+14.018000E-03,16
+14.020000E-03,16
+14.022000E-03,16
+14.024000E-03,16
+14.026000E-03,16
+14.028000E-03,16
+14.030000E-03,16
+14.032000E-03,16
+14.034000E-03,16
+14.036000E-03,16
+14.038000E-03,16
+14.040000E-03,16
+14.042000E-03,16
+14.044000E-03,16
+14.046000E-03,16
+14.048000E-03,16
+14.050000E-03,16
+14.052000E-03,16
+14.054000E-03,16
+14.056000E-03,16
+14.058000E-03,16
+14.060000E-03,16
+14.062000E-03,16
+14.064000E-03,16
+14.066000E-03,16
+14.068000E-03,16
+14.070000E-03,16
+14.072000E-03,16
+14.074000E-03,16
+14.076000E-03,16
+14.078000E-03,16
+14.080000E-03,16
+14.082000E-03,16
+14.084000E-03,16
+14.086000E-03,16
+14.088000E-03,16
+14.090000E-03,16
+14.092000E-03,16
+14.094000E-03,16
+14.096000E-03,16
+14.098000E-03,16
+14.100000E-03,16
+14.102000E-03,16
+14.104000E-03,16
+14.106000E-03,16
+14.108000E-03,16
+14.110000E-03,16
+14.112000E-03,16
+14.114000E-03,16
+14.116000E-03,16
+14.118000E-03,16
+14.120000E-03,16
+14.122000E-03,16
+14.124000E-03,16
+14.126000E-03,16
+14.128000E-03,16
+14.130000E-03,16
+14.132000E-03,16
+14.134000E-03,16
+14.136000E-03,16
+14.138000E-03,16
+14.140000E-03,16
+14.142000E-03,16
+14.144000E-03,16
+14.146000E-03,16
+14.148000E-03,16
+14.150000E-03,16
+14.152000E-03,16
+14.154000E-03,16
+14.156000E-03,16
+14.158000E-03,16
+14.160000E-03,16
+14.162000E-03,16
+14.164000E-03,16
+14.166000E-03,16
+14.168000E-03,16
+14.170000E-03,16
+14.172000E-03,16
+14.174000E-03,16
+14.176000E-03,16
+14.178000E-03,16
+14.180000E-03,16
+14.182000E-03,16
+14.184000E-03,16
+14.186000E-03,16
+14.188000E-03,16
+14.190000E-03,16
+14.192000E-03,16
+14.194000E-03,16
+14.196000E-03,16
+14.198000E-03,16
+14.200000E-03,16
+14.202000E-03,16
+14.204000E-03,16
+14.206000E-03,16
+14.208000E-03,16
+14.210000E-03,16
+14.212000E-03,16
+14.214000E-03,16
+14.216000E-03,16
+14.218000E-03,16
+14.220000E-03,16
+14.222000E-03,16
+14.224000E-03,16
+14.226000E-03,16
+14.228000E-03,16
+14.230000E-03,16
+14.232000E-03,16
+14.234000E-03,16
+14.236000E-03,16
+14.238000E-03,16
+14.240000E-03,16
+14.242000E-03,16
+14.244000E-03,16
+14.246000E-03,16
+14.248000E-03,16
+14.250000E-03,16
+14.252000E-03,16
+14.254000E-03,16
+14.256000E-03,16
+14.258000E-03,16
+14.260000E-03,16
+14.262000E-03,16
+14.264000E-03,16
+14.266000E-03,16
+14.268000E-03,16
+14.270000E-03,16
+14.272000E-03,16
+14.274000E-03,16
+14.276000E-03,16
+14.278000E-03,16
+14.280000E-03,16
+14.282000E-03,16
+14.284000E-03,16
+14.286000E-03,16
+14.288000E-03,16
+14.290000E-03,16
+14.292000E-03,16
+14.294000E-03,16
+14.296000E-03,16
+14.298000E-03,16
+14.300000E-03,16
+14.302000E-03,16
+14.304000E-03,16
+14.306000E-03,16
+14.308000E-03,16
+14.310000E-03,16
+14.312000E-03,16
+14.314000E-03,16
+14.316000E-03,16
+14.318000E-03,16
+14.320000E-03,16
+14.322000E-03,16
+14.324000E-03,16
+14.326000E-03,16
+14.328000E-03,16
+14.330000E-03,16
+14.332000E-03,16
+14.334000E-03,16
+14.336000E-03,16
+14.338000E-03,16
+14.340000E-03,16
+14.342000E-03,16
+14.344000E-03,16
+14.346000E-03,16
+14.348000E-03,16
+14.350000E-03,16
+14.352000E-03,16
+14.354000E-03,16
+14.356000E-03,16
+14.358000E-03,16
+14.360000E-03,16
+14.362000E-03,16
+14.364000E-03,16
+14.366000E-03,16
+14.368000E-03,16
+14.370000E-03,16
+14.372000E-03,16
+14.374000E-03,16
+14.376000E-03,16
+14.378000E-03,16
+14.380000E-03,16
+14.382000E-03,16
+14.384000E-03,16
+14.386000E-03,16
+14.388000E-03,16
+14.390000E-03,16
+14.392000E-03,16
+14.394000E-03,16
+14.396000E-03,16
+14.398000E-03,16
+14.400000E-03,16
+14.402000E-03,16
+14.404000E-03,16
+14.406000E-03,16
+14.408000E-03,16
+14.410000E-03,16
+14.412000E-03,16
+14.414000E-03,16
+14.416000E-03,16
+14.418000E-03,16
+14.420000E-03,16
+14.422000E-03,16
+14.424000E-03,16
+14.426000E-03,16
+14.428000E-03,16
+14.430000E-03,16
+14.432000E-03,16
+14.434000E-03,16
+14.436000E-03,16
+14.438000E-03,16
+14.440000E-03,16
+14.442000E-03,16
+14.444000E-03,16
+14.446000E-03,16
+14.448000E-03,16
+14.450000E-03,16
+14.452000E-03,16
+14.454000E-03,16
+14.456000E-03,16
+14.458000E-03,16
+14.460000E-03,16
+14.462000E-03,16
+14.464000E-03,16
+14.466000E-03,16
+14.468000E-03,16
+14.470000E-03,16
+14.472000E-03,16
+14.474000E-03,16
+14.476000E-03,16
+14.478000E-03,16
+14.480000E-03,16
+14.482000E-03,16
+14.484000E-03,16
+14.486000E-03,16
+14.488000E-03,16
+14.490000E-03,16
+14.492000E-03,16
+14.494000E-03,16
+14.496000E-03,16
+14.498000E-03,16
+14.500000E-03,16
+14.502000E-03,16
+14.504000E-03,16
+14.506000E-03,16
+14.508000E-03,16
+14.510000E-03,16
+14.512000E-03,16
+14.514000E-03,16
+14.516000E-03,16
+14.518000E-03,16
+14.520000E-03,16
+14.522000E-03,16
+14.524000E-03,16
+14.526000E-03,16
+14.528000E-03,16
+14.530000E-03,16
+14.532000E-03,16
+14.534000E-03,16
+14.536000E-03,16
+14.538000E-03,16
+14.540000E-03,16
+14.542000E-03,16
+14.544000E-03,16
+14.546000E-03,16
+14.548000E-03,16
+14.550000E-03,16
+14.552000E-03,16
+14.554000E-03,16
+14.556000E-03,16
+14.558000E-03,16
+14.560000E-03,16
+14.562000E-03,16
+14.564000E-03,16
+14.566000E-03,16
+14.568000E-03,16
+14.570000E-03,16
+14.572000E-03,16
+14.574000E-03,16
+14.576000E-03,16
+14.578000E-03,16
+14.580000E-03,16
+14.582000E-03,16
+14.584000E-03,16
+14.586000E-03,16
+14.588000E-03,16
+14.590000E-03,16
+14.592000E-03,16
+14.594000E-03,16
+14.596000E-03,16
+14.598000E-03,16
+14.600000E-03,16
+14.602000E-03,16
+14.604000E-03,16
+14.606000E-03,16
+14.608000E-03,16
+14.610000E-03,16
+14.612000E-03,16
+14.614000E-03,16
+14.616000E-03,16
+14.618000E-03,16
+14.620000E-03,16
+14.622000E-03,16
+14.624000E-03,16
+14.626000E-03,16
+14.628000E-03,16
+14.630000E-03,16
+14.632000E-03,16
+14.634000E-03,16
+14.636000E-03,16
+14.638000E-03,16
+14.640000E-03,16
+14.642000E-03,16
+14.644000E-03,16
+14.646000E-03,16
+14.648000E-03,16
+14.650000E-03,16
+14.652000E-03,16
+14.654000E-03,16
+14.656000E-03,16
+14.658000E-03,16
+14.660000E-03,16
+14.662000E-03,16
+14.664000E-03,16
+14.666000E-03,16
+14.668000E-03,16
+14.670000E-03,16
+14.672000E-03,16
+14.674000E-03,16
+14.676000E-03,16
+14.678000E-03,16
+14.680000E-03,16
+14.682000E-03,16
+14.684000E-03,16
+14.686000E-03,16
+14.688000E-03,16
+14.690000E-03,16
+14.692000E-03,16
+14.694000E-03,16
+14.696000E-03,16
+14.698000E-03,16
+14.700000E-03,16
+14.702000E-03,16
+14.704000E-03,16
+14.706000E-03,16
+14.708000E-03,16
+14.710000E-03,16
+14.712000E-03,16
+14.714000E-03,16
+14.716000E-03,16
+14.718000E-03,16
+14.720000E-03,16
+14.722000E-03,16
+14.724000E-03,16
+14.726000E-03,16
+14.728000E-03,16
+14.730000E-03,16
+14.732000E-03,16
+14.734000E-03,16
+14.736000E-03,16
+14.738000E-03,16
+14.740000E-03,16
+14.742000E-03,16
+14.744000E-03,16
+14.746000E-03,16
+14.748000E-03,16
+14.750000E-03,16
+14.752000E-03,16
+14.754000E-03,16
+14.756000E-03,16
+14.758000E-03,16
+14.760000E-03,16
+14.762000E-03,16
+14.764000E-03,16
+14.766000E-03,16
+14.768000E-03,16
+14.770000E-03,16
+14.772000E-03,16
+14.774000E-03,16
+14.776000E-03,16
+14.778000E-03,16
+14.780000E-03,16
+14.782000E-03,16
+14.784000E-03,16
+14.786000E-03,16
+14.788000E-03,16
+14.790000E-03,16
+14.792000E-03,16
+14.794000E-03,16
+14.796000E-03,16
+14.798000E-03,16
+14.800000E-03,16
+14.802000E-03,16
+14.804000E-03,16
+14.806000E-03,16
+14.808000E-03,16
+14.810000E-03,16
+14.812000E-03,16
+14.814000E-03,16
+14.816000E-03,16
+14.818000E-03,16
+14.820000E-03,16
+14.822000E-03,16
+14.824000E-03,16
+14.826000E-03,16
+14.828000E-03,16
+14.830000E-03,16
+14.832000E-03,16
+14.834000E-03,16
+14.836000E-03,16
+14.838000E-03,16
+14.840000E-03,16
+14.842000E-03,16
+14.844000E-03,16
+14.846000E-03,16
+14.848000E-03,16
+14.850000E-03,16
+14.852000E-03,16
+14.854000E-03,16
+14.856000E-03,16
+14.858000E-03,16
+14.860000E-03,16
+14.862000E-03,16
+14.864000E-03,16
+14.866000E-03,16
+14.868000E-03,16
+14.870000E-03,16
+14.872000E-03,16
+14.874000E-03,16
+14.876000E-03,16
+14.878000E-03,16
+14.880000E-03,16
+14.882000E-03,16
+14.884000E-03,16
+14.886000E-03,16
+14.888000E-03,16
+14.890000E-03,16
+14.892000E-03,16
+14.894000E-03,16
+14.896000E-03,16
+14.898000E-03,16
+14.900000E-03,16
+14.902000E-03,16
+14.904000E-03,16
+14.906000E-03,16
+14.908000E-03,16
+14.910000E-03,16
+14.912000E-03,16
+14.914000E-03,16
+14.916000E-03,16
+14.918000E-03,16
+14.920000E-03,16
+14.922000E-03,16
+14.924000E-03,16
+14.926000E-03,16
+14.928000E-03,16
+14.930000E-03,16
+14.932000E-03,16
+14.934000E-03,16
+14.936000E-03,16
+14.938000E-03,16
+14.940000E-03,16
+14.942000E-03,16
+14.944000E-03,16
+14.946000E-03,16
+14.948000E-03,16
+14.950000E-03,16
+14.952000E-03,16
+14.954000E-03,16
+14.956000E-03,16
+14.958000E-03,16
+14.960000E-03,16
+14.962000E-03,16
+14.964000E-03,16
+14.966000E-03,16
+14.968000E-03,16
+14.970000E-03,16
+14.972000E-03,16
+14.974000E-03,16
+14.976000E-03,16
+14.978000E-03,16
+14.980000E-03,16
+14.982000E-03,16
+14.984000E-03,16
+14.986000E-03,16
+14.988000E-03,16
+14.990000E-03,16
+14.992000E-03,16
+14.994000E-03,16
+14.996000E-03,16
+14.998000E-03,16
+15.000000E-03,16
+15.002000E-03,16
+15.004000E-03,16
+15.006000E-03,16
+15.008000E-03,16
+15.010000E-03,16
+15.012000E-03,16
+15.014000E-03,16
+15.016000E-03,16
+15.018000E-03,16
+15.020000E-03,16
+15.022000E-03,16
+15.024000E-03,16
+15.026000E-03,16
+15.028000E-03,16
+15.030000E-03,16
+15.032000E-03,16
+15.034000E-03,16
+15.036000E-03,16
+15.038000E-03,16
+15.040000E-03,16
+15.042000E-03,16
+15.044000E-03,16
+15.046000E-03,16
+15.048000E-03,16
+15.050000E-03,16
+15.052000E-03,16
+15.054000E-03,16
+15.056000E-03,16
+15.058000E-03,16
+15.060000E-03,16
+15.062000E-03,16
+15.064000E-03,16
+15.066000E-03,16
+15.068000E-03,16
+15.070000E-03,16
+15.072000E-03,16
+15.074000E-03,16
+15.076000E-03,16
+15.078000E-03,16
+15.080000E-03,16
+15.082000E-03,16
+15.084000E-03,16
+15.086000E-03,16
+15.088000E-03,16
+15.090000E-03,16
+15.092000E-03,16
+15.094000E-03,16
+15.096000E-03,16
+15.098000E-03,16
+15.100000E-03,16
+15.102000E-03,16
+15.104000E-03,16
+15.106000E-03,16
+15.108000E-03,16
+15.110000E-03,16
+15.112000E-03,16
+15.114000E-03,16
+15.116000E-03,16
+15.118000E-03,16
+15.120000E-03,16
+15.122000E-03,16
+15.124000E-03,16
+15.126000E-03,16
+15.128000E-03,16
+15.130000E-03,16
+15.132000E-03,16
+15.134000E-03,16
+15.136000E-03,16
+15.138000E-03,16
+15.140000E-03,16
+15.142000E-03,16
+15.144000E-03,16
+15.146000E-03,16
+15.148000E-03,16
+15.150000E-03,16
+15.152000E-03,16
+15.154000E-03,16
+15.156000E-03,16
+15.158000E-03,16
+15.160000E-03,16
+15.162000E-03,16
+15.164000E-03,16
+15.166000E-03,16
+15.168000E-03,16
+15.170000E-03,16
+15.172000E-03,16
+15.174000E-03,16
+15.176000E-03,16
+15.178000E-03,16
+15.180000E-03,16
+15.182000E-03,16
+15.184000E-03,16
+15.186000E-03,16
+15.188000E-03,16
+15.190000E-03,16
+15.192000E-03,16
+15.194000E-03,16
+15.196000E-03,16
+15.198000E-03,16
+15.200000E-03,16
+15.202000E-03,16
+15.204000E-03,16
+15.206000E-03,16
+15.208000E-03,16
+15.210000E-03,16
+15.212000E-03,16
+15.214000E-03,16
+15.216000E-03,16
+15.218000E-03,16
+15.220000E-03,16
+15.222000E-03,16
+15.224000E-03,16
+15.226000E-03,16
+15.228000E-03,16
+15.230000E-03,16
+15.232000E-03,16
+15.234000E-03,16
+15.236000E-03,16
+15.238000E-03,16
+15.240000E-03,16
+15.242000E-03,16
+15.244000E-03,16
+15.246000E-03,16
+15.248000E-03,16
+15.250000E-03,16
+15.252000E-03,16
+15.254000E-03,16
+15.256000E-03,16
+15.258000E-03,16
+15.260000E-03,16
+15.262000E-03,16
+15.264000E-03,16
+15.266000E-03,16
+15.268000E-03,16
+15.270000E-03,16
+15.272000E-03,16
+15.274000E-03,16
+15.276000E-03,16
+15.278000E-03,16
+15.280000E-03,16
+15.282000E-03,16
+15.284000E-03,16
+15.286000E-03,16
+15.288000E-03,16
+15.290000E-03,16
+15.292000E-03,16
+15.294000E-03,16
+15.296000E-03,16
+15.298000E-03,16
+15.300000E-03,16
+15.302000E-03,16
+15.304000E-03,16
+15.306000E-03,16
+15.308000E-03,16
+15.310000E-03,16
+15.312000E-03,16
+15.314000E-03,16
+15.316000E-03,16
+15.318000E-03,16
+15.320000E-03,16
+15.322000E-03,16
+15.324000E-03,16
+15.326000E-03,16
+15.328000E-03,16
+15.330000E-03,16
+15.332000E-03,16
+15.334000E-03,16
+15.336000E-03,16
+15.338000E-03,16
+15.340000E-03,16
+15.342000E-03,16
+15.344000E-03,16
+15.346000E-03,16
+15.348000E-03,16
+15.350000E-03,16
+15.352000E-03,16
+15.354000E-03,16
+15.356000E-03,16
+15.358000E-03,16
+15.360000E-03,16
+15.362000E-03,16
+15.364000E-03,16
+15.366000E-03,16
+15.368000E-03,16
+15.370000E-03,16
+15.372000E-03,16
+15.374000E-03,16
+15.376000E-03,16
+15.378000E-03,16
+15.380000E-03,16
+15.382000E-03,16
+15.384000E-03,16
+15.386000E-03,16
+15.388000E-03,16
+15.390000E-03,16
+15.392000E-03,16
+15.394000E-03,16
+15.396000E-03,16
+15.398000E-03,16
+15.400000E-03,16
+15.402000E-03,16
+15.404000E-03,16
+15.406000E-03,16
+15.408000E-03,16
+15.410000E-03,16
+15.412000E-03,16
+15.414000E-03,16
+15.416000E-03,16
+15.418000E-03,16
+15.420000E-03,16
+15.422000E-03,16
+15.424000E-03,16
+15.426000E-03,16
+15.428000E-03,16
+15.430000E-03,16
+15.432000E-03,16
+15.434000E-03,16
+15.436000E-03,16
+15.438000E-03,16
+15.440000E-03,16
+15.442000E-03,16
+15.444000E-03,16
+15.446000E-03,16
+15.448000E-03,16
+15.450000E-03,16
+15.452000E-03,16
+15.454000E-03,16
+15.456000E-03,16
+15.458000E-03,16
+15.460000E-03,16
+15.462000E-03,16
+15.464000E-03,16
+15.466000E-03,16
+15.468000E-03,16
+15.470000E-03,16
+15.472000E-03,16
+15.474000E-03,16
+15.476000E-03,16
+15.478000E-03,16
+15.480000E-03,16
+15.482000E-03,16
+15.484000E-03,16
+15.486000E-03,16
+15.488000E-03,16
+15.490000E-03,16
+15.492000E-03,16
+15.494000E-03,16
+15.496000E-03,16
+15.498000E-03,16
+15.500000E-03,16
+15.502000E-03,16
+15.504000E-03,16
+15.506000E-03,16
+15.508000E-03,16
+15.510000E-03,16
+15.512000E-03,16
+15.514000E-03,16
+15.516000E-03,16
+15.518000E-03,16
+15.520000E-03,16
+15.522000E-03,16
+15.524000E-03,16
+15.526000E-03,16
+15.528000E-03,16
+15.530000E-03,16
+15.532000E-03,16
+15.534000E-03,16
+15.536000E-03,16
+15.538000E-03,16
+15.540000E-03,16
+15.542000E-03,16
+15.544000E-03,16
+15.546000E-03,16
+15.548000E-03,16
+15.550000E-03,16
+15.552000E-03,16
+15.554000E-03,16
+15.556000E-03,16
+15.558000E-03,16
+15.560000E-03,16
+15.562000E-03,16
+15.564000E-03,16
+15.566000E-03,16
+15.568000E-03,16
+15.570000E-03,16
+15.572000E-03,16
+15.574000E-03,16
+15.576000E-03,16
+15.578000E-03,16
+15.580000E-03,16
+15.582000E-03,16
+15.584000E-03,16
+15.586000E-03,16
+15.588000E-03,16
+15.590000E-03,16
+15.592000E-03,16
+15.594000E-03,16
+15.596000E-03,16
+15.598000E-03,16
+15.600000E-03,16
+15.602000E-03,16
+15.604000E-03,16
+15.606000E-03,16
+15.608000E-03,16
+15.610000E-03,16
+15.612000E-03,16
+15.614000E-03,16
+15.616000E-03,16
+15.618000E-03,16
+15.620000E-03,16
+15.622000E-03,16
+15.624000E-03,16
+15.626000E-03,16
+15.628000E-03,16
+15.630000E-03,16
+15.632000E-03,16
+15.634000E-03,16
+15.636000E-03,16
+15.638000E-03,16
+15.640000E-03,16
+15.642000E-03,16
+15.644000E-03,16
+15.646000E-03,16
+15.648000E-03,16
+15.650000E-03,16
+15.652000E-03,16
+15.654000E-03,16
+15.656000E-03,16
+15.658000E-03,16
+15.660000E-03,16
+15.662000E-03,16
+15.664000E-03,16
+15.666000E-03,16
+15.668000E-03,16
+15.670000E-03,16
+15.672000E-03,16
+15.674000E-03,16
+15.676000E-03,16
+15.678000E-03,16
+15.680000E-03,16
+15.682000E-03,16
+15.684000E-03,16
+15.686000E-03,16
+15.688000E-03,16
+15.690000E-03,16
+15.692000E-03,16
+15.694000E-03,16
+15.696000E-03,16
+15.698000E-03,16
+15.700000E-03,16
+15.702000E-03,16
+15.704000E-03,16
+15.706000E-03,16
+15.708000E-03,16
+15.710000E-03,16
+15.712000E-03,16
+15.714000E-03,16
+15.716000E-03,16
+15.718000E-03,16
+15.720000E-03,16
+15.722000E-03,16
+15.724000E-03,16
+15.726000E-03,16
+15.728000E-03,16
+15.730000E-03,16
+15.732000E-03,16
+15.734000E-03,16
+15.736000E-03,16
+15.738000E-03,16
+15.740000E-03,16
+15.742000E-03,16
+15.744000E-03,16
+15.746000E-03,16
+15.748000E-03,16
+15.750000E-03,16
+15.752000E-03,16
+15.754000E-03,16
+15.756000E-03,16
+15.758000E-03,16
+15.760000E-03,16
+15.762000E-03,16
+15.764000E-03,16
+15.766000E-03,16
+15.768000E-03,16
+15.770000E-03,16
+15.772000E-03,16
+15.774000E-03,16
+15.776000E-03,16
+15.778000E-03,16
+15.780000E-03,16
+15.782000E-03,16
+15.784000E-03,16
+15.786000E-03,16
+15.788000E-03,16
+15.790000E-03,16
+15.792000E-03,16
+15.794000E-03,16
+15.796000E-03,16
+15.798000E-03,16
+15.800000E-03,16
+15.802000E-03,16
+15.804000E-03,16
+15.806000E-03,16
+15.808000E-03,16
+15.810000E-03,16
+15.812000E-03,16
+15.814000E-03,16
+15.816000E-03,16
+15.818000E-03,16
+15.820000E-03,16
+15.822000E-03,16
+15.824000E-03,16
+15.826000E-03,16
+15.828000E-03,16
+15.830000E-03,16
+15.832000E-03,16
+15.834000E-03,16
+15.836000E-03,16
+15.838000E-03,16
+15.840000E-03,16
+15.842000E-03,16
+15.844000E-03,16
+15.846000E-03,16
+15.848000E-03,16
+15.850000E-03,16
+15.852000E-03,16
+15.854000E-03,16
+15.856000E-03,16
+15.858000E-03,16
+15.860000E-03,16
+15.862000E-03,16
+15.864000E-03,16
+15.866000E-03,16
+15.868000E-03,16
+15.870000E-03,16
+15.872000E-03,16
+15.874000E-03,16
+15.876000E-03,16
+15.878000E-03,16
+15.880000E-03,16
+15.882000E-03,16
+15.884000E-03,16
+15.886000E-03,16
+15.888000E-03,16
+15.890000E-03,16
+15.892000E-03,16
+15.894000E-03,16
+15.896000E-03,16
+15.898000E-03,16
+15.900000E-03,16
+15.902000E-03,16
+15.904000E-03,16
+15.906000E-03,16
+15.908000E-03,16
+15.910000E-03,16
+15.912000E-03,16
+15.914000E-03,16
+15.916000E-03,16
+15.918000E-03,16
+15.920000E-03,16
+15.922000E-03,16
+15.924000E-03,16
+15.926000E-03,16
+15.928000E-03,16
+15.930000E-03,16
+15.932000E-03,16
+15.934000E-03,16
+15.936000E-03,16
+15.938000E-03,16
+15.940000E-03,16
+15.942000E-03,16
+15.944000E-03,16
+15.946000E-03,16
+15.948000E-03,16
+15.950000E-03,16
+15.952000E-03,16
+15.954000E-03,16
+15.956000E-03,16
+15.958000E-03,16
+15.960000E-03,16
+15.962000E-03,16
+15.964000E-03,16
+15.966000E-03,16
+15.968000E-03,16
+15.970000E-03,16
+15.972000E-03,16
+15.974000E-03,16
+15.976000E-03,16
+15.978000E-03,16
+15.980000E-03,16
+15.982000E-03,16
+15.984000E-03,16
+15.986000E-03,16
+15.988000E-03,16
+15.990000E-03,16
+15.992000E-03,16
+15.994000E-03,16
+15.996000E-03,16
+15.998000E-03,16
+16.000000E-03,16
+16.002000E-03,16
+16.004000E-03,16
+16.006000E-03,16
+16.008000E-03,16
+16.010000E-03,16
+16.012000E-03,16
+16.014000E-03,16
+16.016000E-03,16
+16.018000E-03,16
+16.020000E-03,16
+16.022000E-03,16
+16.024000E-03,16
+16.026000E-03,16
+16.028000E-03,16
+16.030000E-03,16
+16.032000E-03,16
+16.034000E-03,16
+16.036000E-03,16
+16.038000E-03,16
+16.040000E-03,16
+16.042000E-03,16
+16.044000E-03,16
+16.046000E-03,16
+16.048000E-03,16
+16.050000E-03,16
+16.052000E-03,16
+16.054000E-03,16
+16.056000E-03,16
+16.058000E-03,16
+16.060000E-03,16
+16.062000E-03,16
+16.064000E-03,16
+16.066000E-03,16
+16.068000E-03,16
+16.070000E-03,16
+16.072000E-03,16
+16.074000E-03,16
+16.076000E-03,16
+16.078000E-03,16
+16.080000E-03,16
+16.082000E-03,16
+16.084000E-03,16
+16.086000E-03,16
+16.088000E-03,16
+16.090000E-03,16
+16.092000E-03,16
+16.094000E-03,16
+16.096000E-03,16
+16.098000E-03,16
+16.100000E-03,16
+16.102000E-03,16
+16.104000E-03,16
+16.106000E-03,16
+16.108000E-03,16
+16.110000E-03,16
+16.112000E-03,16
+16.114000E-03,16
+16.116000E-03,16
+16.118000E-03,16
+16.120000E-03,16
+16.122000E-03,16
+16.124000E-03,16
+16.126000E-03,16
+16.128000E-03,16
+16.130000E-03,16
+16.132000E-03,16
+16.134000E-03,16
+16.136000E-03,16
+16.138000E-03,16
+16.140000E-03,16
+16.142000E-03,16
+16.144000E-03,16
+16.146000E-03,16
+16.148000E-03,16
+16.150000E-03,16
+16.152000E-03,16
+16.154000E-03,16
+16.156000E-03,16
+16.158000E-03,16
+16.160000E-03,16
+16.162000E-03,16
+16.164000E-03,16
+16.166000E-03,16
+16.168000E-03,16
+16.170000E-03,16
+16.172000E-03,16
+16.174000E-03,16
+16.176000E-03,16
+16.178000E-03,16
+16.180000E-03,16
+16.182000E-03,16
+16.184000E-03,16
+16.186000E-03,16
+16.188000E-03,16
+16.190000E-03,16
+16.192000E-03,16
+16.194000E-03,16
+16.196000E-03,16
+16.198000E-03,16
+16.200000E-03,16
+16.202000E-03,16
+16.204000E-03,16
+16.206000E-03,16
+16.208000E-03,16
+16.210000E-03,16
+16.212000E-03,16
+16.214000E-03,16
+16.216000E-03,16
+16.218000E-03,16
+16.220000E-03,16
+16.222000E-03,16
+16.224000E-03,16
+16.226000E-03,16
+16.228000E-03,16
+16.230000E-03,16
+16.232000E-03,16
+16.234000E-03,16
+16.236000E-03,16
+16.238000E-03,16
+16.240000E-03,16
+16.242000E-03,16
+16.244000E-03,16
+16.246000E-03,16
+16.248000E-03,16
+16.250000E-03,16
+16.252000E-03,16
+16.254000E-03,16
+16.256000E-03,16
+16.258000E-03,16
+16.260000E-03,16
+16.262000E-03,16
+16.264000E-03,16
+16.266000E-03,16
+16.268000E-03,16
+16.270000E-03,16
+16.272000E-03,16
+16.274000E-03,16
+16.276000E-03,16
+16.278000E-03,16
+16.280000E-03,16
+16.282000E-03,16
+16.284000E-03,16
+16.286000E-03,16
+16.288000E-03,16
+16.290000E-03,16
+16.292000E-03,16
+16.294000E-03,16
+16.296000E-03,16
+16.298000E-03,16
+16.300000E-03,16
+16.302000E-03,16
+16.304000E-03,16
+16.306000E-03,16
+16.308000E-03,16
+16.310000E-03,16
+16.312000E-03,16
+16.314000E-03,16
+16.316000E-03,16
+16.318000E-03,16
+16.320000E-03,16
+16.322000E-03,16
+16.324000E-03,16
+16.326000E-03,16
+16.328000E-03,16
+16.330000E-03,16
+16.332000E-03,16
+16.334000E-03,16
+16.336000E-03,16
+16.338000E-03,16
+16.340000E-03,16
+16.342000E-03,16
+16.344000E-03,16
+16.346000E-03,16
+16.348000E-03,16
+16.350000E-03,16
+16.352000E-03,16
+16.354000E-03,16
+16.356000E-03,16
+16.358000E-03,16
+16.360000E-03,16
+16.362000E-03,16
+16.364000E-03,16
+16.366000E-03,16
+16.368000E-03,16
+16.370000E-03,16
+16.372000E-03,16
+16.374000E-03,16
+16.376000E-03,16
+16.378000E-03,16
+16.380000E-03,16
+16.382000E-03,16
+16.384000E-03,16
+16.386000E-03,16
+16.388000E-03,16
+16.390000E-03,16
+16.392000E-03,16
+16.394000E-03,16
+16.396000E-03,16
+16.398000E-03,16
+16.400000E-03,16
+16.402000E-03,16
+16.404000E-03,16
+16.406000E-03,16
+16.408000E-03,16
+16.410000E-03,16
+16.412000E-03,16
+16.414000E-03,16
+16.416000E-03,16
+16.418000E-03,16
+16.420000E-03,16
+16.422000E-03,16
+16.424000E-03,16
+16.426000E-03,16
+16.428000E-03,16
+16.430000E-03,16
+16.432000E-03,16
+16.434000E-03,16
+16.436000E-03,16
+16.438000E-03,16
+16.440000E-03,16
+16.442000E-03,16
+16.444000E-03,16
+16.446000E-03,16
+16.448000E-03,16
+16.450000E-03,16
+16.452000E-03,16
+16.454000E-03,16
+16.456000E-03,16
+16.458000E-03,16
+16.460000E-03,16
+16.462000E-03,16
+16.464000E-03,16
+16.466000E-03,16
+16.468000E-03,16
+16.470000E-03,16
+16.472000E-03,16
+16.474000E-03,16
+16.476000E-03,16
+16.478000E-03,16
+16.480000E-03,16
+16.482000E-03,16
+16.484000E-03,16
+16.486000E-03,16
+16.488000E-03,16
+16.490000E-03,16
+16.492000E-03,16
+16.494000E-03,16
+16.496000E-03,16
+16.498000E-03,16
+16.500000E-03,16
+16.502000E-03,16
+16.504000E-03,16
+16.506000E-03,16
+16.508000E-03,16
+16.510000E-03,16
+16.512000E-03,16
+16.514000E-03,16
+16.516000E-03,16
+16.518000E-03,16
+16.520000E-03,16
+16.522000E-03,16
+16.524000E-03,16
+16.526000E-03,16
+16.528000E-03,16
+16.530000E-03,16
+16.532000E-03,16
+16.534000E-03,16
+16.536000E-03,16
+16.538000E-03,16
+16.540000E-03,16
+16.542000E-03,16
+16.544000E-03,16
+16.546000E-03,16
+16.548000E-03,16
+16.550000E-03,16
+16.552000E-03,16
+16.554000E-03,16
+16.556000E-03,16
+16.558000E-03,16
+16.560000E-03,16
+16.562000E-03,16
+16.564000E-03,16
+16.566000E-03,16
+16.568000E-03,16
+16.570000E-03,16
+16.572000E-03,16
+16.574000E-03,16
+16.576000E-03,16
+16.578000E-03,16
+16.580000E-03,16
+16.582000E-03,16
+16.584000E-03,16
+16.586000E-03,16
+16.588000E-03,16
+16.590000E-03,16
+16.592000E-03,16
+16.594000E-03,16
+16.596000E-03,16
+16.598000E-03,16
+16.600000E-03,16
+16.602000E-03,16
+16.604000E-03,16
+16.606000E-03,16
+16.608000E-03,16
+16.610000E-03,16
+16.612000E-03,16
+16.614000E-03,16
+16.616000E-03,16
+16.618000E-03,16
+16.620000E-03,16
+16.622000E-03,16
+16.624000E-03,16
+16.626000E-03,16
+16.628000E-03,16
+16.630000E-03,16
+16.632000E-03,16
+16.634000E-03,16
+16.636000E-03,16
+16.638000E-03,16
+16.640000E-03,16
+16.642000E-03,16
+16.644000E-03,16
+16.646000E-03,16
+16.648000E-03,16
+16.650000E-03,16
+16.652000E-03,16
+16.654000E-03,16
+16.656000E-03,16
+16.658000E-03,16
+16.660000E-03,16
+16.662000E-03,16
+16.664000E-03,16
+16.666000E-03,16
+16.668000E-03,16
+16.670000E-03,16
+16.672000E-03,16
+16.674000E-03,16
+16.676000E-03,16
+16.678000E-03,16
+16.680000E-03,16
+16.682000E-03,16
+16.684000E-03,16
+16.686000E-03,16
+16.688000E-03,16
+16.690000E-03,16
+16.692000E-03,16
+16.694000E-03,16
+16.696000E-03,16
+16.698000E-03,16
+16.700000E-03,16
+16.702000E-03,16
+16.704000E-03,16
+16.706000E-03,16
+16.708000E-03,16
+16.710000E-03,16
+16.712000E-03,16
+16.714000E-03,16
+16.716000E-03,16
+16.718000E-03,16
+16.720000E-03,16
+16.722000E-03,16
+16.724000E-03,16
+16.726000E-03,16
+16.728000E-03,16
+16.730000E-03,16
+16.732000E-03,16
+16.734000E-03,16
+16.736000E-03,16
+16.738000E-03,16
+16.740000E-03,16
+16.742000E-03,16
+16.744000E-03,16
+16.746000E-03,16
+16.748000E-03,16
+16.750000E-03,16
+16.752000E-03,16
+16.754000E-03,16
+16.756000E-03,16
+16.758000E-03,16
+16.760000E-03,16
+16.762000E-03,16
+16.764000E-03,16
+16.766000E-03,16
+16.768000E-03,16
+16.770000E-03,16
+16.772000E-03,16
+16.774000E-03,16
+16.776000E-03,16
+16.778000E-03,16
+16.780000E-03,16
+16.782000E-03,16
+16.784000E-03,16
+16.786000E-03,16
+16.788000E-03,16
+16.790000E-03,16
+16.792000E-03,16
+16.794000E-03,16
+16.796000E-03,16
+16.798000E-03,16
+16.800000E-03,16
+16.802000E-03,16
+16.804000E-03,16
+16.806000E-03,16
+16.808000E-03,16
+16.810000E-03,16
+16.812000E-03,16
+16.814000E-03,16
+16.816000E-03,16
+16.818000E-03,16
+16.820000E-03,16
+16.822000E-03,16
+16.824000E-03,16
+16.826000E-03,16
+16.828000E-03,16
+16.830000E-03,16
+16.832000E-03,16
+16.834000E-03,16
+16.836000E-03,16
+16.838000E-03,16
+16.840000E-03,16
+16.842000E-03,16
+16.844000E-03,16
+16.846000E-03,16
+16.848000E-03,16
+16.850000E-03,16
+16.852000E-03,16
+16.854000E-03,16
+16.856000E-03,16
+16.858000E-03,16
+16.860000E-03,16
+16.862000E-03,16
+16.864000E-03,16
+16.866000E-03,16
+16.868000E-03,16
+16.870000E-03,16
+16.872000E-03,16
+16.874000E-03,16
+16.876000E-03,16
+16.878000E-03,16
+16.880000E-03,16
+16.882000E-03,16
+16.884000E-03,16
+16.886000E-03,16
+16.888000E-03,16
+16.890000E-03,16
+16.892000E-03,16
+16.894000E-03,16
+16.896000E-03,16
+16.898000E-03,16
+16.900000E-03,16
+16.902000E-03,16
+16.904000E-03,16
+16.906000E-03,16
+16.908000E-03,16
+16.910000E-03,16
+16.912000E-03,16
+16.914000E-03,16
+16.916000E-03,16
+16.918000E-03,16
+16.920000E-03,16
+16.922000E-03,16
+16.924000E-03,16
+16.926000E-03,16
+16.928000E-03,16
+16.930000E-03,16
+16.932000E-03,16
+16.934000E-03,16
+16.936000E-03,16
+16.938000E-03,16
+16.940000E-03,16
+16.942000E-03,16
+16.944000E-03,16
+16.946000E-03,16
+16.948000E-03,16
+16.950000E-03,16
+16.952000E-03,16
+16.954000E-03,16
+16.956000E-03,16
+16.958000E-03,16
+16.960000E-03,16
+16.962000E-03,16
+16.964000E-03,16
+16.966000E-03,16
+16.968000E-03,16
+16.970000E-03,16
+16.972000E-03,16
+16.974000E-03,16
+16.976000E-03,16
+16.978000E-03,16
+16.980000E-03,16
+16.982000E-03,16
+16.984000E-03,16
+16.986000E-03,16
+16.988000E-03,16
+16.990000E-03,16
+16.992000E-03,16
+16.994000E-03,16
+16.996000E-03,16
+16.998000E-03,16
+17.000000E-03,16
+17.002000E-03,16
+17.004000E-03,16
+17.006000E-03,16
+17.008000E-03,16
+17.010000E-03,16
+17.012000E-03,16
+17.014000E-03,16
+17.016000E-03,16
+17.018000E-03,16
+17.020000E-03,16
+17.022000E-03,16
+17.024000E-03,16
+17.026000E-03,16
+17.028000E-03,16
+17.030000E-03,16
+17.032000E-03,16
+17.034000E-03,16
+17.036000E-03,16
+17.038000E-03,16
+17.040000E-03,16
+17.042000E-03,16
+17.044000E-03,16
+17.046000E-03,16
+17.048000E-03,16
+17.050000E-03,16
+17.052000E-03,16
+17.054000E-03,16
+17.056000E-03,16
+17.058000E-03,16
+17.060000E-03,16
+17.062000E-03,16
+17.064000E-03,16
+17.066000E-03,16
+17.068000E-03,16
+17.070000E-03,16
+17.072000E-03,16
+17.074000E-03,16
+17.076000E-03,16
+17.078000E-03,16
+17.080000E-03,16
+17.082000E-03,16
+17.084000E-03,16
+17.086000E-03,16
+17.088000E-03,16
+17.090000E-03,16
+17.092000E-03,16
+17.094000E-03,16
+17.096000E-03,16
+17.098000E-03,16
+17.100000E-03,16
+17.102000E-03,16
+17.104000E-03,16
+17.106000E-03,16
+17.108000E-03,16
+17.110000E-03,16
+17.112000E-03,16
+17.114000E-03,16
+17.116000E-03,16
+17.118000E-03,16
+17.120000E-03,16
+17.122000E-03,16
+17.124000E-03,16
+17.126000E-03,16
+17.128000E-03,16
+17.130000E-03,16
+17.132000E-03,16
+17.134000E-03,16
+17.136000E-03,16
+17.138000E-03,16
+17.140000E-03,16
+17.142000E-03,16
+17.144000E-03,16
+17.146000E-03,16
+17.148000E-03,16
+17.150000E-03,16
+17.152000E-03,16
+17.154000E-03,16
+17.156000E-03,16
+17.158000E-03,16
+17.160000E-03,16
+17.162000E-03,16
+17.164000E-03,16
+17.166000E-03,16
+17.168000E-03,16
+17.170000E-03,16
+17.172000E-03,16
+17.174000E-03,16
+17.176000E-03,16
+17.178000E-03,16
+17.180000E-03,16
+17.182000E-03,16
+17.184000E-03,16
+17.186000E-03,16
+17.188000E-03,16
+17.190000E-03,16
+17.192000E-03,16
+17.194000E-03,16
+17.196000E-03,16
+17.198000E-03,16
+17.200000E-03,16
+17.202000E-03,16
+17.204000E-03,16
+17.206000E-03,16
+17.208000E-03,16
+17.210000E-03,16
+17.212000E-03,16
+17.214000E-03,16
+17.216000E-03,16
+17.218000E-03,16
+17.220000E-03,16
+17.222000E-03,16
+17.224000E-03,16
+17.226000E-03,16
+17.228000E-03,16
+17.230000E-03,16
+17.232000E-03,16
+17.234000E-03,16
+17.236000E-03,16
+17.238000E-03,16
+17.240000E-03,16
+17.242000E-03,16
+17.244000E-03,16
+17.246000E-03,16
+17.248000E-03,16
+17.250000E-03,16
+17.252000E-03,16
+17.254000E-03,16
+17.256000E-03,16
+17.258000E-03,16
+17.260000E-03,16
+17.262000E-03,16
+17.264000E-03,16
+17.266000E-03,16
+17.268000E-03,16
+17.270000E-03,16
+17.272000E-03,16
+17.274000E-03,16
+17.276000E-03,16
+17.278000E-03,16
+17.280000E-03,16
+17.282000E-03,16
+17.284000E-03,16
+17.286000E-03,16
+17.288000E-03,16
+17.290000E-03,16
+17.292000E-03,16
+17.294000E-03,16
+17.296000E-03,16
+17.298000E-03,16
+17.300000E-03,16
+17.302000E-03,16
+17.304000E-03,16
+17.306000E-03,16
+17.308000E-03,16
+17.310000E-03,16
+17.312000E-03,16
+17.314000E-03,16
+17.316000E-03,16
+17.318000E-03,16
+17.320000E-03,16
+17.322000E-03,16
+17.324000E-03,16
+17.326000E-03,16
+17.328000E-03,16
+17.330000E-03,16
+17.332000E-03,16
+17.334000E-03,16
+17.336000E-03,16
+17.338000E-03,16
+17.340000E-03,16
+17.342000E-03,16
+17.344000E-03,16
+17.346000E-03,16
+17.348000E-03,16
+17.350000E-03,16
+17.352000E-03,16
+17.354000E-03,16
+17.356000E-03,16
+17.358000E-03,16
+17.360000E-03,16
+17.362000E-03,16
+17.364000E-03,16
+17.366000E-03,16
+17.368000E-03,16
+17.370000E-03,16
+17.372000E-03,16
+17.374000E-03,16
+17.376000E-03,16
+17.378000E-03,16
+17.380000E-03,16
+17.382000E-03,16
+17.384000E-03,16
+17.386000E-03,16
+17.388000E-03,16
+17.390000E-03,16
+17.392000E-03,16
+17.394000E-03,16
+17.396000E-03,16
+17.398000E-03,16
+17.400000E-03,16
+17.402000E-03,16
+17.404000E-03,16
+17.406000E-03,16
+17.408000E-03,16
+17.410000E-03,16
+17.412000E-03,16
+17.414000E-03,16
+17.416000E-03,16
+17.418000E-03,16
+17.420000E-03,16
+17.422000E-03,16
+17.424000E-03,16
+17.426000E-03,16
+17.428000E-03,16
+17.430000E-03,16
+17.432000E-03,16
+17.434000E-03,16
+17.436000E-03,16
+17.438000E-03,16
+17.440000E-03,16
+17.442000E-03,16
+17.444000E-03,16
+17.446000E-03,16
+17.448000E-03,16
+17.450000E-03,16
+17.452000E-03,16
+17.454000E-03,16
+17.456000E-03,16
+17.458000E-03,16
+17.460000E-03,16
+17.462000E-03,16
+17.464000E-03,16
+17.466000E-03,16
+17.468000E-03,16
+17.470000E-03,16
+17.472000E-03,16
+17.474000E-03,16
+17.476000E-03,16
+17.478000E-03,16
+17.480000E-03,16
+17.482000E-03,16
+17.484000E-03,16
+17.486000E-03,16
+17.488000E-03,16
+17.490000E-03,16
+17.492000E-03,16
+17.494000E-03,16
+17.496000E-03,16
+17.498000E-03,16
+17.500000E-03,16
+17.502000E-03,16
+17.504000E-03,16
+17.506000E-03,16
+17.508000E-03,16
+17.510000E-03,16
+17.512000E-03,16
+17.514000E-03,16
+17.516000E-03,16
+17.518000E-03,16
+17.520000E-03,16
+17.522000E-03,16
+17.524000E-03,16
+17.526000E-03,16
+17.528000E-03,16
+17.530000E-03,16
+17.532000E-03,16
+17.534000E-03,16
+17.536000E-03,16
+17.538000E-03,16
+17.540000E-03,16
+17.542000E-03,16
+17.544000E-03,16
+17.546000E-03,16
+17.548000E-03,16
+17.550000E-03,16
+17.552000E-03,16
+17.554000E-03,16
+17.556000E-03,16
+17.558000E-03,16
+17.560000E-03,16
+17.562000E-03,16
+17.564000E-03,16
+17.566000E-03,16
+17.568000E-03,16
+17.570000E-03,16
+17.572000E-03,16
+17.574000E-03,16
+17.576000E-03,16
+17.578000E-03,16
+17.580000E-03,16
+17.582000E-03,16
+17.584000E-03,16
+17.586000E-03,16
+17.588000E-03,16
+17.590000E-03,16
+17.592000E-03,16
+17.594000E-03,16
+17.596000E-03,16
+17.598000E-03,16
+17.600000E-03,16
+17.602000E-03,16
+17.604000E-03,16
+17.606000E-03,16
+17.608000E-03,16
+17.610000E-03,16
+17.612000E-03,16
+17.614000E-03,16
+17.616000E-03,16
+17.618000E-03,16
+17.620000E-03,16
+17.622000E-03,16
+17.624000E-03,16
+17.626000E-03,16
+17.628000E-03,16
+17.630000E-03,16
+17.632000E-03,16
+17.634000E-03,16
+17.636000E-03,16
+17.638000E-03,16
+17.640000E-03,16
+17.642000E-03,16
+17.644000E-03,16
+17.646000E-03,16
+17.648000E-03,16
+17.650000E-03,16
+17.652000E-03,16
+17.654000E-03,16
+17.656000E-03,16
+17.658000E-03,16
+17.660000E-03,16
+17.662000E-03,16
+17.664000E-03,16
+17.666000E-03,16
+17.668000E-03,16
+17.670000E-03,16
+17.672000E-03,16
+17.674000E-03,16
+17.676000E-03,16
+17.678000E-03,16
+17.680000E-03,16
+17.682000E-03,16
+17.684000E-03,16
+17.686000E-03,16
+17.688000E-03,16
+17.690000E-03,16
+17.692000E-03,16
+17.694000E-03,16
+17.696000E-03,16
+17.698000E-03,16
+17.700000E-03,16
+17.702000E-03,16
+17.704000E-03,16
+17.706000E-03,16
+17.708000E-03,16
+17.710000E-03,16
+17.712000E-03,16
+17.714000E-03,16
+17.716000E-03,16
+17.718000E-03,16
+17.720000E-03,16
+17.722000E-03,16
+17.724000E-03,16
+17.726000E-03,16
+17.728000E-03,16
+17.730000E-03,16
+17.732000E-03,16
+17.734000E-03,16
+17.736000E-03,16
+17.738000E-03,16
+17.740000E-03,16
+17.742000E-03,16
+17.744000E-03,16
+17.746000E-03,16
+17.748000E-03,16
+17.750000E-03,16
+17.752000E-03,16
+17.754000E-03,16
+17.756000E-03,16
+17.758000E-03,16
+17.760000E-03,16
+17.762000E-03,16
+17.764000E-03,16
+17.766000E-03,16
+17.768000E-03,16
+17.770000E-03,16
+17.772000E-03,16
+17.774000E-03,16
+17.776000E-03,16
+17.778000E-03,16
+17.780000E-03,16
+17.782000E-03,16
+17.784000E-03,16
+17.786000E-03,16
+17.788000E-03,16
+17.790000E-03,16
+17.792000E-03,16
+17.794000E-03,16
+17.796000E-03,16
+17.798000E-03,16
+17.800000E-03,16
+17.802000E-03,16
+17.804000E-03,16
+17.806000E-03,16
+17.808000E-03,16
+17.810000E-03,16
+17.812000E-03,16
+17.814000E-03,16
+17.816000E-03,16
+17.818000E-03,16
+17.820000E-03,16
+17.822000E-03,16
+17.824000E-03,16
+17.826000E-03,16
+17.828000E-03,16
+17.830000E-03,16
+17.832000E-03,16
+17.834000E-03,16
+17.836000E-03,16
+17.838000E-03,16
+17.840000E-03,16
+17.842000E-03,16
+17.844000E-03,16
+17.846000E-03,16
+17.848000E-03,16
+17.850000E-03,16
+17.852000E-03,16
+17.854000E-03,16
+17.856000E-03,16
+17.858000E-03,16
+17.860000E-03,16
+17.862000E-03,16
+17.864000E-03,16
+17.866000E-03,16
+17.868000E-03,16
+17.870000E-03,16
+17.872000E-03,16
+17.874000E-03,16
+17.876000E-03,16
+17.878000E-03,16
+17.880000E-03,16
+17.882000E-03,16
+17.884000E-03,16
+17.886000E-03,16
+17.888000E-03,16
+17.890000E-03,16
+17.892000E-03,16
+17.894000E-03,16
+17.896000E-03,16
+17.898000E-03,16
+17.900000E-03,16
+17.902000E-03,16
+17.904000E-03,16
+17.906000E-03,16
+17.908000E-03,16
+17.910000E-03,16
+17.912000E-03,16
+17.914000E-03,16
+17.916000E-03,16
+17.918000E-03,16
+17.920000E-03,16
+17.922000E-03,16
+17.924000E-03,16
+17.926000E-03,16
+17.928000E-03,16
+17.930000E-03,16
+17.932000E-03,16
+17.934000E-03,16
+17.936000E-03,16
+17.938000E-03,16
+17.940000E-03,16
+17.942000E-03,16
+17.944000E-03,16
+17.946000E-03,16
+17.948000E-03,16
+17.950000E-03,16
+17.952000E-03,16
+17.954000E-03,16
+17.956000E-03,16
+17.958000E-03,16
+17.960000E-03,16
+17.962000E-03,16
+17.964000E-03,16
+17.966000E-03,16
+17.968000E-03,16
+17.970000E-03,16
+17.972000E-03,16
+17.974000E-03,16
+17.976000E-03,16
+17.978000E-03,16
+17.980000E-03,16
+17.982000E-03,16
+17.984000E-03,16
+17.986000E-03,16
+17.988000E-03,16
+17.990000E-03,16
+17.992000E-03,16
+17.994000E-03,16
+17.996000E-03,16
+17.998000E-03,16
+18.000000E-03,16
+18.002000E-03,16
+18.004000E-03,16
+18.006000E-03,16
+18.008000E-03,16
+18.010000E-03,16
+18.012000E-03,16
+18.014000E-03,16
+18.016000E-03,16
+18.018000E-03,16
+18.020000E-03,16
+18.022000E-03,16
+18.024000E-03,16
+18.026000E-03,16
+18.028000E-03,16
+18.030000E-03,16
+18.032000E-03,16
+18.034000E-03,16
+18.036000E-03,16
+18.038000E-03,16
+18.040000E-03,16
+18.042000E-03,16
+18.044000E-03,16
+18.046000E-03,16
+18.048000E-03,16
+18.050000E-03,16
+18.052000E-03,16
+18.054000E-03,16
+18.056000E-03,16
+18.058000E-03,16
+18.060000E-03,16
+18.062000E-03,16
+18.064000E-03,16
+18.066000E-03,16
+18.068000E-03,16
+18.070000E-03,16
+18.072000E-03,16
+18.074000E-03,16
+18.076000E-03,16
+18.078000E-03,16
+18.080000E-03,16
+18.082000E-03,16
+18.084000E-03,16
+18.086000E-03,16
+18.088000E-03,16
+18.090000E-03,16
+18.092000E-03,16
+18.094000E-03,16
+18.096000E-03,16
+18.098000E-03,16
+18.100000E-03,16
+18.102000E-03,16
+18.104000E-03,16
+18.106000E-03,16
+18.108000E-03,16
+18.110000E-03,16
+18.112000E-03,16
+18.114000E-03,16
+18.116000E-03,16
+18.118000E-03,16
+18.120000E-03,16
+18.122000E-03,16
+18.124000E-03,16
+18.126000E-03,16
+18.128000E-03,16
+18.130000E-03,16
+18.132000E-03,16
+18.134000E-03,16
+18.136000E-03,16
+18.138000E-03,16
+18.140000E-03,16
+18.142000E-03,16
+18.144000E-03,16
+18.146000E-03,16
+18.148000E-03,16
+18.150000E-03,16
+18.152000E-03,16
+18.154000E-03,16
+18.156000E-03,16
+18.158000E-03,16
+18.160000E-03,16
+18.162000E-03,16
+18.164000E-03,16
+18.166000E-03,16
+18.168000E-03,16
+18.170000E-03,16
+18.172000E-03,16
+18.174000E-03,16
+18.176000E-03,16
+18.178000E-03,16
+18.180000E-03,16
+18.182000E-03,16
+18.184000E-03,16
+18.186000E-03,16
+18.188000E-03,16
+18.190000E-03,16
+18.192000E-03,16
+18.194000E-03,16
+18.196000E-03,16
+18.198000E-03,16
+18.200000E-03,16
+18.202000E-03,16
+18.204000E-03,16
+18.206000E-03,16
+18.208000E-03,16
+18.210000E-03,16
+18.212000E-03,16
+18.214000E-03,16
+18.216000E-03,16
+18.218000E-03,16
+18.220000E-03,16
+18.222000E-03,16
+18.224000E-03,16
+18.226000E-03,16
+18.228000E-03,16
+18.230000E-03,16
+18.232000E-03,16
+18.234000E-03,16
+18.236000E-03,16
+18.238000E-03,16
+18.240000E-03,16
+18.242000E-03,16
+18.244000E-03,16
+18.246000E-03,16
+18.248000E-03,16
+18.250000E-03,16
+18.252000E-03,16
+18.254000E-03,16
+18.256000E-03,16
+18.258000E-03,16
+18.260000E-03,16
+18.262000E-03,16
+18.264000E-03,16
+18.266000E-03,16
+18.268000E-03,16
+18.270000E-03,16
+18.272000E-03,16
+18.274000E-03,16
+18.276000E-03,16
+18.278000E-03,16
+18.280000E-03,16
+18.282000E-03,16
+18.284000E-03,16
+18.286000E-03,16
+18.288000E-03,16
+18.290000E-03,16
+18.292000E-03,16
+18.294000E-03,16
+18.296000E-03,16
+18.298000E-03,16
+18.300000E-03,16
+18.302000E-03,16
+18.304000E-03,16
+18.306000E-03,16
+18.308000E-03,16
+18.310000E-03,16
+18.312000E-03,16
+18.314000E-03,16
+18.316000E-03,16
+18.318000E-03,16
+18.320000E-03,16
+18.322000E-03,16
+18.324000E-03,16
+18.326000E-03,16
+18.328000E-03,16
+18.330000E-03,16
+18.332000E-03,16
+18.334000E-03,16
+18.336000E-03,16
+18.338000E-03,16
+18.340000E-03,16
+18.342000E-03,16
+18.344000E-03,16
+18.346000E-03,16
+18.348000E-03,16
+18.350000E-03,16
+18.352000E-03,16
+18.354000E-03,16
+18.356000E-03,16
+18.358000E-03,16
+18.360000E-03,16
+18.362000E-03,16
+18.364000E-03,16
+18.366000E-03,16
+18.368000E-03,16
+18.370000E-03,16
+18.372000E-03,16
+18.374000E-03,16
+18.376000E-03,16
+18.378000E-03,16
+18.380000E-03,16
+18.382000E-03,16
+18.384000E-03,16
+18.386000E-03,16
+18.388000E-03,16
+18.390000E-03,16
+18.392000E-03,16
+18.394000E-03,16
+18.396000E-03,16
+18.398000E-03,16
+18.400000E-03,16
+18.402000E-03,16
+18.404000E-03,16
+18.406000E-03,16
+18.408000E-03,16
+18.410000E-03,16
+18.412000E-03,16
+18.414000E-03,16
+18.416000E-03,16
+18.418000E-03,16
+18.420000E-03,16
+18.422000E-03,16
+18.424000E-03,16
+18.426000E-03,16
+18.428000E-03,16
+18.430000E-03,16
+18.432000E-03,16
+18.434000E-03,16
+18.436000E-03,16
+18.438000E-03,16
+18.440000E-03,16
+18.442000E-03,16
+18.444000E-03,16
+18.446000E-03,16
+18.448000E-03,16
+18.450000E-03,16
+18.452000E-03,16
+18.454000E-03,16
+18.456000E-03,16
+18.458000E-03,16
+18.460000E-03,16
+18.462000E-03,16
+18.464000E-03,16
+18.466000E-03,16
+18.468000E-03,16
+18.470000E-03,16
+18.472000E-03,16
+18.474000E-03,16
+18.476000E-03,16
+18.478000E-03,16
+18.480000E-03,16
+18.482000E-03,16
+18.484000E-03,16
+18.486000E-03,16
+18.488000E-03,16
+18.490000E-03,16
+18.492000E-03,16
+18.494000E-03,16
+18.496000E-03,16
+18.498000E-03,16
+18.500000E-03,16
+18.502000E-03,16
+18.504000E-03,16
+18.506000E-03,16
+18.508000E-03,16
+18.510000E-03,16
+18.512000E-03,16
+18.514000E-03,16
+18.516000E-03,16
+18.518000E-03,16
+18.520000E-03,16
+18.522000E-03,16
+18.524000E-03,16
+18.526000E-03,16
+18.528000E-03,16
+18.530000E-03,16
+18.532000E-03,16
+18.534000E-03,16
+18.536000E-03,16
+18.538000E-03,16
+18.540000E-03,16
+18.542000E-03,16
+18.544000E-03,16
+18.546000E-03,16
+18.548000E-03,16
+18.550000E-03,16
+18.552000E-03,16
+18.554000E-03,16
+18.556000E-03,16
+18.558000E-03,16
+18.560000E-03,16
+18.562000E-03,16
+18.564000E-03,16
+18.566000E-03,16
+18.568000E-03,16
+18.570000E-03,16
+18.572000E-03,16
+18.574000E-03,16
+18.576000E-03,16
+18.578000E-03,16
+18.580000E-03,16
+18.582000E-03,16
+18.584000E-03,16
+18.586000E-03,16
+18.588000E-03,16
+18.590000E-03,16
+18.592000E-03,16
+18.594000E-03,16
+18.596000E-03,16
+18.598000E-03,16
+18.600000E-03,16
+18.602000E-03,16
+18.604000E-03,16
+18.606000E-03,16
+18.608000E-03,16
+18.610000E-03,16
+18.612000E-03,16
+18.614000E-03,16
+18.616000E-03,16
+18.618000E-03,16
+18.620000E-03,16
+18.622000E-03,16
+18.624000E-03,16
+18.626000E-03,16
+18.628000E-03,16
+18.630000E-03,16
+18.632000E-03,16
+18.634000E-03,16
+18.636000E-03,16
+18.638000E-03,16
+18.640000E-03,16
+18.642000E-03,16
+18.644000E-03,16
+18.646000E-03,16
+18.648000E-03,16
+18.650000E-03,16
+18.652000E-03,16
+18.654000E-03,16
+18.656000E-03,16
+18.658000E-03,16
+18.660000E-03,16
+18.662000E-03,16
+18.664000E-03,16
+18.666000E-03,16
+18.668000E-03,16
+18.670000E-03,16
+18.672000E-03,16
+18.674000E-03,16
+18.676000E-03,16
+18.678000E-03,16
+18.680000E-03,16
+18.682000E-03,16
+18.684000E-03,16
+18.686000E-03,16
+18.688000E-03,16
+18.690000E-03,16
+18.692000E-03,16
+18.694000E-03,16
+18.696000E-03,16
+18.698000E-03,16
+18.700000E-03,16
+18.702000E-03,16
+18.704000E-03,16
+18.706000E-03,16
+18.708000E-03,16
+18.710000E-03,16
+18.712000E-03,16
+18.714000E-03,16
+18.716000E-03,16
+18.718000E-03,16
+18.720000E-03,16
+18.722000E-03,16
+18.724000E-03,16
+18.726000E-03,16
+18.728000E-03,16
+18.730000E-03,16
+18.732000E-03,16
+18.734000E-03,16
+18.736000E-03,16
+18.738000E-03,16
+18.740000E-03,16
+18.742000E-03,16
+18.744000E-03,16
+18.746000E-03,16
+18.748000E-03,16
+18.750000E-03,16
+18.752000E-03,16
+18.754000E-03,16
+18.756000E-03,16
+18.758000E-03,16
+18.760000E-03,16
+18.762000E-03,16
+18.764000E-03,16
+18.766000E-03,16
+18.768000E-03,16
+18.770000E-03,16
+18.772000E-03,16
+18.774000E-03,16
+18.776000E-03,16
+18.778000E-03,16
+18.780000E-03,16
+18.782000E-03,16
+18.784000E-03,16
+18.786000E-03,16
+18.788000E-03,16
+18.790000E-03,16
+18.792000E-03,16
+18.794000E-03,16
+18.796000E-03,16
+18.798000E-03,16
+18.800000E-03,16
+18.802000E-03,16
+18.804000E-03,16
+18.806000E-03,16
+18.808000E-03,16
+18.810000E-03,16
+18.812000E-03,16
+18.814000E-03,16
+18.816000E-03,16
+18.818000E-03,16
+18.820000E-03,16
+18.822000E-03,16
+18.824000E-03,16
+18.826000E-03,16
+18.828000E-03,16
+18.830000E-03,16
+18.832000E-03,16
+18.834000E-03,16
+18.836000E-03,16
+18.838000E-03,16
+18.840000E-03,16
+18.842000E-03,16
+18.844000E-03,16
+18.846000E-03,16
+18.848000E-03,16
+18.850000E-03,16
+18.852000E-03,16
+18.854000E-03,16
+18.856000E-03,16
+18.858000E-03,16
+18.860000E-03,16
+18.862000E-03,16
+18.864000E-03,16
+18.866000E-03,16
+18.868000E-03,16
+18.870000E-03,16
+18.872000E-03,16
+18.874000E-03,16
+18.876000E-03,16
+18.878000E-03,16
+18.880000E-03,16
+18.882000E-03,16
+18.884000E-03,16
+18.886000E-03,16
+18.888000E-03,16
+18.890000E-03,16
+18.892000E-03,16
+18.894000E-03,16
+18.896000E-03,16
+18.898000E-03,16
+18.900000E-03,16
+18.902000E-03,16
+18.904000E-03,16
+18.906000E-03,16
+18.908000E-03,16
+18.910000E-03,16
+18.912000E-03,16
+18.914000E-03,16
+18.916000E-03,16
+18.918000E-03,16
+18.920000E-03,16
+18.922000E-03,16
+18.924000E-03,16
+18.926000E-03,16
+18.928000E-03,16
+18.930000E-03,16
+18.932000E-03,16
+18.934000E-03,16
+18.936000E-03,16
+18.938000E-03,16
+18.940000E-03,16
+18.942000E-03,16
+18.944000E-03,16
+18.946000E-03,16
+18.948000E-03,16
+18.950000E-03,16
+18.952000E-03,16
+18.954000E-03,16
+18.956000E-03,16
+18.958000E-03,16
+18.960000E-03,16
+18.962000E-03,16
+18.964000E-03,16
+18.966000E-03,16
+18.968000E-03,16
+18.970000E-03,16
+18.972000E-03,16
+18.974000E-03,16
+18.976000E-03,16
+18.978000E-03,16
+18.980000E-03,16
+18.982000E-03,16
+18.984000E-03,16
+18.986000E-03,16
+18.988000E-03,16
+18.990000E-03,16
+18.992000E-03,16
+18.994000E-03,16
+18.996000E-03,16
+18.998000E-03,16
+19.000000E-03,16
+19.002000E-03,16
+19.004000E-03,16
+19.006000E-03,16
+19.008000E-03,16
+19.010000E-03,16
+19.012000E-03,16
+19.014000E-03,16
+19.016000E-03,16
+19.018000E-03,16
+19.020000E-03,16
+19.022000E-03,16
+19.024000E-03,16
+19.026000E-03,16
+19.028000E-03,16
+19.030000E-03,16
+19.032000E-03,16
+19.034000E-03,16
+19.036000E-03,16
+19.038000E-03,16
+19.040000E-03,16
+19.042000E-03,16
+19.044000E-03,16
+19.046000E-03,16
+19.048000E-03,16
+19.050000E-03,16
+19.052000E-03,16
+19.054000E-03,16
+19.056000E-03,16
+19.058000E-03,16
+19.060000E-03,16
+19.062000E-03,16
+19.064000E-03,16
+19.066000E-03,16
+19.068000E-03,16
+19.070000E-03,16
+19.072000E-03,16
+19.074000E-03,16
+19.076000E-03,16
+19.078000E-03,16
+19.080000E-03,16
+19.082000E-03,16
+19.084000E-03,16
+19.086000E-03,16
+19.088000E-03,16
+19.090000E-03,16
+19.092000E-03,16
+19.094000E-03,16
+19.096000E-03,16
+19.098000E-03,16
+19.100000E-03,16
+19.102000E-03,16
+19.104000E-03,16
+19.106000E-03,16
+19.108000E-03,16
+19.110000E-03,16
+19.112000E-03,16
+19.114000E-03,16
+19.116000E-03,16
+19.118000E-03,16
+19.120000E-03,16
+19.122000E-03,16
+19.124000E-03,16
+19.126000E-03,16
+19.128000E-03,16
+19.130000E-03,16
+19.132000E-03,16
+19.134000E-03,16
+19.136000E-03,16
+19.138000E-03,16
+19.140000E-03,16
+19.142000E-03,16
+19.144000E-03,16
+19.146000E-03,16
+19.148000E-03,16
+19.150000E-03,16
+19.152000E-03,16
+19.154000E-03,16
+19.156000E-03,16
+19.158000E-03,16
+19.160000E-03,16
+19.162000E-03,16
+19.164000E-03,16
+19.166000E-03,16
+19.168000E-03,16
+19.170000E-03,16
+19.172000E-03,16
+19.174000E-03,16
+19.176000E-03,16
+19.178000E-03,16
+19.180000E-03,16
+19.182000E-03,16
+19.184000E-03,16
+19.186000E-03,16
+19.188000E-03,16
+19.190000E-03,16
+19.192000E-03,16
+19.194000E-03,16
+19.196000E-03,16
+19.198000E-03,16
+19.200000E-03,16
+19.202000E-03,16
+19.204000E-03,16
+19.206000E-03,16
+19.208000E-03,16
+19.210000E-03,16
+19.212000E-03,16
+19.214000E-03,16
+19.216000E-03,16
+19.218000E-03,16
+19.220000E-03,16
+19.222000E-03,16
+19.224000E-03,16
+19.226000E-03,16
+19.228000E-03,16
+19.230000E-03,16
+19.232000E-03,16
+19.234000E-03,16
+19.236000E-03,16
+19.238000E-03,16
+19.240000E-03,16
+19.242000E-03,16
+19.244000E-03,16
+19.246000E-03,16
+19.248000E-03,16
+19.250000E-03,16
+19.252000E-03,16
+19.254000E-03,16
+19.256000E-03,16
+19.258000E-03,16
+19.260000E-03,16
+19.262000E-03,16
+19.264000E-03,16
+19.266000E-03,16
+19.268000E-03,16
+19.270000E-03,16
+19.272000E-03,16
+19.274000E-03,16
+19.276000E-03,16
+19.278000E-03,16
+19.280000E-03,16
+19.282000E-03,16
+19.284000E-03,16
+19.286000E-03,16
+19.288000E-03,16
+19.290000E-03,16
+19.292000E-03,16
+19.294000E-03,16
+19.296000E-03,16
+19.298000E-03,16
+19.300000E-03,16
+19.302000E-03,16
+19.304000E-03,16
+19.306000E-03,16
+19.308000E-03,16
+19.310000E-03,16
+19.312000E-03,16
+19.314000E-03,16
+19.316000E-03,16
+19.318000E-03,16
+19.320000E-03,16
+19.322000E-03,16
+19.324000E-03,16
+19.326000E-03,16
+19.328000E-03,16
+19.330000E-03,16
+19.332000E-03,16
+19.334000E-03,16
+19.336000E-03,16
+19.338000E-03,16
+19.340000E-03,16
+19.342000E-03,16
+19.344000E-03,16
+19.346000E-03,16
+19.348000E-03,16
+19.350000E-03,16
+19.352000E-03,16
+19.354000E-03,16
+19.356000E-03,16
+19.358000E-03,16
+19.360000E-03,16
+19.362000E-03,16
+19.364000E-03,16
+19.366000E-03,16
+19.368000E-03,16
+19.370000E-03,16
+19.372000E-03,16
+19.374000E-03,16
+19.376000E-03,16
+19.378000E-03,16
+19.380000E-03,16
+19.382000E-03,16
+19.384000E-03,16
+19.386000E-03,16
+19.388000E-03,16
+19.390000E-03,16
+19.392000E-03,16
+19.394000E-03,16
+19.396000E-03,16
+19.398000E-03,16
+19.400000E-03,16
+19.402000E-03,16
+19.404000E-03,16
+19.406000E-03,16
+19.408000E-03,16
+19.410000E-03,16
+19.412000E-03,16
+19.414000E-03,16
+19.416000E-03,16
+19.418000E-03,16
+19.420000E-03,16
+19.422000E-03,16
+19.424000E-03,16
+19.426000E-03,16
+19.428000E-03,16
+19.430000E-03,16
+19.432000E-03,16
+19.434000E-03,16
+19.436000E-03,16
+19.438000E-03,16
+19.440000E-03,16
+19.442000E-03,16
+19.444000E-03,16
+19.446000E-03,16
+19.448000E-03,16
+19.450000E-03,16
+19.452000E-03,16
+19.454000E-03,16
+19.456000E-03,16
+19.458000E-03,16
+19.460000E-03,16
+19.462000E-03,16
+19.464000E-03,16
+19.466000E-03,16
+19.468000E-03,16
+19.470000E-03,16
+19.472000E-03,16
+19.474000E-03,16
+19.476000E-03,16
+19.478000E-03,16
+19.480000E-03,16
+19.482000E-03,16
+19.484000E-03,16
+19.486000E-03,16
+19.488000E-03,16
+19.490000E-03,16
+19.492000E-03,16
+19.494000E-03,16
+19.496000E-03,16
+19.498000E-03,16
+19.500000E-03,16
+19.502000E-03,16
+19.504000E-03,16
+19.506000E-03,16
+19.508000E-03,16
+19.510000E-03,16
+19.512000E-03,16
+19.514000E-03,16
+19.516000E-03,16
+19.518000E-03,16
+19.520000E-03,16
+19.522000E-03,16
+19.524000E-03,16
+19.526000E-03,16
+19.528000E-03,16
+19.530000E-03,16
+19.532000E-03,16
+19.534000E-03,16
+19.536000E-03,16
+19.538000E-03,16
+19.540000E-03,16
+19.542000E-03,16
+19.544000E-03,16
+19.546000E-03,16
+19.548000E-03,16
+19.550000E-03,16
+19.552000E-03,16
+19.554000E-03,16
+19.556000E-03,16
+19.558000E-03,16
+19.560000E-03,16
+19.562000E-03,16
+19.564000E-03,16
+19.566000E-03,16
+19.568000E-03,16
+19.570000E-03,16
+19.572000E-03,16
+19.574000E-03,16
+19.576000E-03,16
+19.578000E-03,16
+19.580000E-03,16
+19.582000E-03,16
+19.584000E-03,16
+19.586000E-03,16
+19.588000E-03,16
+19.590000E-03,16
+19.592000E-03,16
+19.594000E-03,16
+19.596000E-03,16
+19.598000E-03,16
+19.600000E-03,16
+19.602000E-03,16
+19.604000E-03,16
+19.606000E-03,16
+19.608000E-03,16
+19.610000E-03,16
+19.612000E-03,16
+19.614000E-03,16
+19.616000E-03,16
+19.618000E-03,16
+19.620000E-03,16
+19.622000E-03,16
+19.624000E-03,16
+19.626000E-03,16
+19.628000E-03,16
+19.630000E-03,16
+19.632000E-03,16
+19.634000E-03,16
+19.636000E-03,16
+19.638000E-03,16
+19.640000E-03,16
+19.642000E-03,16
+19.644000E-03,16
+19.646000E-03,16
+19.648000E-03,16
+19.650000E-03,16
+19.652000E-03,16
+19.654000E-03,16
+19.656000E-03,16
+19.658000E-03,16
+19.660000E-03,16
+19.662000E-03,16
+19.664000E-03,16
+19.666000E-03,16
+19.668000E-03,16
+19.670000E-03,16
+19.672000E-03,16
+19.674000E-03,16
+19.676000E-03,16
+19.678000E-03,16
+19.680000E-03,16
+19.682000E-03,16
+19.684000E-03,16
+19.686000E-03,16
+19.688000E-03,16
+19.690000E-03,16
+19.692000E-03,16
+19.694000E-03,16
+19.696000E-03,16
+19.698000E-03,16
+19.700000E-03,16
+19.702000E-03,16
+19.704000E-03,16
+19.706000E-03,16
+19.708000E-03,16
+19.710000E-03,16
+19.712000E-03,16
+19.714000E-03,16
+19.716000E-03,16
+19.718000E-03,16
+19.720000E-03,16
+19.722000E-03,16
+19.724000E-03,16
+19.726000E-03,16
+19.728000E-03,16
+19.730000E-03,16
+19.732000E-03,16
+19.734000E-03,16
+19.736000E-03,16
+19.738000E-03,16
+19.740000E-03,16
+19.742000E-03,16
+19.744000E-03,16
+19.746000E-03,16
+19.748000E-03,16
+19.750000E-03,16
+19.752000E-03,16
+19.754000E-03,16
+19.756000E-03,16
+19.758000E-03,16
+19.760000E-03,16
+19.762000E-03,16
+19.764000E-03,16
+19.766000E-03,16
+19.768000E-03,16
+19.770000E-03,16
+19.772000E-03,16
+19.774000E-03,16
+19.776000E-03,16
+19.778000E-03,16
+19.780000E-03,16
+19.782000E-03,16
+19.784000E-03,16
+19.786000E-03,16
+19.788000E-03,16
+19.790000E-03,16
+19.792000E-03,16
+19.794000E-03,16
+19.796000E-03,16
+19.798000E-03,16
+19.800000E-03,16
+19.802000E-03,16
+19.804000E-03,16
+19.806000E-03,16
+19.808000E-03,16
+19.810000E-03,16
+19.812000E-03,16
+19.814000E-03,16
+19.816000E-03,16
+19.818000E-03,16
+19.820000E-03,16
+19.822000E-03,16
+19.824000E-03,16
+19.826000E-03,16
+19.828000E-03,16
+19.830000E-03,16
+19.832000E-03,16
+19.834000E-03,16
+19.836000E-03,16
+19.838000E-03,16
+19.840000E-03,16
+19.842000E-03,16
+19.844000E-03,16
+19.846000E-03,16
+19.848000E-03,16
+19.850000E-03,16
+19.852000E-03,16
+19.854000E-03,16
+19.856000E-03,16
+19.858000E-03,16
+19.860000E-03,16
+19.862000E-03,16
+19.864000E-03,16
+19.866000E-03,16
+19.868000E-03,16
+19.870000E-03,16
+19.872000E-03,16
+19.874000E-03,16
+19.876000E-03,16
+19.878000E-03,16
+19.880000E-03,16
+19.882000E-03,16
+19.884000E-03,16
+19.886000E-03,16
+19.888000E-03,16
+19.890000E-03,16
+19.892000E-03,16
+19.894000E-03,16
+19.896000E-03,16
+19.898000E-03,16
+19.900000E-03,16
+19.902000E-03,16
+19.904000E-03,16
+19.906000E-03,16
+19.908000E-03,16
+19.910000E-03,16
+19.912000E-03,16
+19.914000E-03,16
+19.916000E-03,16
+19.918000E-03,16
+19.920000E-03,16
+19.922000E-03,16
+19.924000E-03,16
+19.926000E-03,16
+19.928000E-03,16
+19.930000E-03,16
+19.932000E-03,16
+19.934000E-03,16
+19.936000E-03,16
+19.938000E-03,16
+19.940000E-03,16
+19.942000E-03,16
+19.944000E-03,16
+19.946000E-03,16
+19.948000E-03,16
+19.950000E-03,16
+19.952000E-03,16
+19.954000E-03,16
+19.956000E-03,16
+19.958000E-03,16
+19.960000E-03,16
+19.962000E-03,16
+19.964000E-03,16
+19.966000E-03,16
+19.968000E-03,16
+19.970000E-03,16
+19.972000E-03,16
+19.974000E-03,16
+19.976000E-03,16
+19.978000E-03,16
+19.980000E-03,16
+19.982000E-03,16
+19.984000E-03,16
+19.986000E-03,16
+19.988000E-03,16
+19.990000E-03,16
+19.992000E-03,16
+19.994000E-03,16
+19.996000E-03,16
+19.998000E-03,16
+20.000000E-03,16
+20.002000E-03,16
+20.004000E-03,16
+20.006000E-03,16
+20.008000E-03,16
+20.010000E-03,16
+20.012000E-03,16
+20.014000E-03,16
+20.016000E-03,16
+20.018000E-03,16
+20.020000E-03,16
+20.022000E-03,16
+20.024000E-03,16
+20.026000E-03,16
+20.028000E-03,16
+20.030000E-03,16
+20.032000E-03,16
+20.034000E-03,16
+20.036000E-03,16
+20.038000E-03,16
+20.040000E-03,16
+20.042000E-03,16
+20.044000E-03,16
+20.046000E-03,16
+20.048000E-03,16
+20.050000E-03,16
+20.052000E-03,16
+20.054000E-03,16
+20.056000E-03,16
+20.058000E-03,16
+20.060000E-03,16
+20.062000E-03,16
+20.064000E-03,16
+20.066000E-03,16
+20.068000E-03,16
+20.070000E-03,16
+20.072000E-03,16
+20.074000E-03,16
+20.076000E-03,16
+20.078000E-03,16
+20.080000E-03,16
+20.082000E-03,16
+20.084000E-03,16
+20.086000E-03,16
+20.088000E-03,16
+20.090000E-03,16
+20.092000E-03,16
+20.094000E-03,16
+20.096000E-03,16
+20.098000E-03,16
+20.100000E-03,16
+20.102000E-03,16
+20.104000E-03,16
+20.106000E-03,16
+20.108000E-03,16
+20.110000E-03,16
+20.112000E-03,16
+20.114000E-03,16
+20.116000E-03,16
+20.118000E-03,16
+20.120000E-03,16
+20.122000E-03,16
+20.124000E-03,16
+20.126000E-03,16
+20.128000E-03,16
+20.130000E-03,16
+20.132000E-03,16
+20.134000E-03,16
+20.136000E-03,16
+20.138000E-03,16
+20.140000E-03,16
+20.142000E-03,16
+20.144000E-03,16
+20.146000E-03,16
+20.148000E-03,16
+20.150000E-03,16
+20.152000E-03,16
+20.154000E-03,16
+20.156000E-03,16
+20.158000E-03,16
+20.160000E-03,16
+20.162000E-03,16
+20.164000E-03,16
+20.166000E-03,16
+20.168000E-03,16
+20.170000E-03,16
+20.172000E-03,16
+20.174000E-03,16
+20.176000E-03,16
+20.178000E-03,16
+20.180000E-03,16
+20.182000E-03,16
+20.184000E-03,16
+20.186000E-03,16
+20.188000E-03,16
+20.190000E-03,16
+20.192000E-03,16
+20.194000E-03,16
+20.196000E-03,16
+20.198000E-03,16
+20.200000E-03,16
+20.202000E-03,16
+20.204000E-03,16
+20.206000E-03,16
+20.208000E-03,16
+20.210000E-03,16
+20.212000E-03,16
+20.214000E-03,16
+20.216000E-03,16
+20.218000E-03,16
+20.220000E-03,16
+20.222000E-03,16
+20.224000E-03,16
+20.226000E-03,16
+20.228000E-03,16
+20.230000E-03,16
+20.232000E-03,16
+20.234000E-03,16
+20.236000E-03,16
+20.238000E-03,16
+20.240000E-03,16
+20.242000E-03,16
+20.244000E-03,16
+20.246000E-03,16
+20.248000E-03,16
+20.250000E-03,16
+20.252000E-03,16
+20.254000E-03,16
+20.256000E-03,16
+20.258000E-03,16
+20.260000E-03,16
+20.262000E-03,16
+20.264000E-03,16
+20.266000E-03,16
+20.268000E-03,16
+20.270000E-03,16
+20.272000E-03,16
+20.274000E-03,16
+20.276000E-03,16
+20.278000E-03,16
+20.280000E-03,16
+20.282000E-03,16
+20.284000E-03,16
+20.286000E-03,16
+20.288000E-03,16
+20.290000E-03,16
+20.292000E-03,16
+20.294000E-03,16
+20.296000E-03,16
+20.298000E-03,16
+20.300000E-03,16
+20.302000E-03,16
+20.304000E-03,16
+20.306000E-03,16
+20.308000E-03,16
+20.310000E-03,16
+20.312000E-03,16
+20.314000E-03,16
+20.316000E-03,16
+20.318000E-03,16
+20.320000E-03,16
+20.322000E-03,16
+20.324000E-03,16
+20.326000E-03,16
+20.328000E-03,16
+20.330000E-03,16
+20.332000E-03,16
+20.334000E-03,16
+20.336000E-03,16
+20.338000E-03,16
+20.340000E-03,16
+20.342000E-03,16
+20.344000E-03,16
+20.346000E-03,16
+20.348000E-03,16
+20.350000E-03,16
+20.352000E-03,16
+20.354000E-03,16
+20.356000E-03,16
+20.358000E-03,16
+20.360000E-03,16
+20.362000E-03,16
+20.364000E-03,16
+20.366000E-03,16
+20.368000E-03,16
+20.370000E-03,16
+20.372000E-03,16
+20.374000E-03,16
+20.376000E-03,16
+20.378000E-03,16
+20.380000E-03,16
+20.382000E-03,16
+20.384000E-03,16
+20.386000E-03,16
+20.388000E-03,16
+20.390000E-03,16
+20.392000E-03,16
+20.394000E-03,16
+20.396000E-03,16
+20.398000E-03,16
+20.400000E-03,16
+20.402000E-03,16
+20.404000E-03,16
+20.406000E-03,16
+20.408000E-03,16
+20.410000E-03,16
+20.412000E-03,16
+20.414000E-03,16
+20.416000E-03,16
+20.418000E-03,16
+20.420000E-03,16
+20.422000E-03,16
+20.424000E-03,16
+20.426000E-03,16
+20.428000E-03,16
+20.430000E-03,16
+20.432000E-03,16
+20.434000E-03,16
+20.436000E-03,16
+20.438000E-03,16
+20.440000E-03,16
+20.442000E-03,16
+20.444000E-03,16
+20.446000E-03,16
+20.448000E-03,16
+20.450000E-03,16
+20.452000E-03,16
+20.454000E-03,16
+20.456000E-03,16
+20.458000E-03,16
+20.460000E-03,16
+20.462000E-03,16
+20.464000E-03,16
+20.466000E-03,16
+20.468000E-03,16
+20.470000E-03,16
+20.472000E-03,16
+20.474000E-03,16
+20.476000E-03,16
+20.478000E-03,16
+20.480000E-03,16
+20.482000E-03,16
+20.484000E-03,16
+20.486000E-03,16
+20.488000E-03,16
+20.490000E-03,16
+20.492000E-03,16
+20.494000E-03,16
+20.496000E-03,16
+20.498000E-03,16
+20.500000E-03,16
+20.502000E-03,16
+20.504000E-03,16
+20.506000E-03,16
+20.508000E-03,16
+20.510000E-03,16
+20.512000E-03,16
+20.514000E-03,16
+20.516000E-03,16
+20.518000E-03,16
+20.520000E-03,16
+20.522000E-03,16
+20.524000E-03,16
+20.526000E-03,16
+20.528000E-03,16
+20.530000E-03,16
+20.532000E-03,16
+20.534000E-03,16
+20.536000E-03,16
+20.538000E-03,16
+20.540000E-03,16
+20.542000E-03,16
+20.544000E-03,16
+20.546000E-03,16
+20.548000E-03,16
+20.550000E-03,16
+20.552000E-03,16
+20.554000E-03,16
+20.556000E-03,16
+20.558000E-03,16
+20.560000E-03,16
+20.562000E-03,16
+20.564000E-03,16
+20.566000E-03,16
+20.568000E-03,16
+20.570000E-03,16
+20.572000E-03,16
+20.574000E-03,16
+20.576000E-03,16
+20.578000E-03,16
+20.580000E-03,16
+20.582000E-03,16
+20.584000E-03,16
+20.586000E-03,16
+20.588000E-03,16
+20.590000E-03,16
+20.592000E-03,16
+20.594000E-03,16
+20.596000E-03,16
+20.598000E-03,16
+20.600000E-03,16
+20.602000E-03,16
+20.604000E-03,16
+20.606000E-03,16
+20.608000E-03,16
+20.610000E-03,16
+20.612000E-03,16
+20.614000E-03,16
+20.616000E-03,16
+20.618000E-03,16
+20.620000E-03,16
+20.622000E-03,16
+20.624000E-03,16
+20.626000E-03,16
+20.628000E-03,16
+20.630000E-03,16
+20.632000E-03,16
+20.634000E-03,16
+20.636000E-03,16
+20.638000E-03,16
+20.640000E-03,16
+20.642000E-03,16
+20.644000E-03,16
+20.646000E-03,16
+20.648000E-03,16
+20.650000E-03,16
+20.652000E-03,16
+20.654000E-03,16
+20.656000E-03,16
+20.658000E-03,16
+20.660000E-03,16
+20.662000E-03,16
+20.664000E-03,16
+20.666000E-03,16
+20.668000E-03,16
+20.670000E-03,16
+20.672000E-03,16
+20.674000E-03,16
+20.676000E-03,16
+20.678000E-03,16
+20.680000E-03,16
+20.682000E-03,16
+20.684000E-03,16
+20.686000E-03,16
+20.688000E-03,16
+20.690000E-03,16
+20.692000E-03,16
+20.694000E-03,16
+20.696000E-03,16
+20.698000E-03,16
+20.700000E-03,16
+20.702000E-03,16
+20.704000E-03,16
+20.706000E-03,16
+20.708000E-03,16
+20.710000E-03,16
+20.712000E-03,16
+20.714000E-03,16
+20.716000E-03,16
+20.718000E-03,16
+20.720000E-03,16
+20.722000E-03,16
+20.724000E-03,16
+20.726000E-03,16
+20.728000E-03,16
+20.730000E-03,16
+20.732000E-03,16
+20.734000E-03,16
+20.736000E-03,16
+20.738000E-03,16
+20.740000E-03,16
+20.742000E-03,16
+20.744000E-03,16
+20.746000E-03,16
+20.748000E-03,16
+20.750000E-03,16
+20.752000E-03,16
+20.754000E-03,16
+20.756000E-03,16
+20.758000E-03,16
+20.760000E-03,16
+20.762000E-03,16
+20.764000E-03,16
+20.766000E-03,16
+20.768000E-03,16
+20.770000E-03,16
+20.772000E-03,16
+20.774000E-03,16
+20.776000E-03,16
+20.778000E-03,16
+20.780000E-03,16
+20.782000E-03,16
+20.784000E-03,16
+20.786000E-03,16
+20.788000E-03,16
+20.790000E-03,16
+20.792000E-03,16
+20.794000E-03,16
+20.796000E-03,16
+20.798000E-03,16
+20.800000E-03,16
+20.802000E-03,16
+20.804000E-03,16
+20.806000E-03,16
+20.808000E-03,16
+20.810000E-03,16
+20.812000E-03,16
+20.814000E-03,16
+20.816000E-03,16
+20.818000E-03,16
+20.820000E-03,16
+20.822000E-03,16
+20.824000E-03,16
+20.826000E-03,16
+20.828000E-03,16
+20.830000E-03,16
+20.832000E-03,16
+20.834000E-03,16
+20.836000E-03,16
+20.838000E-03,16
+20.840000E-03,16
+20.842000E-03,16
+20.844000E-03,16
+20.846000E-03,16
+20.848000E-03,16
+20.850000E-03,16
+20.852000E-03,16
+20.854000E-03,16
+20.856000E-03,16
+20.858000E-03,16
+20.860000E-03,16
+20.862000E-03,16
+20.864000E-03,16
+20.866000E-03,16
+20.868000E-03,16
+20.870000E-03,16
+20.872000E-03,16
+20.874000E-03,16
+20.876000E-03,16
+20.878000E-03,16
+20.880000E-03,16
+20.882000E-03,16
+20.884000E-03,16
+20.886000E-03,16
+20.888000E-03,16
+20.890000E-03,16
+20.892000E-03,16
+20.894000E-03,16
+20.896000E-03,16
+20.898000E-03,16
+20.900000E-03,16
+20.902000E-03,16
+20.904000E-03,16
+20.906000E-03,16
+20.908000E-03,16
+20.910000E-03,16
+20.912000E-03,16
+20.914000E-03,16
+20.916000E-03,16
+20.918000E-03,16
+20.920000E-03,16
+20.922000E-03,16
+20.924000E-03,16
+20.926000E-03,16
+20.928000E-03,16
+20.930000E-03,16
+20.932000E-03,16
+20.934000E-03,16
+20.936000E-03,16
+20.938000E-03,16
+20.940000E-03,16
+20.942000E-03,16
+20.944000E-03,16
+20.946000E-03,16
+20.948000E-03,16
+20.950000E-03,16
+20.952000E-03,16
+20.954000E-03,16
+20.956000E-03,16
+20.958000E-03,16
+20.960000E-03,16
+20.962000E-03,16
+20.964000E-03,16
+20.966000E-03,16
+20.968000E-03,16
+20.970000E-03,16
+20.972000E-03,16
+20.974000E-03,16
+20.976000E-03,16
+20.978000E-03,16
+20.980000E-03,16
+20.982000E-03,16
+20.984000E-03,16
+20.986000E-03,16
+20.988000E-03,16
+20.990000E-03,16
+20.992000E-03,16
+20.994000E-03,16
+20.996000E-03,16
+20.998000E-03,16
+21.000000E-03,16
+21.002000E-03,16
+21.004000E-03,16
+21.006000E-03,16
+21.008000E-03,16
+21.010000E-03,16
+21.012000E-03,16
+21.014000E-03,16
+21.016000E-03,16
+21.018000E-03,16
+21.020000E-03,16
+21.022000E-03,16
+21.024000E-03,16
+21.026000E-03,16
+21.028000E-03,16
+21.030000E-03,16
+21.032000E-03,16
+21.034000E-03,16
+21.036000E-03,16
+21.038000E-03,16
+21.040000E-03,16
+21.042000E-03,16
+21.044000E-03,16
+21.046000E-03,16
+21.048000E-03,16
+21.050000E-03,16
+21.052000E-03,16
+21.054000E-03,16
+21.056000E-03,16
+21.058000E-03,16
+21.060000E-03,16
+21.062000E-03,16
+21.064000E-03,16
+21.066000E-03,16
+21.068000E-03,16
+21.070000E-03,16
+21.072000E-03,16
+21.074000E-03,16
+21.076000E-03,16
+21.078000E-03,16
+21.080000E-03,16
+21.082000E-03,16
+21.084000E-03,16
+21.086000E-03,16
+21.088000E-03,16
+21.090000E-03,16
+21.092000E-03,16
+21.094000E-03,16
+21.096000E-03,16
+21.098000E-03,16
+21.100000E-03,16
+21.102000E-03,16
+21.104000E-03,16
+21.106000E-03,16
+21.108000E-03,16
+21.110000E-03,16
+21.112000E-03,16
+21.114000E-03,16
+21.116000E-03,16
+21.118000E-03,16
+21.120000E-03,16
+21.122000E-03,16
+21.124000E-03,16
+21.126000E-03,16
+21.128000E-03,16
+21.130000E-03,16
+21.132000E-03,16
+21.134000E-03,16
+21.136000E-03,16
+21.138000E-03,16
+21.140000E-03,16
+21.142000E-03,16
+21.144000E-03,16
+21.146000E-03,16
+21.148000E-03,16
+21.150000E-03,16
+21.152000E-03,16
+21.154000E-03,16
+21.156000E-03,16
+21.158000E-03,16
+21.160000E-03,16
+21.162000E-03,16
+21.164000E-03,16
+21.166000E-03,16
+21.168000E-03,16
+21.170000E-03,16
+21.172000E-03,16
+21.174000E-03,16
+21.176000E-03,16
+21.178000E-03,16
+21.180000E-03,16
+21.182000E-03,16
+21.184000E-03,16
+21.186000E-03,16
+21.188000E-03,16
+21.190000E-03,16
+21.192000E-03,16
+21.194000E-03,16
+21.196000E-03,16
+21.198000E-03,16
+21.200000E-03,16
+21.202000E-03,16
+21.204000E-03,16
+21.206000E-03,16
+21.208000E-03,16
+21.210000E-03,16
+21.212000E-03,16
+21.214000E-03,16
+21.216000E-03,16
+21.218000E-03,16
+21.220000E-03,16
+21.222000E-03,16
+21.224000E-03,16
+21.226000E-03,16
+21.228000E-03,16
+21.230000E-03,16
+21.232000E-03,16
+21.234000E-03,16
+21.236000E-03,16
+21.238000E-03,16
+21.240000E-03,16
+21.242000E-03,16
+21.244000E-03,16
+21.246000E-03,16
+21.248000E-03,16
+21.250000E-03,16
+21.252000E-03,16
+21.254000E-03,16
+21.256000E-03,16
+21.258000E-03,16
+21.260000E-03,16
+21.262000E-03,16
+21.264000E-03,16
+21.266000E-03,16
+21.268000E-03,16
+21.270000E-03,16
+21.272000E-03,16
+21.274000E-03,16
+21.276000E-03,16
+21.278000E-03,16
+21.280000E-03,16
+21.282000E-03,16
+21.284000E-03,16
+21.286000E-03,16
+21.288000E-03,16
+21.290000E-03,16
+21.292000E-03,16
+21.294000E-03,16
+21.296000E-03,16
+21.298000E-03,16
+21.300000E-03,16
+21.302000E-03,16
+21.304000E-03,16
+21.306000E-03,16
+21.308000E-03,16
+21.310000E-03,16
+21.312000E-03,16
+21.314000E-03,16
+21.316000E-03,16
+21.318000E-03,16
+21.320000E-03,16
+21.322000E-03,16
+21.324000E-03,16
+21.326000E-03,16
+21.328000E-03,16
+21.330000E-03,16
+21.332000E-03,16
+21.334000E-03,16
+21.336000E-03,16
+21.338000E-03,16
+21.340000E-03,16
+21.342000E-03,16
+21.344000E-03,16
+21.346000E-03,16
+21.348000E-03,16
+21.350000E-03,16
+21.352000E-03,16
+21.354000E-03,16
+21.356000E-03,16
+21.358000E-03,16
+21.360000E-03,16
+21.362000E-03,16
+21.364000E-03,16
+21.366000E-03,16
+21.368000E-03,16
+21.370000E-03,16
+21.372000E-03,16
+21.374000E-03,16
+21.376000E-03,16
+21.378000E-03,16
+21.380000E-03,16
+21.382000E-03,16
+21.384000E-03,16
+21.386000E-03,16
+21.388000E-03,16
+21.390000E-03,16
+21.392000E-03,16
+21.394000E-03,16
+21.396000E-03,16
+21.398000E-03,16
+21.400000E-03,16
+21.402000E-03,16
+21.404000E-03,16
+21.406000E-03,16
+21.408000E-03,16
+21.410000E-03,16
+21.412000E-03,16
+21.414000E-03,16
+21.416000E-03,16
+21.418000E-03,16
+21.420000E-03,16
+21.422000E-03,16
+21.424000E-03,16
+21.426000E-03,16
+21.428000E-03,16
+21.430000E-03,16
+21.432000E-03,16
+21.434000E-03,16
+21.436000E-03,16
+21.438000E-03,16
+21.440000E-03,16
+21.442000E-03,16
+21.444000E-03,16
+21.446000E-03,16
+21.448000E-03,16
+21.450000E-03,16
+21.452000E-03,16
+21.454000E-03,16
+21.456000E-03,16
+21.458000E-03,16
+21.460000E-03,16
+21.462000E-03,16
+21.464000E-03,16
+21.466000E-03,16
+21.468000E-03,16
+21.470000E-03,16
+21.472000E-03,16
+21.474000E-03,16
+21.476000E-03,16
+21.478000E-03,16
+21.480000E-03,16
+21.482000E-03,16
+21.484000E-03,16
+21.486000E-03,16
+21.488000E-03,16
+21.490000E-03,16
+21.492000E-03,16
+21.494000E-03,16
+21.496000E-03,16
+21.498000E-03,16
+21.500000E-03,16
+21.502000E-03,16
+21.504000E-03,16
+21.506000E-03,16
+21.508000E-03,16
+21.510000E-03,16
+21.512000E-03,16
+21.514000E-03,16
+21.516000E-03,16
+21.518000E-03,16
+21.520000E-03,16
+21.522000E-03,16
+21.524000E-03,16
+21.526000E-03,16
+21.528000E-03,16
+21.530000E-03,16
+21.532000E-03,16
+21.534000E-03,16
+21.536000E-03,16
+21.538000E-03,16
+21.540000E-03,16
+21.542000E-03,16
+21.544000E-03,16
+21.546000E-03,16
+21.548000E-03,16
+21.550000E-03,16
+21.552000E-03,16
+21.554000E-03,16
+21.556000E-03,16
+21.558000E-03,16
+21.560000E-03,16
+21.562000E-03,16
+21.564000E-03,16
+21.566000E-03,16
+21.568000E-03,16
+21.570000E-03,16
+21.572000E-03,16
+21.574000E-03,16
+21.576000E-03,16
+21.578000E-03,16
+21.580000E-03,16
+21.582000E-03,16
+21.584000E-03,16
+21.586000E-03,16
+21.588000E-03,16
+21.590000E-03,16
+21.592000E-03,16
+21.594000E-03,16
+21.596000E-03,16
+21.598000E-03,16
+21.600000E-03,16
+21.602000E-03,16
+21.604000E-03,16
+21.606000E-03,16
+21.608000E-03,16
+21.610000E-03,16
+21.612000E-03,16
+21.614000E-03,16
+21.616000E-03,16
+21.618000E-03,16
+21.620000E-03,16
+21.622000E-03,16
+21.624000E-03,16
+21.626000E-03,16
+21.628000E-03,16
+21.630000E-03,16
+21.632000E-03,16
+21.634000E-03,16
+21.636000E-03,16
+21.638000E-03,16
+21.640000E-03,16
+21.642000E-03,16
+21.644000E-03,16
+21.646000E-03,16
+21.648000E-03,16
+21.650000E-03,16
+21.652000E-03,16
+21.654000E-03,16
+21.656000E-03,16
+21.658000E-03,16
+21.660000E-03,16
+21.662000E-03,16
+21.664000E-03,16
+21.666000E-03,16
+21.668000E-03,16
+21.670000E-03,16
+21.672000E-03,16
+21.674000E-03,16
+21.676000E-03,16
+21.678000E-03,16
+21.680000E-03,16
+21.682000E-03,16
+21.684000E-03,16
+21.686000E-03,16
+21.688000E-03,16
+21.690000E-03,16
+21.692000E-03,16
+21.694000E-03,16
+21.696000E-03,16
+21.698000E-03,16
+21.700000E-03,16
+21.702000E-03,16
+21.704000E-03,16
+21.706000E-03,16
+21.708000E-03,16
+21.710000E-03,16
+21.712000E-03,16
+21.714000E-03,16
+21.716000E-03,16
+21.718000E-03,16
+21.720000E-03,16
+21.722000E-03,16
+21.724000E-03,16
+21.726000E-03,16
+21.728000E-03,16
+21.730000E-03,16
+21.732000E-03,16
+21.734000E-03,16
+21.736000E-03,16
+21.738000E-03,16
+21.740000E-03,16
+21.742000E-03,16
+21.744000E-03,16
+21.746000E-03,16
+21.748000E-03,16
+21.750000E-03,16
+21.752000E-03,16
+21.754000E-03,16
+21.756000E-03,16
+21.758000E-03,16
+21.760000E-03,16
+21.762000E-03,16
+21.764000E-03,16
+21.766000E-03,16
+21.768000E-03,16
+21.770000E-03,16
+21.772000E-03,16
+21.774000E-03,16
+21.776000E-03,16
+21.778000E-03,16
+21.780000E-03,16
+21.782000E-03,16
+21.784000E-03,16
+21.786000E-03,16
+21.788000E-03,16
+21.790000E-03,16
+21.792000E-03,16
+21.794000E-03,16
+21.796000E-03,16
+21.798000E-03,16
+21.800000E-03,16
+21.802000E-03,16
+21.804000E-03,16
+21.806000E-03,16
+21.808000E-03,16
+21.810000E-03,16
+21.812000E-03,16
+21.814000E-03,16
+21.816000E-03,16
+21.818000E-03,16
+21.820000E-03,16
+21.822000E-03,16
+21.824000E-03,16
+21.826000E-03,16
+21.828000E-03,16
+21.830000E-03,16
+21.832000E-03,16
+21.834000E-03,16
+21.836000E-03,16
+21.838000E-03,16
+21.840000E-03,16
+21.842000E-03,16
+21.844000E-03,16
+21.846000E-03,16
+21.848000E-03,16
+21.850000E-03,16
+21.852000E-03,16
+21.854000E-03,16
+21.856000E-03,16
+21.858000E-03,16
+21.860000E-03,16
+21.862000E-03,16
+21.864000E-03,16
+21.866000E-03,16
+21.868000E-03,16
+21.870000E-03,16
+21.872000E-03,16
+21.874000E-03,16
+21.876000E-03,16
+21.878000E-03,16
+21.880000E-03,16
+21.882000E-03,16
+21.884000E-03,16
+21.886000E-03,16
+21.888000E-03,16
+21.890000E-03,16
+21.892000E-03,16
+21.894000E-03,16
+21.896000E-03,16
+21.898000E-03,16
+21.900000E-03,16
+21.902000E-03,16
+21.904000E-03,16
+21.906000E-03,16
+21.908000E-03,16
+21.910000E-03,16
+21.912000E-03,16
+21.914000E-03,16
+21.916000E-03,16
+21.918000E-03,16
+21.920000E-03,16
+21.922000E-03,16
+21.924000E-03,16
+21.926000E-03,16
+21.928000E-03,16
+21.930000E-03,16
+21.932000E-03,16
+21.934000E-03,16
+21.936000E-03,16
+21.938000E-03,16
+21.940000E-03,16
+21.942000E-03,16
+21.944000E-03,16
+21.946000E-03,16
+21.948000E-03,16
+21.950000E-03,16
+21.952000E-03,16
+21.954000E-03,16
+21.956000E-03,16
+21.958000E-03,16
+21.960000E-03,16
+21.962000E-03,16
+21.964000E-03,16
+21.966000E-03,16
+21.968000E-03,16
+21.970000E-03,16
+21.972000E-03,16
+21.974000E-03,16
+21.976000E-03,16
+21.978000E-03,16
+21.980000E-03,16
+21.982000E-03,16
+21.984000E-03,16
+21.986000E-03,16
+21.988000E-03,16
+21.990000E-03,16
+21.992000E-03,16
+21.994000E-03,16
+21.996000E-03,16
+21.998000E-03,16
+22.000000E-03,16
+22.002000E-03,16
+22.004000E-03,16
+22.006000E-03,16
+22.008000E-03,16
+22.010000E-03,16
+22.012000E-03,16
+22.014000E-03,16
+22.016000E-03,16
+22.018000E-03,16
+22.020000E-03,16
+22.022000E-03,16
+22.024000E-03,16
+22.026000E-03,16
+22.028000E-03,16
+22.030000E-03,16
+22.032000E-03,16
+22.034000E-03,16
+22.036000E-03,16
+22.038000E-03,16
+22.040000E-03,16
+22.042000E-03,16
+22.044000E-03,16
+22.046000E-03,16
+22.048000E-03,16
+22.050000E-03,16
+22.052000E-03,16
+22.054000E-03,16
+22.056000E-03,16
+22.058000E-03,16
+22.060000E-03,16
+22.062000E-03,16
+22.064000E-03,16
+22.066000E-03,16
+22.068000E-03,16
+22.070000E-03,16
+22.072000E-03,16
+22.074000E-03,16
+22.076000E-03,16
+22.078000E-03,16
+22.080000E-03,16
+22.082000E-03,16
+22.084000E-03,16
+22.086000E-03,16
+22.088000E-03,16
+22.090000E-03,16
+22.092000E-03,16
+22.094000E-03,16
+22.096000E-03,16
+22.098000E-03,16
+22.100000E-03,16
+22.102000E-03,16
+22.104000E-03,16
+22.106000E-03,16
+22.108000E-03,16
+22.110000E-03,16
+22.112000E-03,16
+22.114000E-03,16
+22.116000E-03,16
+22.118000E-03,16
+22.120000E-03,16
+22.122000E-03,16
+22.124000E-03,16
+22.126000E-03,16
+22.128000E-03,16
+22.130000E-03,16
+22.132000E-03,16
+22.134000E-03,16
+22.136000E-03,16
+22.138000E-03,16
+22.140000E-03,16
+22.142000E-03,16
+22.144000E-03,16
+22.146000E-03,16
+22.148000E-03,16
+22.150000E-03,16
+22.152000E-03,16
+22.154000E-03,16
+22.156000E-03,16
+22.158000E-03,16
+22.160000E-03,16
+22.162000E-03,16
+22.164000E-03,16
+22.166000E-03,16
+22.168000E-03,16
+22.170000E-03,16
+22.172000E-03,16
+22.174000E-03,16
+22.176000E-03,16
+22.178000E-03,16
+22.180000E-03,16
+22.182000E-03,16
+22.184000E-03,16
+22.186000E-03,16
+22.188000E-03,16
+22.190000E-03,16
+22.192000E-03,16
+22.194000E-03,16
+22.196000E-03,16
+22.198000E-03,16
+22.200000E-03,16
+22.202000E-03,16
+22.204000E-03,16
+22.206000E-03,16
+22.208000E-03,16
+22.210000E-03,16
+22.212000E-03,16
+22.214000E-03,16
+22.216000E-03,16
+22.218000E-03,16
+22.220000E-03,16
+22.222000E-03,16
+22.224000E-03,16
+22.226000E-03,16
+22.228000E-03,16
+22.230000E-03,16
+22.232000E-03,16
+22.234000E-03,16
+22.236000E-03,16
+22.238000E-03,16
+22.240000E-03,16
+22.242000E-03,16
+22.244000E-03,16
+22.246000E-03,16
+22.248000E-03,16
+22.250000E-03,16
+22.252000E-03,16
+22.254000E-03,16
+22.256000E-03,16
+22.258000E-03,16
+22.260000E-03,16
+22.262000E-03,16
+22.264000E-03,16
+22.266000E-03,16
+22.268000E-03,16
+22.270000E-03,16
+22.272000E-03,16
+22.274000E-03,16
+22.276000E-03,16
+22.278000E-03,16
+22.280000E-03,16
+22.282000E-03,16
+22.284000E-03,16
+22.286000E-03,16
+22.288000E-03,16
+22.290000E-03,16
+22.292000E-03,16
+22.294000E-03,16
+22.296000E-03,16
+22.298000E-03,16
+22.300000E-03,16
+22.302000E-03,16
+22.304000E-03,16
+22.306000E-03,16
+22.308000E-03,16
+22.310000E-03,16
+22.312000E-03,16
+22.314000E-03,16
+22.316000E-03,16
+22.318000E-03,16
+22.320000E-03,16
+22.322000E-03,16
+22.324000E-03,16
+22.326000E-03,16
+22.328000E-03,16
+22.330000E-03,16
+22.332000E-03,16
+22.334000E-03,16
+22.336000E-03,16
+22.338000E-03,16
+22.340000E-03,16
+22.342000E-03,16
+22.344000E-03,16
+22.346000E-03,16
+22.348000E-03,16
+22.350000E-03,16
+22.352000E-03,16
+22.354000E-03,16
+22.356000E-03,16
+22.358000E-03,16
+22.360000E-03,16
+22.362000E-03,16
+22.364000E-03,16
+22.366000E-03,16
+22.368000E-03,16
+22.370000E-03,16
+22.372000E-03,16
+22.374000E-03,16
+22.376000E-03,16
+22.378000E-03,16
+22.380000E-03,16
+22.382000E-03,16
+22.384000E-03,16
+22.386000E-03,16
+22.388000E-03,16
+22.390000E-03,16
+22.392000E-03,16
+22.394000E-03,16
+22.396000E-03,16
+22.398000E-03,16
+22.400000E-03,16
+22.402000E-03,16
+22.404000E-03,16
+22.406000E-03,16
+22.408000E-03,16
+22.410000E-03,16
+22.412000E-03,16
+22.414000E-03,16
+22.416000E-03,16
+22.418000E-03,16
+22.420000E-03,16
+22.422000E-03,16
+22.424000E-03,16
+22.426000E-03,16
+22.428000E-03,16
+22.430000E-03,16
+22.432000E-03,16
+22.434000E-03,16
+22.436000E-03,16
+22.438000E-03,16
+22.440000E-03,16
+22.442000E-03,16
+22.444000E-03,16
+22.446000E-03,16
+22.448000E-03,16
+22.450000E-03,16
+22.452000E-03,16
+22.454000E-03,16
+22.456000E-03,16
+22.458000E-03,16
+22.460000E-03,16
+22.462000E-03,16
+22.464000E-03,16
+22.466000E-03,16
+22.468000E-03,16
+22.470000E-03,16
+22.472000E-03,16
+22.474000E-03,16
+22.476000E-03,16
+22.478000E-03,16
+22.480000E-03,16
+22.482000E-03,16
+22.484000E-03,16
+22.486000E-03,16
+22.488000E-03,16
+22.490000E-03,16
+22.492000E-03,16
+22.494000E-03,16
+22.496000E-03,16
+22.498000E-03,16
+22.500000E-03,16
+22.502000E-03,16
+22.504000E-03,16
+22.506000E-03,16
+22.508000E-03,16
+22.510000E-03,16
+22.512000E-03,16
+22.514000E-03,16
+22.516000E-03,16
+22.518000E-03,16
+22.520000E-03,16
+22.522000E-03,16
+22.524000E-03,16
+22.526000E-03,16
+22.528000E-03,16
+22.530000E-03,16
+22.532000E-03,16
+22.534000E-03,16
+22.536000E-03,16
+22.538000E-03,16
+22.540000E-03,16
+22.542000E-03,16
+22.544000E-03,16
+22.546000E-03,16
+22.548000E-03,16
+22.550000E-03,16
+22.552000E-03,16
+22.554000E-03,16
+22.556000E-03,16
+22.558000E-03,16
+22.560000E-03,16
+22.562000E-03,16
+22.564000E-03,16
+22.566000E-03,16
+22.568000E-03,16
+22.570000E-03,16
+22.572000E-03,16
+22.574000E-03,16
+22.576000E-03,16
+22.578000E-03,16
+22.580000E-03,16
+22.582000E-03,16
+22.584000E-03,16
+22.586000E-03,16
+22.588000E-03,16
+22.590000E-03,16
+22.592000E-03,16
+22.594000E-03,16
+22.596000E-03,16
+22.598000E-03,16
+22.600000E-03,16
+22.602000E-03,16
+22.604000E-03,16
+22.606000E-03,16
+22.608000E-03,16
+22.610000E-03,16
+22.612000E-03,16
+22.614000E-03,16
+22.616000E-03,16
+22.618000E-03,16
+22.620000E-03,16
+22.622000E-03,16
+22.624000E-03,16
+22.626000E-03,16
+22.628000E-03,16
+22.630000E-03,16
+22.632000E-03,16
+22.634000E-03,16
+22.636000E-03,16
+22.638000E-03,16
+22.640000E-03,16
+22.642000E-03,16
+22.644000E-03,16
+22.646000E-03,16
+22.648000E-03,16
+22.650000E-03,16
+22.652000E-03,16
+22.654000E-03,16
+22.656000E-03,16
+22.658000E-03,16
+22.660000E-03,16
+22.662000E-03,16
+22.664000E-03,16
+22.666000E-03,16
+22.668000E-03,16
+22.670000E-03,16
+22.672000E-03,16
+22.674000E-03,16
+22.676000E-03,16
+22.678000E-03,16
+22.680000E-03,16
+22.682000E-03,16
+22.684000E-03,16
+22.686000E-03,16
+22.688000E-03,16
+22.690000E-03,16
+22.692000E-03,16
+22.694000E-03,16
+22.696000E-03,16
+22.698000E-03,16
+22.700000E-03,16
+22.702000E-03,16
+22.704000E-03,16
+22.706000E-03,16
+22.708000E-03,16
+22.710000E-03,16
+22.712000E-03,16
+22.714000E-03,16
+22.716000E-03,16
+22.718000E-03,16
+22.720000E-03,16
+22.722000E-03,16
+22.724000E-03,16
+22.726000E-03,16
+22.728000E-03,16
+22.730000E-03,16
+22.732000E-03,16
+22.734000E-03,16
+22.736000E-03,16
+22.738000E-03,16
+22.740000E-03,16
+22.742000E-03,16
+22.744000E-03,16
+22.746000E-03,16
+22.748000E-03,16
+22.750000E-03,16
+22.752000E-03,16
+22.754000E-03,16
+22.756000E-03,16
+22.758000E-03,16
+22.760000E-03,16
+22.762000E-03,16
+22.764000E-03,16
+22.766000E-03,16
+22.768000E-03,16
+22.770000E-03,16
+22.772000E-03,16
+22.774000E-03,16
+22.776000E-03,16
+22.778000E-03,16
+22.780000E-03,16
+22.782000E-03,16
+22.784000E-03,16
+22.786000E-03,16
+22.788000E-03,16
+22.790000E-03,16
+22.792000E-03,16
+22.794000E-03,16
+22.796000E-03,16
+22.798000E-03,16
+22.800000E-03,16
+22.802000E-03,16
+22.804000E-03,16
+22.806000E-03,16
+22.808000E-03,16
+22.810000E-03,16
+22.812000E-03,16
+22.814000E-03,16
+22.816000E-03,16
+22.818000E-03,16
+22.820000E-03,16
+22.822000E-03,16
+22.824000E-03,16
+22.826000E-03,16
+22.828000E-03,16
+22.830000E-03,16
+22.832000E-03,16
+22.834000E-03,16
+22.836000E-03,16
+22.838000E-03,16
+22.840000E-03,16
+22.842000E-03,16
+22.844000E-03,16
+22.846000E-03,16
+22.848000E-03,16
+22.850000E-03,16
+22.852000E-03,16
+22.854000E-03,16
+22.856000E-03,16
+22.858000E-03,16
+22.860000E-03,16
+22.862000E-03,16
+22.864000E-03,16
+22.866000E-03,16
+22.868000E-03,16
+22.870000E-03,16
+22.872000E-03,16
+22.874000E-03,16
+22.876000E-03,16
+22.878000E-03,16
+22.880000E-03,16
+22.882000E-03,16
+22.884000E-03,16
+22.886000E-03,16
+22.888000E-03,16
+22.890000E-03,16
+22.892000E-03,16
+22.894000E-03,16
+22.896000E-03,16
+22.898000E-03,16
+22.900000E-03,16
+22.902000E-03,16
+22.904000E-03,16
+22.906000E-03,16
+22.908000E-03,16
+22.910000E-03,16
+22.912000E-03,16
+22.914000E-03,16
+22.916000E-03,16
+22.918000E-03,16
+22.920000E-03,16
+22.922000E-03,16
+22.924000E-03,16
+22.926000E-03,16
+22.928000E-03,16
+22.930000E-03,16
+22.932000E-03,16
+22.934000E-03,16
+22.936000E-03,16
+22.938000E-03,16
+22.940000E-03,16
+22.942000E-03,16
+22.944000E-03,16
+22.946000E-03,16
+22.948000E-03,16
+22.950000E-03,16
+22.952000E-03,16
+22.954000E-03,16
+22.956000E-03,16
+22.958000E-03,16
+22.960000E-03,16
+22.962000E-03,16
+22.964000E-03,16
+22.966000E-03,16
+22.968000E-03,16
+22.970000E-03,16
+22.972000E-03,16
+22.974000E-03,16
+22.976000E-03,16
+22.978000E-03,16
+22.980000E-03,16
+22.982000E-03,16
+22.984000E-03,16
+22.986000E-03,16
+22.988000E-03,16
+22.990000E-03,16
+22.992000E-03,16
+22.994000E-03,16
+22.996000E-03,16
+22.998000E-03,16
+23.000000E-03,16
+23.002000E-03,16
+23.004000E-03,16
+23.006000E-03,16
+23.008000E-03,16
+23.010000E-03,16
+23.012000E-03,16
+23.014000E-03,16
+23.016000E-03,16
+23.018000E-03,16
+23.020000E-03,16
+23.022000E-03,16
+23.024000E-03,16
+23.026000E-03,16
+23.028000E-03,16
+23.030000E-03,16
+23.032000E-03,16
+23.034000E-03,16
+23.036000E-03,16
+23.038000E-03,16
+23.040000E-03,16
+23.042000E-03,16
+23.044000E-03,16
+23.046000E-03,16
+23.048000E-03,16
+23.050000E-03,16
+23.052000E-03,16
+23.054000E-03,16
+23.056000E-03,16
+23.058000E-03,16
+23.060000E-03,16
+23.062000E-03,16
+23.064000E-03,16
+23.066000E-03,16
+23.068000E-03,16
+23.070000E-03,16
+23.072000E-03,16
+23.074000E-03,16
+23.076000E-03,16
+23.078000E-03,16
+23.080000E-03,16
+23.082000E-03,16
+23.084000E-03,16
+23.086000E-03,16
+23.088000E-03,16
+23.090000E-03,16
+23.092000E-03,16
+23.094000E-03,16
+23.096000E-03,16
+23.098000E-03,16
+23.100000E-03,16
+23.102000E-03,16
+23.104000E-03,16
+23.106000E-03,16
+23.108000E-03,16
+23.110000E-03,16
+23.112000E-03,16
+23.114000E-03,16
+23.116000E-03,16
+23.118000E-03,16
+23.120000E-03,16
+23.122000E-03,16
+23.124000E-03,16
+23.126000E-03,16
+23.128000E-03,16
+23.130000E-03,16
+23.132000E-03,16
+23.134000E-03,16
+23.136000E-03,16
+23.138000E-03,16
+23.140000E-03,16
+23.142000E-03,16
+23.144000E-03,16
+23.146000E-03,16
+23.148000E-03,16
+23.150000E-03,16
+23.152000E-03,16
+23.154000E-03,16
+23.156000E-03,16
+23.158000E-03,16
+23.160000E-03,16
+23.162000E-03,16
+23.164000E-03,16
+23.166000E-03,16
+23.168000E-03,16
+23.170000E-03,16
+23.172000E-03,16
+23.174000E-03,16
+23.176000E-03,16
+23.178000E-03,16
+23.180000E-03,16
+23.182000E-03,16
+23.184000E-03,16
+23.186000E-03,16
+23.188000E-03,16
+23.190000E-03,16
+23.192000E-03,16
+23.194000E-03,16
+23.196000E-03,16
+23.198000E-03,16
+23.200000E-03,16
+23.202000E-03,16
+23.204000E-03,16
+23.206000E-03,16
+23.208000E-03,16
+23.210000E-03,16
+23.212000E-03,16
+23.214000E-03,16
+23.216000E-03,16
+23.218000E-03,16
+23.220000E-03,16
+23.222000E-03,16
+23.224000E-03,16
+23.226000E-03,16
+23.228000E-03,16
+23.230000E-03,16
+23.232000E-03,16
+23.234000E-03,16
+23.236000E-03,16
+23.238000E-03,16
+23.240000E-03,16
+23.242000E-03,16
+23.244000E-03,16
+23.246000E-03,16
+23.248000E-03,16
+23.250000E-03,16
+23.252000E-03,16
+23.254000E-03,16
+23.256000E-03,16
+23.258000E-03,16
+23.260000E-03,16
+23.262000E-03,16
+23.264000E-03,16
+23.266000E-03,16
+23.268000E-03,16
+23.270000E-03,16
+23.272000E-03,16
+23.274000E-03,16
+23.276000E-03,16
+23.278000E-03,16
+23.280000E-03,16
+23.282000E-03,16
+23.284000E-03,16
+23.286000E-03,16
+23.288000E-03,16
+23.290000E-03,16
+23.292000E-03,16
+23.294000E-03,16
+23.296000E-03,16
+23.298000E-03,16
+23.300000E-03,16
+23.302000E-03,16
+23.304000E-03,16
+23.306000E-03,16
+23.308000E-03,16
+23.310000E-03,16
+23.312000E-03,16
+23.314000E-03,16
+23.316000E-03,16
+23.318000E-03,16
+23.320000E-03,16
+23.322000E-03,16
+23.324000E-03,16
+23.326000E-03,16
+23.328000E-03,16
+23.330000E-03,16
+23.332000E-03,16
+23.334000E-03,16
+23.336000E-03,16
+23.338000E-03,16
+23.340000E-03,16
+23.342000E-03,16
+23.344000E-03,16
+23.346000E-03,16
+23.348000E-03,16
+23.350000E-03,16
+23.352000E-03,16
+23.354000E-03,16
+23.356000E-03,16
+23.358000E-03,16
+23.360000E-03,16
+23.362000E-03,16
+23.364000E-03,16
+23.366000E-03,16
+23.368000E-03,16
+23.370000E-03,16
+23.372000E-03,16
+23.374000E-03,16
+23.376000E-03,16
+23.378000E-03,16
+23.380000E-03,16
+23.382000E-03,16
+23.384000E-03,16
+23.386000E-03,16
+23.388000E-03,16
+23.390000E-03,16
+23.392000E-03,16
+23.394000E-03,16
+23.396000E-03,16
+23.398000E-03,16
+23.400000E-03,16
+23.402000E-03,16
+23.404000E-03,16
+23.406000E-03,16
+23.408000E-03,16
+23.410000E-03,16
+23.412000E-03,16
+23.414000E-03,16
+23.416000E-03,16
+23.418000E-03,16
+23.420000E-03,16
+23.422000E-03,16
+23.424000E-03,16
+23.426000E-03,16
+23.428000E-03,16
+23.430000E-03,16
+23.432000E-03,16
+23.434000E-03,16
+23.436000E-03,16
+23.438000E-03,16
+23.440000E-03,16
+23.442000E-03,16
+23.444000E-03,16
+23.446000E-03,16
+23.448000E-03,16
+23.450000E-03,16
+23.452000E-03,16
+23.454000E-03,16
+23.456000E-03,16
+23.458000E-03,16
+23.460000E-03,16
+23.462000E-03,16
+23.464000E-03,16
+23.466000E-03,16
+23.468000E-03,16
+23.470000E-03,16
+23.472000E-03,16
+23.474000E-03,16
+23.476000E-03,16
+23.478000E-03,16
+23.480000E-03,16
+23.482000E-03,16
+23.484000E-03,16
+23.486000E-03,16
+23.488000E-03,16
+23.490000E-03,16
+23.492000E-03,16
+23.494000E-03,16
+23.496000E-03,16
+23.498000E-03,16
+23.500000E-03,16
+23.502000E-03,16
+23.504000E-03,16
+23.506000E-03,16
+23.508000E-03,16
+23.510000E-03,16
+23.512000E-03,16
+23.514000E-03,16
+23.516000E-03,16
+23.518000E-03,16
+23.520000E-03,16
+23.522000E-03,16
+23.524000E-03,16
+23.526000E-03,16
+23.528000E-03,16
+23.530000E-03,16
+23.532000E-03,16
+23.534000E-03,16
+23.536000E-03,16
+23.538000E-03,16
+23.540000E-03,16
+23.542000E-03,16
+23.544000E-03,16
+23.546000E-03,16
+23.548000E-03,16
+23.550000E-03,16
+23.552000E-03,16
+23.554000E-03,16
+23.556000E-03,16
+23.558000E-03,16
+23.560000E-03,16
+23.562000E-03,16
+23.564000E-03,16
+23.566000E-03,16
+23.568000E-03,16
+23.570000E-03,16
+23.572000E-03,16
+23.574000E-03,16
+23.576000E-03,16
+23.578000E-03,16
+23.580000E-03,16
+23.582000E-03,16
+23.584000E-03,16
+23.586000E-03,16
+23.588000E-03,16
+23.590000E-03,16
+23.592000E-03,16
+23.594000E-03,16
+23.596000E-03,16
+23.598000E-03,16
+23.600000E-03,16
+23.602000E-03,16
+23.604000E-03,16
+23.606000E-03,16
+23.608000E-03,16
+23.610000E-03,16
+23.612000E-03,16
+23.614000E-03,16
+23.616000E-03,16
+23.618000E-03,16
+23.620000E-03,16
+23.622000E-03,16
+23.624000E-03,16
+23.626000E-03,16
+23.628000E-03,16
+23.630000E-03,16
+23.632000E-03,16
+23.634000E-03,16
+23.636000E-03,16
+23.638000E-03,16
+23.640000E-03,16
+23.642000E-03,16
+23.644000E-03,16
+23.646000E-03,16
+23.648000E-03,16
+23.650000E-03,16
+23.652000E-03,16
+23.654000E-03,16
+23.656000E-03,16
+23.658000E-03,16
+23.660000E-03,16
+23.662000E-03,16
+23.664000E-03,16
+23.666000E-03,16
+23.668000E-03,16
+23.670000E-03,16
+23.672000E-03,16
+23.674000E-03,16
+23.676000E-03,16
+23.678000E-03,16
+23.680000E-03,16
+23.682000E-03,16
+23.684000E-03,16
+23.686000E-03,16
+23.688000E-03,16
+23.690000E-03,16
+23.692000E-03,16
+23.694000E-03,16
+23.696000E-03,16
+23.698000E-03,16
+23.700000E-03,16
+23.702000E-03,16
+23.704000E-03,16
+23.706000E-03,16
+23.708000E-03,16
+23.710000E-03,16
+23.712000E-03,16
+23.714000E-03,16
+23.716000E-03,16
+23.718000E-03,16
+23.720000E-03,16
+23.722000E-03,16
+23.724000E-03,16
+23.726000E-03,16
+23.728000E-03,16
+23.730000E-03,16
+23.732000E-03,16
+23.734000E-03,16
+23.736000E-03,16
+23.738000E-03,16
+23.740000E-03,16
+23.742000E-03,16
+23.744000E-03,16
+23.746000E-03,16
+23.748000E-03,16
+23.750000E-03,16
+23.752000E-03,16
+23.754000E-03,16
+23.756000E-03,16
+23.758000E-03,16
+23.760000E-03,16
+23.762000E-03,16
+23.764000E-03,16
+23.766000E-03,16
+23.768000E-03,16
+23.770000E-03,16
+23.772000E-03,16
+23.774000E-03,16
+23.776000E-03,16
+23.778000E-03,16
+23.780000E-03,16
+23.782000E-03,16
+23.784000E-03,16
+23.786000E-03,16
+23.788000E-03,16
+23.790000E-03,16
+23.792000E-03,16
+23.794000E-03,16
+23.796000E-03,16
+23.798000E-03,16
+23.800000E-03,16
+23.802000E-03,16
+23.804000E-03,16
+23.806000E-03,16
+23.808000E-03,16
+23.810000E-03,16
+23.812000E-03,16
+23.814000E-03,16
+23.816000E-03,16
+23.818000E-03,16
+23.820000E-03,16
+23.822000E-03,16
+23.824000E-03,16
+23.826000E-03,16
+23.828000E-03,16
+23.830000E-03,16
+23.832000E-03,16
+23.834000E-03,16
+23.836000E-03,16
+23.838000E-03,16
+23.840000E-03,16
+23.842000E-03,16
+23.844000E-03,16
+23.846000E-03,16
+23.848000E-03,16
+23.850000E-03,16
+23.852000E-03,16
+23.854000E-03,16
+23.856000E-03,16
+23.858000E-03,16
+23.860000E-03,16
+23.862000E-03,16
+23.864000E-03,16
+23.866000E-03,16
+23.868000E-03,16
+23.870000E-03,16
+23.872000E-03,16
+23.874000E-03,16
+23.876000E-03,16
+23.878000E-03,16
+23.880000E-03,16
+23.882000E-03,16
+23.884000E-03,16
+23.886000E-03,16
+23.888000E-03,16
+23.890000E-03,16
+23.892000E-03,16
+23.894000E-03,16
+23.896000E-03,16
+23.898000E-03,16
+23.900000E-03,16
+23.902000E-03,16
+23.904000E-03,16
+23.906000E-03,16
+23.908000E-03,16
+23.910000E-03,16
+23.912000E-03,16
+23.914000E-03,16
+23.916000E-03,16
+23.918000E-03,16
+23.920000E-03,16
+23.922000E-03,16
+23.924000E-03,16
+23.926000E-03,16
+23.928000E-03,16
+23.930000E-03,16
+23.932000E-03,16
+23.934000E-03,16
+23.936000E-03,16
+23.938000E-03,16
+23.940000E-03,16
+23.942000E-03,16
+23.944000E-03,16
+23.946000E-03,16
+23.948000E-03,16
+23.950000E-03,16
+23.952000E-03,16
+23.954000E-03,16
+23.956000E-03,16
+23.958000E-03,16
+23.960000E-03,16
+23.962000E-03,16
+23.964000E-03,16
+23.966000E-03,16
+23.968000E-03,16
+23.970000E-03,16
+23.972000E-03,16
+23.974000E-03,16
+23.976000E-03,16
+23.978000E-03,16
+23.980000E-03,16
+23.982000E-03,16
+23.984000E-03,16
+23.986000E-03,16
+23.988000E-03,16
+23.990000E-03,16
+23.992000E-03,16
+23.994000E-03,16
+23.996000E-03,16
+23.998000E-03,16
+24.000000E-03,16
+24.002000E-03,16
+24.004000E-03,16
+24.006000E-03,16
+24.008000E-03,16
+24.010000E-03,16
+24.012000E-03,16
+24.014000E-03,16
+24.016000E-03,16
+24.018000E-03,16
+24.020000E-03,16
+24.022000E-03,16
+24.024000E-03,16
+24.026000E-03,16
+24.028000E-03,16
+24.030000E-03,16
+24.032000E-03,16
+24.034000E-03,16
+24.036000E-03,16
+24.038000E-03,16
+24.040000E-03,16
+24.042000E-03,16
+24.044000E-03,16
+24.046000E-03,16
+24.048000E-03,16
+24.050000E-03,16
+24.052000E-03,16
+24.054000E-03,16
+24.056000E-03,16
+24.058000E-03,16
+24.060000E-03,16
+24.062000E-03,16
+24.064000E-03,16
+24.066000E-03,16
+24.068000E-03,16
+24.070000E-03,16
+24.072000E-03,16
+24.074000E-03,16
+24.076000E-03,16
+24.078000E-03,16
+24.080000E-03,16
+24.082000E-03,16
+24.084000E-03,16
+24.086000E-03,16
+24.088000E-03,16
+24.090000E-03,16
+24.092000E-03,16
+24.094000E-03,16
+24.096000E-03,16
+24.098000E-03,16
+24.100000E-03,16
+24.102000E-03,16
+24.104000E-03,16
+24.106000E-03,16
+24.108000E-03,16
+24.110000E-03,16
+24.112000E-03,16
+24.114000E-03,16
+24.116000E-03,16
+24.118000E-03,16
+24.120000E-03,16
+24.122000E-03,16
+24.124000E-03,16
+24.126000E-03,16
+24.128000E-03,16
+24.130000E-03,16
+24.132000E-03,16
+24.134000E-03,16
+24.136000E-03,16
+24.138000E-03,16
+24.140000E-03,16
+24.142000E-03,16
+24.144000E-03,16
+24.146000E-03,16
+24.148000E-03,16
+24.150000E-03,16
+24.152000E-03,16
+24.154000E-03,16
+24.156000E-03,16
+24.158000E-03,16
+24.160000E-03,16
+24.162000E-03,16
+24.164000E-03,16
+24.166000E-03,16
+24.168000E-03,16
+24.170000E-03,16
+24.172000E-03,16
+24.174000E-03,16
+24.176000E-03,16
+24.178000E-03,16
+24.180000E-03,16
+24.182000E-03,16
+24.184000E-03,16
+24.186000E-03,16
+24.188000E-03,16
+24.190000E-03,16
+24.192000E-03,16
+24.194000E-03,16
+24.196000E-03,16
+24.198000E-03,16
+24.200000E-03,16
+24.202000E-03,16
+24.204000E-03,16
+24.206000E-03,16
+24.208000E-03,16
+24.210000E-03,16
+24.212000E-03,16
+24.214000E-03,16
+24.216000E-03,16
+24.218000E-03,16
+24.220000E-03,16
+24.222000E-03,16
+24.224000E-03,16
+24.226000E-03,16
+24.228000E-03,16
+24.230000E-03,16
+24.232000E-03,16
+24.234000E-03,16
+24.236000E-03,16
+24.238000E-03,16
+24.240000E-03,16
+24.242000E-03,16
+24.244000E-03,16
+24.246000E-03,16
+24.248000E-03,16
+24.250000E-03,16
+24.252000E-03,16
+24.254000E-03,16
+24.256000E-03,16
+24.258000E-03,16
+24.260000E-03,16
+24.262000E-03,16
+24.264000E-03,16
+24.266000E-03,16
+24.268000E-03,16
+24.270000E-03,16
+24.272000E-03,16
+24.274000E-03,16
+24.276000E-03,16
+24.278000E-03,16
+24.280000E-03,16
+24.282000E-03,16
+24.284000E-03,16
+24.286000E-03,16
+24.288000E-03,16
+24.290000E-03,16
+24.292000E-03,16
+24.294000E-03,16
+24.296000E-03,16
+24.298000E-03,16
+24.300000E-03,16
+24.302000E-03,16
+24.304000E-03,16
+24.306000E-03,16
+24.308000E-03,16
+24.310000E-03,16
+24.312000E-03,16
+24.314000E-03,16
+24.316000E-03,16
+24.318000E-03,16
+24.320000E-03,16
+24.322000E-03,16
+24.324000E-03,16
+24.326000E-03,16
+24.328000E-03,16
+24.330000E-03,16
+24.332000E-03,16
+24.334000E-03,16
+24.336000E-03,16
+24.338000E-03,16
+24.340000E-03,16
+24.342000E-03,16
+24.344000E-03,16
+24.346000E-03,16
+24.348000E-03,16
+24.350000E-03,16
+24.352000E-03,16
+24.354000E-03,16
+24.356000E-03,16
+24.358000E-03,16
+24.360000E-03,16
+24.362000E-03,16
+24.364000E-03,16
+24.366000E-03,16
+24.368000E-03,16
+24.370000E-03,16
+24.372000E-03,16
+24.374000E-03,16
+24.376000E-03,16
+24.378000E-03,16
+24.380000E-03,16
+24.382000E-03,16
+24.384000E-03,16
+24.386000E-03,16
+24.388000E-03,16
+24.390000E-03,16
+24.392000E-03,16
+24.394000E-03,16
+24.396000E-03,16
+24.398000E-03,16
+24.400000E-03,16
+24.402000E-03,16
+24.404000E-03,16
+24.406000E-03,16
+24.408000E-03,16
+24.410000E-03,16
+24.412000E-03,16
+24.414000E-03,16
+24.416000E-03,16
+24.418000E-03,16
+24.420000E-03,16
+24.422000E-03,16
+24.424000E-03,16
+24.426000E-03,16
+24.428000E-03,16
+24.430000E-03,16
+24.432000E-03,16
+24.434000E-03,16
+24.436000E-03,16
+24.438000E-03,16
+24.440000E-03,16
+24.442000E-03,16
+24.444000E-03,16
+24.446000E-03,16
+24.448000E-03,16
+24.450000E-03,16
+24.452000E-03,16
+24.454000E-03,16
+24.456000E-03,16
+24.458000E-03,16
+24.460000E-03,16
+24.462000E-03,16
+24.464000E-03,16
+24.466000E-03,16
+24.468000E-03,16
+24.470000E-03,16
+24.472000E-03,16
+24.474000E-03,16
+24.476000E-03,16
+24.478000E-03,16
+24.480000E-03,16
+24.482000E-03,16
+24.484000E-03,16
+24.486000E-03,16
+24.488000E-03,16
+24.490000E-03,16
+24.492000E-03,16
+24.494000E-03,16
+24.496000E-03,16
+24.498000E-03,16
+24.500000E-03,16
+24.502000E-03,16
+24.504000E-03,16
+24.506000E-03,16
+24.508000E-03,16
+24.510000E-03,16
+24.512000E-03,16
+24.514000E-03,16
+24.516000E-03,16
+24.518000E-03,16
+24.520000E-03,16
+24.522000E-03,16
+24.524000E-03,16
+24.526000E-03,16
+24.528000E-03,16
+24.530000E-03,16
+24.532000E-03,16
+24.534000E-03,16
+24.536000E-03,16
+24.538000E-03,16
+24.540000E-03,16
+24.542000E-03,16
+24.544000E-03,16
+24.546000E-03,16
+24.548000E-03,16
+24.550000E-03,16
+24.552000E-03,16
+24.554000E-03,16
+24.556000E-03,16
+24.558000E-03,16
+24.560000E-03,16
+24.562000E-03,16
+24.564000E-03,16
+24.566000E-03,16
+24.568000E-03,16
+24.570000E-03,16
+24.572000E-03,16
+24.574000E-03,16
+24.576000E-03,16
+24.578000E-03,16
+24.580000E-03,16
+24.582000E-03,16
+24.584000E-03,16
+24.586000E-03,16
+24.588000E-03,16
+24.590000E-03,16
+24.592000E-03,16
+24.594000E-03,16
+24.596000E-03,16
+24.598000E-03,16
+24.600000E-03,16
+24.602000E-03,16
+24.604000E-03,16
+24.606000E-03,16
+24.608000E-03,16
+24.610000E-03,16
+24.612000E-03,16
+24.614000E-03,16
+24.616000E-03,16
+24.618000E-03,16
+24.620000E-03,16
+24.622000E-03,16
+24.624000E-03,16
+24.626000E-03,16
+24.628000E-03,16
+24.630000E-03,16
+24.632000E-03,16
+24.634000E-03,16
+24.636000E-03,16
+24.638000E-03,16
+24.640000E-03,16
+24.642000E-03,16
+24.644000E-03,16
+24.646000E-03,16
+24.648000E-03,16
+24.650000E-03,16
+24.652000E-03,16
+24.654000E-03,16
+24.656000E-03,16
+24.658000E-03,16
+24.660000E-03,16
+24.662000E-03,16
+24.664000E-03,16
+24.666000E-03,16
+24.668000E-03,16
+24.670000E-03,16
+24.672000E-03,16
+24.674000E-03,16
+24.676000E-03,16
+24.678000E-03,16
+24.680000E-03,16
+24.682000E-03,16
+24.684000E-03,16
+24.686000E-03,16
+24.688000E-03,16
+24.690000E-03,16
+24.692000E-03,16
+24.694000E-03,16
+24.696000E-03,16
+24.698000E-03,16
+24.700000E-03,16
+24.702000E-03,16
+24.704000E-03,16
+24.706000E-03,16
+24.708000E-03,16
+24.710000E-03,16
+24.712000E-03,16
+24.714000E-03,16
+24.716000E-03,16
+24.718000E-03,16
+24.720000E-03,16
+24.722000E-03,16
+24.724000E-03,16
+24.726000E-03,16
+24.728000E-03,16
+24.730000E-03,16
+24.732000E-03,16
+24.734000E-03,16
+24.736000E-03,16
+24.738000E-03,16
+24.740000E-03,16
+24.742000E-03,16
+24.744000E-03,16
+24.746000E-03,16
+24.748000E-03,16
+24.750000E-03,16
+24.752000E-03,16
+24.754000E-03,16
+24.756000E-03,16
+24.758000E-03,16
+24.760000E-03,16
+24.762000E-03,16
+24.764000E-03,16
+24.766000E-03,16
+24.768000E-03,16
+24.770000E-03,16
+24.772000E-03,16
+24.774000E-03,16
+24.776000E-03,16
+24.778000E-03,16
+24.780000E-03,16
+24.782000E-03,16
+24.784000E-03,16
+24.786000E-03,16
+24.788000E-03,16
+24.790000E-03,16
+24.792000E-03,16
+24.794000E-03,16
+24.796000E-03,16
+24.798000E-03,16
+24.800000E-03,16
+24.802000E-03,16
+24.804000E-03,16
+24.806000E-03,16
+24.808000E-03,16
+24.810000E-03,16
+24.812000E-03,16
+24.814000E-03,16
+24.816000E-03,16
+24.818000E-03,16
+24.820000E-03,16
+24.822000E-03,16
+24.824000E-03,16
+24.826000E-03,16
+24.828000E-03,16
+24.830000E-03,16
+24.832000E-03,16
+24.834000E-03,16
+24.836000E-03,16
+24.838000E-03,16
+24.840000E-03,16
+24.842000E-03,16
+24.844000E-03,16
+24.846000E-03,16
+24.848000E-03,16
+24.850000E-03,16
+24.852000E-03,16
+24.854000E-03,16
+24.856000E-03,16
+24.858000E-03,16
+24.860000E-03,16
+24.862000E-03,16
+24.864000E-03,16
+24.866000E-03,16
+24.868000E-03,16
+24.870000E-03,16
+24.872000E-03,16
+24.874000E-03,16
+24.876000E-03,16
+24.878000E-03,16
+24.880000E-03,16
+24.882000E-03,16
+24.884000E-03,16
+24.886000E-03,16
+24.888000E-03,16
+24.890000E-03,16
+24.892000E-03,16
+24.894000E-03,16
+24.896000E-03,16
+24.898000E-03,16
+24.900000E-03,16
+24.902000E-03,16
+24.904000E-03,16
+24.906000E-03,16
+24.908000E-03,16
+24.910000E-03,16
+24.912000E-03,16
+24.914000E-03,16
+24.916000E-03,16
+24.918000E-03,16
+24.920000E-03,16
+24.922000E-03,16
+24.924000E-03,16
+24.926000E-03,16
+24.928000E-03,16
+24.930000E-03,16
+24.932000E-03,16
+24.934000E-03,16
+24.936000E-03,16
+24.938000E-03,16
+24.940000E-03,16
+24.942000E-03,16
+24.944000E-03,16
+24.946000E-03,16
+24.948000E-03,16
+24.950000E-03,16
+24.952000E-03,16
+24.954000E-03,16
+24.956000E-03,16
+24.958000E-03,16
+24.960000E-03,16
+24.962000E-03,16
+24.964000E-03,16
+24.966000E-03,16
+24.968000E-03,16
+24.970000E-03,16
+24.972000E-03,16
+24.974000E-03,16
+24.976000E-03,16
+24.978000E-03,16
+24.980000E-03,16
+24.982000E-03,16
+24.984000E-03,16
+24.986000E-03,16
+24.988000E-03,16
+24.990000E-03,16
+24.992000E-03,16
+24.994000E-03,16
+24.996000E-03,16
+24.998000E-03,16
+25.000000E-03,16
+25.002000E-03,16
+25.004000E-03,16
+25.006000E-03,16
+25.008000E-03,16
+25.010000E-03,16
+25.012000E-03,16
+25.014000E-03,16
+25.016000E-03,16
+25.018000E-03,16
+25.020000E-03,16
+25.022000E-03,16
+25.024000E-03,16
+25.026000E-03,16
+25.028000E-03,16
+25.030000E-03,16
+25.032000E-03,16
+25.034000E-03,16
+25.036000E-03,16
+25.038000E-03,16
+25.040000E-03,16
+25.042000E-03,16
+25.044000E-03,16
+25.046000E-03,16
+25.048000E-03,16
+25.050000E-03,16
+25.052000E-03,16
+25.054000E-03,16
+25.056000E-03,16
+25.058000E-03,16
+25.060000E-03,16
+25.062000E-03,16
+25.064000E-03,16
+25.066000E-03,16
+25.068000E-03,16
+25.070000E-03,16
+25.072000E-03,16
+25.074000E-03,16
+25.076000E-03,16
+25.078000E-03,16
+25.080000E-03,16
+25.082000E-03,16
+25.084000E-03,16
+25.086000E-03,16
+25.088000E-03,16
+25.090000E-03,16
+25.092000E-03,16
+25.094000E-03,16
+25.096000E-03,16
+25.098000E-03,16
+25.100000E-03,16
+25.102000E-03,16
+25.104000E-03,16
+25.106000E-03,16
+25.108000E-03,16
+25.110000E-03,16
+25.112000E-03,16
+25.114000E-03,16
+25.116000E-03,16
+25.118000E-03,16
+25.120000E-03,16
+25.122000E-03,16
+25.124000E-03,16
+25.126000E-03,16
+25.128000E-03,16
+25.130000E-03,16
+25.132000E-03,16
+25.134000E-03,16
+25.136000E-03,16
+25.138000E-03,16
+25.140000E-03,16
+25.142000E-03,16
+25.144000E-03,16
+25.146000E-03,16
+25.148000E-03,16
+25.150000E-03,16
+25.152000E-03,16
+25.154000E-03,16
+25.156000E-03,16
+25.158000E-03,16
+25.160000E-03,16
+25.162000E-03,16
+25.164000E-03,16
+25.166000E-03,16
+25.168000E-03,16
+25.170000E-03,16
+25.172000E-03,16
+25.174000E-03,16
+25.176000E-03,16
+25.178000E-03,16
+25.180000E-03,16
+25.182000E-03,16
+25.184000E-03,16
+25.186000E-03,16
+25.188000E-03,16
+25.190000E-03,16
+25.192000E-03,16
+25.194000E-03,16
+25.196000E-03,16
+25.198000E-03,16
+25.200000E-03,16
+25.202000E-03,16
+25.204000E-03,16
+25.206000E-03,16
+25.208000E-03,16
+25.210000E-03,16
+25.212000E-03,16
+25.214000E-03,16
+25.216000E-03,16
+25.218000E-03,16
+25.220000E-03,16
+25.222000E-03,16
+25.224000E-03,16
+25.226000E-03,16
+25.228000E-03,16
+25.230000E-03,16
+25.232000E-03,16
+25.234000E-03,16
+25.236000E-03,16
+25.238000E-03,16
+25.240000E-03,16
+25.242000E-03,16
+25.244000E-03,16
+25.246000E-03,16
+25.248000E-03,16
+25.250000E-03,16
+25.252000E-03,16
+25.254000E-03,16
+25.256000E-03,16
+25.258000E-03,16
+25.260000E-03,16
+25.262000E-03,16
+25.264000E-03,16
+25.266000E-03,16
+25.268000E-03,16
+25.270000E-03,16
+25.272000E-03,16
+25.274000E-03,16
+25.276000E-03,16
+25.278000E-03,16
+25.280000E-03,16
+25.282000E-03,16
+25.284000E-03,16
+25.286000E-03,16
+25.288000E-03,16
+25.290000E-03,16
+25.292000E-03,16
+25.294000E-03,16
+25.296000E-03,16
+25.298000E-03,16
+25.300000E-03,16
+25.302000E-03,16
+25.304000E-03,16
+25.306000E-03,16
+25.308000E-03,16
+25.310000E-03,16
+25.312000E-03,16
+25.314000E-03,16
+25.316000E-03,16
+25.318000E-03,16
+25.320000E-03,16
+25.322000E-03,16
+25.324000E-03,16
+25.326000E-03,16
+25.328000E-03,16
+25.330000E-03,16
+25.332000E-03,16
+25.334000E-03,16
+25.336000E-03,16
+25.338000E-03,16
+25.340000E-03,16
+25.342000E-03,16
+25.344000E-03,16
+25.346000E-03,16
+25.348000E-03,16
+25.350000E-03,16
+25.352000E-03,16
+25.354000E-03,16
+25.356000E-03,16
+25.358000E-03,16
+25.360000E-03,16
+25.362000E-03,16
+25.364000E-03,16
+25.366000E-03,16
+25.368000E-03,16
+25.370000E-03,16
+25.372000E-03,16
+25.374000E-03,16
+25.376000E-03,16
+25.378000E-03,16
+25.380000E-03,16
+25.382000E-03,16
+25.384000E-03,16
+25.386000E-03,16
+25.388000E-03,16
+25.390000E-03,16
+25.392000E-03,16
+25.394000E-03,16
+25.396000E-03,16
+25.398000E-03,16
+25.400000E-03,16
+25.402000E-03,16
+25.404000E-03,16
+25.406000E-03,16
+25.408000E-03,16
+25.410000E-03,16
+25.412000E-03,16
+25.414000E-03,16
+25.416000E-03,16
+25.418000E-03,16
+25.420000E-03,16
+25.422000E-03,16
+25.424000E-03,16
+25.426000E-03,16
+25.428000E-03,16
+25.430000E-03,16
+25.432000E-03,16
+25.434000E-03,16
+25.436000E-03,16
+25.438000E-03,16
+25.440000E-03,16
+25.442000E-03,16
+25.444000E-03,16
+25.446000E-03,16
+25.448000E-03,16
+25.450000E-03,16
+25.452000E-03,16
+25.454000E-03,16
+25.456000E-03,16
+25.458000E-03,16
+25.460000E-03,16
+25.462000E-03,16
+25.464000E-03,16
+25.466000E-03,16
+25.468000E-03,16
+25.470000E-03,16
+25.472000E-03,16
+25.474000E-03,16
+25.476000E-03,16
+25.478000E-03,16
+25.480000E-03,16
+25.482000E-03,16
+25.484000E-03,16
+25.486000E-03,16
+25.488000E-03,16
+25.490000E-03,16
+25.492000E-03,16
+25.494000E-03,16
+25.496000E-03,16
+25.498000E-03,16
+25.500000E-03,16
+25.502000E-03,16
+25.504000E-03,16
+25.506000E-03,16
+25.508000E-03,16
+25.510000E-03,16
+25.512000E-03,16
+25.514000E-03,16
+25.516000E-03,16
+25.518000E-03,16
+25.520000E-03,16
+25.522000E-03,16
+25.524000E-03,16
+25.526000E-03,16
+25.528000E-03,16
+25.530000E-03,16
+25.532000E-03,16
+25.534000E-03,16
+25.536000E-03,16
+25.538000E-03,16
+25.540000E-03,16
+25.542000E-03,16
+25.544000E-03,16
+25.546000E-03,16
+25.548000E-03,16
+25.550000E-03,16
+25.552000E-03,16
+25.554000E-03,16
+25.556000E-03,16
+25.558000E-03,16
+25.560000E-03,16
+25.562000E-03,16
+25.564000E-03,16
+25.566000E-03,16
+25.568000E-03,16
+25.570000E-03,16
+25.572000E-03,16
+25.574000E-03,16
+25.576000E-03,16
+25.578000E-03,16
+25.580000E-03,16
+25.582000E-03,16
+25.584000E-03,16
+25.586000E-03,16
+25.588000E-03,16
+25.590000E-03,16
+25.592000E-03,16
+25.594000E-03,16
+25.596000E-03,16
+25.598000E-03,16
+25.600000E-03,16
+25.602000E-03,16
+25.604000E-03,16
+25.606000E-03,16
+25.608000E-03,16
+25.610000E-03,16
+25.612000E-03,16
+25.614000E-03,16
+25.616000E-03,16
+25.618000E-03,16
+25.620000E-03,16
+25.622000E-03,16
+25.624000E-03,16
+25.626000E-03,16
+25.628000E-03,16
+25.630000E-03,16
+25.632000E-03,16
+25.634000E-03,16
+25.636000E-03,16
+25.638000E-03,16
+25.640000E-03,16
+25.642000E-03,16
+25.644000E-03,16
+25.646000E-03,16
+25.648000E-03,16
+25.650000E-03,16
+25.652000E-03,16
+25.654000E-03,16
+25.656000E-03,16
+25.658000E-03,16
+25.660000E-03,16
+25.662000E-03,16
+25.664000E-03,16
+25.666000E-03,16
+25.668000E-03,16
+25.670000E-03,16
+25.672000E-03,16
+25.674000E-03,16
+25.676000E-03,16
+25.678000E-03,16
+25.680000E-03,16
+25.682000E-03,16
+25.684000E-03,16
+25.686000E-03,16
+25.688000E-03,16
+25.690000E-03,16
+25.692000E-03,16
+25.694000E-03,16
+25.696000E-03,16
+25.698000E-03,16
+25.700000E-03,16
+25.702000E-03,16
+25.704000E-03,16
+25.706000E-03,16
+25.708000E-03,16
+25.710000E-03,16
+25.712000E-03,16
+25.714000E-03,16
+25.716000E-03,16
+25.718000E-03,16
+25.720000E-03,16
+25.722000E-03,16
+25.724000E-03,16
+25.726000E-03,16
+25.728000E-03,16
+25.730000E-03,16
+25.732000E-03,16
+25.734000E-03,16
+25.736000E-03,16
+25.738000E-03,16
+25.740000E-03,16
+25.742000E-03,16
+25.744000E-03,16
+25.746000E-03,16
+25.748000E-03,16
+25.750000E-03,16
+25.752000E-03,16
+25.754000E-03,16
+25.756000E-03,16
+25.758000E-03,16
+25.760000E-03,16
+25.762000E-03,16
+25.764000E-03,16
+25.766000E-03,16
+25.768000E-03,16
+25.770000E-03,16
+25.772000E-03,16
+25.774000E-03,16
+25.776000E-03,16
+25.778000E-03,16
+25.780000E-03,16
+25.782000E-03,16
+25.784000E-03,16
+25.786000E-03,16
+25.788000E-03,16
+25.790000E-03,16
+25.792000E-03,16
+25.794000E-03,16
+25.796000E-03,16
+25.798000E-03,16
+25.800000E-03,16
+25.802000E-03,16
+25.804000E-03,16
+25.806000E-03,16
+25.808000E-03,16
+25.810000E-03,16
+25.812000E-03,16
+25.814000E-03,16
+25.816000E-03,16
+25.818000E-03,16
+25.820000E-03,16
+25.822000E-03,16
+25.824000E-03,16
+25.826000E-03,16
+25.828000E-03,16
+25.830000E-03,16
+25.832000E-03,16
+25.834000E-03,16
+25.836000E-03,16
+25.838000E-03,16
+25.840000E-03,16
+25.842000E-03,16
+25.844000E-03,16
+25.846000E-03,16
+25.848000E-03,16
+25.850000E-03,16
+25.852000E-03,16
+25.854000E-03,16
+25.856000E-03,16
+25.858000E-03,16
+25.860000E-03,16
+25.862000E-03,16
+25.864000E-03,16
+25.866000E-03,16
+25.868000E-03,16
+25.870000E-03,16
+25.872000E-03,16
+25.874000E-03,16
+25.876000E-03,16
+25.878000E-03,16
+25.880000E-03,16
+25.882000E-03,16
+25.884000E-03,16
+25.886000E-03,16
+25.888000E-03,16
+25.890000E-03,16
+25.892000E-03,16
+25.894000E-03,16
+25.896000E-03,16
+25.898000E-03,16
+25.900000E-03,16
+25.902000E-03,16
+25.904000E-03,16
+25.906000E-03,16
+25.908000E-03,16
+25.910000E-03,16
+25.912000E-03,16
+25.914000E-03,16
+25.916000E-03,16
+25.918000E-03,16
+25.920000E-03,16
+25.922000E-03,16
+25.924000E-03,16
+25.926000E-03,16
+25.928000E-03,16
+25.930000E-03,16
+25.932000E-03,16
+25.934000E-03,16
+25.936000E-03,16
+25.938000E-03,16
+25.940000E-03,16
+25.942000E-03,16
+25.944000E-03,16
+25.946000E-03,16
+25.948000E-03,16
+25.950000E-03,16
+25.952000E-03,16
+25.954000E-03,16
+25.956000E-03,16
+25.958000E-03,16
+25.960000E-03,16
+25.962000E-03,16
+25.964000E-03,16
+25.966000E-03,16
+25.968000E-03,16
+25.970000E-03,16
+25.972000E-03,16
+25.974000E-03,16
+25.976000E-03,16
+25.978000E-03,16
+25.980000E-03,16
+25.982000E-03,16
+25.984000E-03,16
+25.986000E-03,16
+25.988000E-03,16
+25.990000E-03,16
+25.992000E-03,16
+25.994000E-03,16
+25.996000E-03,16
+25.998000E-03,16
+26.000000E-03,16
+26.002000E-03,16
+26.004000E-03,16
+26.006000E-03,16
+26.008000E-03,16
+26.010000E-03,16
+26.012000E-03,16
+26.014000E-03,16
+26.016000E-03,16
+26.018000E-03,16
+26.020000E-03,16
+26.022000E-03,16
+26.024000E-03,16
+26.026000E-03,16
+26.028000E-03,16
+26.030000E-03,16
+26.032000E-03,16
+26.034000E-03,16
+26.036000E-03,16
+26.038000E-03,16
+26.040000E-03,16
+26.042000E-03,16
+26.044000E-03,16
+26.046000E-03,16
+26.048000E-03,16
+26.050000E-03,16
+26.052000E-03,16
+26.054000E-03,16
+26.056000E-03,16
+26.058000E-03,16
+26.060000E-03,16
+26.062000E-03,16
+26.064000E-03,16
+26.066000E-03,16
+26.068000E-03,16
+26.070000E-03,16
+26.072000E-03,16
+26.074000E-03,16
+26.076000E-03,16
+26.078000E-03,16
+26.080000E-03,16
+26.082000E-03,16
+26.084000E-03,16
+26.086000E-03,16
+26.088000E-03,16
+26.090000E-03,16
+26.092000E-03,16
+26.094000E-03,16
+26.096000E-03,16
+26.098000E-03,16
+26.100000E-03,16
+26.102000E-03,16
+26.104000E-03,16
+26.106000E-03,16
+26.108000E-03,16
+26.110000E-03,16
+26.112000E-03,16
+26.114000E-03,16
+26.116000E-03,16
+26.118000E-03,16
+26.120000E-03,16
+26.122000E-03,16
+26.124000E-03,16
+26.126000E-03,16
+26.128000E-03,16
+26.130000E-03,16
+26.132000E-03,16
+26.134000E-03,16
+26.136000E-03,16
+26.138000E-03,16
+26.140000E-03,16
+26.142000E-03,16
+26.144000E-03,16
+26.146000E-03,16
+26.148000E-03,16
+26.150000E-03,16
+26.152000E-03,16
+26.154000E-03,16
+26.156000E-03,16
+26.158000E-03,16
+26.160000E-03,16
+26.162000E-03,16
+26.164000E-03,16
+26.166000E-03,16
+26.168000E-03,16
+26.170000E-03,16
+26.172000E-03,16
+26.174000E-03,16
+26.176000E-03,16
+26.178000E-03,16
+26.180000E-03,16
+26.182000E-03,16
+26.184000E-03,16
+26.186000E-03,16
+26.188000E-03,16
+26.190000E-03,16
+26.192000E-03,16
+26.194000E-03,16
+26.196000E-03,16
+26.198000E-03,16
+26.200000E-03,16
+26.202000E-03,16
+26.204000E-03,16
+26.206000E-03,16
+26.208000E-03,16
+26.210000E-03,16
+26.212000E-03,16
+26.214000E-03,16
+26.216000E-03,16
+26.218000E-03,16
+26.220000E-03,16
+26.222000E-03,16
+26.224000E-03,16
+26.226000E-03,16
+26.228000E-03,16
+26.230000E-03,16
+26.232000E-03,16
+26.234000E-03,16
+26.236000E-03,16
+26.238000E-03,16
+26.240000E-03,16
+26.242000E-03,16
+26.244000E-03,16
+26.246000E-03,16
+26.248000E-03,16
+26.250000E-03,16
+26.252000E-03,16
+26.254000E-03,16
+26.256000E-03,16
+26.258000E-03,16
+26.260000E-03,16
+26.262000E-03,16
+26.264000E-03,16
+26.266000E-03,16
+26.268000E-03,16
+26.270000E-03,16
+26.272000E-03,16
+26.274000E-03,16
+26.276000E-03,16
+26.278000E-03,16
+26.280000E-03,16
+26.282000E-03,16
+26.284000E-03,16
+26.286000E-03,16
+26.288000E-03,16
+26.290000E-03,16
+26.292000E-03,16
+26.294000E-03,16
+26.296000E-03,16
+26.298000E-03,16
+26.300000E-03,16
+26.302000E-03,16
+26.304000E-03,16
+26.306000E-03,16
+26.308000E-03,16
+26.310000E-03,16
+26.312000E-03,16
+26.314000E-03,16
+26.316000E-03,16
+26.318000E-03,16
+26.320000E-03,16
+26.322000E-03,16
+26.324000E-03,16
+26.326000E-03,16
+26.328000E-03,16
+26.330000E-03,16
+26.332000E-03,16
+26.334000E-03,16
+26.336000E-03,16
+26.338000E-03,16
+26.340000E-03,16
+26.342000E-03,16
+26.344000E-03,16
+26.346000E-03,16
+26.348000E-03,16
+26.350000E-03,16
+26.352000E-03,16
+26.354000E-03,16
+26.356000E-03,16
+26.358000E-03,16
+26.360000E-03,16
+26.362000E-03,16
+26.364000E-03,16
+26.366000E-03,16
+26.368000E-03,16
+26.370000E-03,16
+26.372000E-03,16
+26.374000E-03,16
+26.376000E-03,16
+26.378000E-03,16
+26.380000E-03,16
+26.382000E-03,16
+26.384000E-03,16
+26.386000E-03,16
+26.388000E-03,16
+26.390000E-03,16
+26.392000E-03,16
+26.394000E-03,16
+26.396000E-03,16
+26.398000E-03,16
+26.400000E-03,16
+26.402000E-03,16
+26.404000E-03,16
+26.406000E-03,16
+26.408000E-03,16
+26.410000E-03,16
+26.412000E-03,16
+26.414000E-03,16
+26.416000E-03,16
+26.418000E-03,16
+26.420000E-03,16
+26.422000E-03,16
+26.424000E-03,16
+26.426000E-03,16
+26.428000E-03,16
+26.430000E-03,16
+26.432000E-03,16
+26.434000E-03,16
+26.436000E-03,16
+26.438000E-03,16
+26.440000E-03,16
+26.442000E-03,16
+26.444000E-03,16
+26.446000E-03,16
+26.448000E-03,16
+26.450000E-03,16
+26.452000E-03,16
+26.454000E-03,16
+26.456000E-03,16
+26.458000E-03,16
+26.460000E-03,16
+26.462000E-03,16
+26.464000E-03,16
+26.466000E-03,16
+26.468000E-03,16
+26.470000E-03,16
+26.472000E-03,16
+26.474000E-03,16
+26.476000E-03,16
+26.478000E-03,16
+26.480000E-03,16
+26.482000E-03,16
+26.484000E-03,16
+26.486000E-03,16
+26.488000E-03,16
+26.490000E-03,16
+26.492000E-03,16
+26.494000E-03,16
+26.496000E-03,16
+26.498000E-03,16
+26.500000E-03,16
+26.502000E-03,16
+26.504000E-03,16
+26.506000E-03,16
+26.508000E-03,16
+26.510000E-03,16
+26.512000E-03,16
+26.514000E-03,16
+26.516000E-03,16
+26.518000E-03,16
+26.520000E-03,16
+26.522000E-03,16
+26.524000E-03,16
+26.526000E-03,16
+26.528000E-03,16
+26.530000E-03,16
+26.532000E-03,16
+26.534000E-03,16
+26.536000E-03,16
+26.538000E-03,16
+26.540000E-03,16
+26.542000E-03,16
+26.544000E-03,16
+26.546000E-03,16
+26.548000E-03,16
+26.550000E-03,16
+26.552000E-03,16
+26.554000E-03,16
+26.556000E-03,16
+26.558000E-03,16
+26.560000E-03,16
+26.562000E-03,16
+26.564000E-03,16
+26.566000E-03,16
+26.568000E-03,16
+26.570000E-03,16
+26.572000E-03,16
+26.574000E-03,16
+26.576000E-03,16
+26.578000E-03,16
+26.580000E-03,16
+26.582000E-03,16
+26.584000E-03,16
+26.586000E-03,16
+26.588000E-03,16
+26.590000E-03,16
+26.592000E-03,16
+26.594000E-03,16
+26.596000E-03,16
+26.598000E-03,16
+26.600000E-03,16
+26.602000E-03,16
+26.604000E-03,16
+26.606000E-03,16
+26.608000E-03,16
+26.610000E-03,16
+26.612000E-03,16
+26.614000E-03,16
+26.616000E-03,16
+26.618000E-03,16
+26.620000E-03,16
+26.622000E-03,16
+26.624000E-03,16
+26.626000E-03,16
+26.628000E-03,16
+26.630000E-03,16
+26.632000E-03,16
+26.634000E-03,16
+26.636000E-03,16
+26.638000E-03,16
+26.640000E-03,16
+26.642000E-03,16
+26.644000E-03,16
+26.646000E-03,16
+26.648000E-03,16
+26.650000E-03,16
+26.652000E-03,16
+26.654000E-03,16
+26.656000E-03,16
+26.658000E-03,16
+26.660000E-03,16
+26.662000E-03,16
+26.664000E-03,16
+26.666000E-03,16
+26.668000E-03,16
+26.670000E-03,16
+26.672000E-03,16
+26.674000E-03,16
+26.676000E-03,16
+26.678000E-03,16
+26.680000E-03,16
+26.682000E-03,16
+26.684000E-03,16
+26.686000E-03,16
+26.688000E-03,16
+26.690000E-03,16
+26.692000E-03,16
+26.694000E-03,16
+26.696000E-03,16
+26.698000E-03,16
+26.700000E-03,16
+26.702000E-03,16
+26.704000E-03,16
+26.706000E-03,16
+26.708000E-03,16
+26.710000E-03,16
+26.712000E-03,16
+26.714000E-03,16
+26.716000E-03,16
+26.718000E-03,16
+26.720000E-03,16
+26.722000E-03,16
+26.724000E-03,16
+26.726000E-03,16
+26.728000E-03,16
+26.730000E-03,16
+26.732000E-03,16
+26.734000E-03,16
+26.736000E-03,16
+26.738000E-03,16
+26.740000E-03,16
+26.742000E-03,16
+26.744000E-03,16
+26.746000E-03,16
+26.748000E-03,16
+26.750000E-03,16
+26.752000E-03,16
+26.754000E-03,16
+26.756000E-03,16
+26.758000E-03,16
+26.760000E-03,16
+26.762000E-03,16
+26.764000E-03,16
+26.766000E-03,16
+26.768000E-03,16
+26.770000E-03,16
+26.772000E-03,16
+26.774000E-03,16
+26.776000E-03,16
+26.778000E-03,16
+26.780000E-03,16
+26.782000E-03,16
+26.784000E-03,16
+26.786000E-03,16
+26.788000E-03,16
+26.790000E-03,16
+26.792000E-03,16
+26.794000E-03,16
+26.796000E-03,16
+26.798000E-03,16
+26.800000E-03,16
+26.802000E-03,16
+26.804000E-03,16
+26.806000E-03,16
+26.808000E-03,16
+26.810000E-03,16
+26.812000E-03,16
+26.814000E-03,16
+26.816000E-03,16
+26.818000E-03,16
+26.820000E-03,16
+26.822000E-03,16
+26.824000E-03,16
+26.826000E-03,16
+26.828000E-03,16
+26.830000E-03,16
+26.832000E-03,16
+26.834000E-03,16
+26.836000E-03,16
+26.838000E-03,16
+26.840000E-03,16
+26.842000E-03,16
+26.844000E-03,16
+26.846000E-03,16
+26.848000E-03,16
+26.850000E-03,16
+26.852000E-03,16
+26.854000E-03,16
+26.856000E-03,16
+26.858000E-03,16
+26.860000E-03,16
+26.862000E-03,16
+26.864000E-03,16
+26.866000E-03,16
+26.868000E-03,16
+26.870000E-03,16
+26.872000E-03,16
+26.874000E-03,16
+26.876000E-03,16
+26.878000E-03,16
+26.880000E-03,16
+26.882000E-03,16
+26.884000E-03,16
+26.886000E-03,16
+26.888000E-03,16
+26.890000E-03,16
+26.892000E-03,16
+26.894000E-03,16
+26.896000E-03,16
+26.898000E-03,16
+26.900000E-03,16
+26.902000E-03,16
+26.904000E-03,16
+26.906000E-03,16
+26.908000E-03,16
+26.910000E-03,16
+26.912000E-03,16
+26.914000E-03,16
+26.916000E-03,16
+26.918000E-03,16
+26.920000E-03,16
+26.922000E-03,16
+26.924000E-03,16
+26.926000E-03,16
+26.928000E-03,16
+26.930000E-03,16
+26.932000E-03,16
+26.934000E-03,16
+26.936000E-03,16
+26.938000E-03,16
+26.940000E-03,16
+26.942000E-03,16
+26.944000E-03,16
+26.946000E-03,16
+26.948000E-03,16
+26.950000E-03,16
+26.952000E-03,16
+26.954000E-03,16
+26.956000E-03,16
+26.958000E-03,16
+26.960000E-03,16
+26.962000E-03,16
+26.964000E-03,16
+26.966000E-03,16
+26.968000E-03,16
+26.970000E-03,16
+26.972000E-03,16
+26.974000E-03,16
+26.976000E-03,16
+26.978000E-03,16
+26.980000E-03,16
+26.982000E-03,16
+26.984000E-03,16
+26.986000E-03,16
+26.988000E-03,16
+26.990000E-03,16
+26.992000E-03,16
+26.994000E-03,16
+26.996000E-03,16
+26.998000E-03,16
+27.000000E-03,16
+27.002000E-03,16
+27.004000E-03,16
+27.006000E-03,16
+27.008000E-03,16
+27.010000E-03,16
+27.012000E-03,16
+27.014000E-03,16
+27.016000E-03,16
+27.018000E-03,16
+27.020000E-03,16
+27.022000E-03,16
+27.024000E-03,16
+27.026000E-03,16
+27.028000E-03,16
+27.030000E-03,16
+27.032000E-03,16
+27.034000E-03,16
+27.036000E-03,16
+27.038000E-03,16
+27.040000E-03,16
+27.042000E-03,16
+27.044000E-03,16
+27.046000E-03,16
+27.048000E-03,16
+27.050000E-03,16
+27.052000E-03,16
+27.054000E-03,16
+27.056000E-03,16
+27.058000E-03,16
+27.060000E-03,16
+27.062000E-03,16
+27.064000E-03,16
+27.066000E-03,16
+27.068000E-03,16
+27.070000E-03,16
+27.072000E-03,16
+27.074000E-03,16
+27.076000E-03,16
+27.078000E-03,16
+27.080000E-03,16
+27.082000E-03,16
+27.084000E-03,16
+27.086000E-03,16
+27.088000E-03,16
+27.090000E-03,16
+27.092000E-03,16
+27.094000E-03,16
+27.096000E-03,16
+27.098000E-03,16
+27.100000E-03,16
+27.102000E-03,16
+27.104000E-03,16
+27.106000E-03,16
+27.108000E-03,16
+27.110000E-03,16
+27.112000E-03,16
+27.114000E-03,16
+27.116000E-03,16
+27.118000E-03,16
+27.120000E-03,16
+27.122000E-03,16
+27.124000E-03,16
+27.126000E-03,16
+27.128000E-03,16
+27.130000E-03,16
+27.132000E-03,16
+27.134000E-03,16
+27.136000E-03,16
+27.138000E-03,16
+27.140000E-03,16
+27.142000E-03,16
+27.144000E-03,16
+27.146000E-03,16
+27.148000E-03,16
+27.150000E-03,16
+27.152000E-03,16
+27.154000E-03,16
+27.156000E-03,16
+27.158000E-03,16
+27.160000E-03,16
+27.162000E-03,16
+27.164000E-03,16
+27.166000E-03,16
+27.168000E-03,16
+27.170000E-03,16
+27.172000E-03,16
+27.174000E-03,16
+27.176000E-03,16
+27.178000E-03,16
+27.180000E-03,16
+27.182000E-03,16
+27.184000E-03,16
+27.186000E-03,16
+27.188000E-03,16
+27.190000E-03,16
+27.192000E-03,16
+27.194000E-03,16
+27.196000E-03,16
+27.198000E-03,16
+27.200000E-03,16
+27.202000E-03,16
+27.204000E-03,16
+27.206000E-03,16
+27.208000E-03,16
+27.210000E-03,16
+27.212000E-03,16
+27.214000E-03,16
+27.216000E-03,16
+27.218000E-03,16
+27.220000E-03,16
+27.222000E-03,16
+27.224000E-03,16
+27.226000E-03,16
+27.228000E-03,16
+27.230000E-03,16
+27.232000E-03,16
+27.234000E-03,16
+27.236000E-03,16
+27.238000E-03,16
+27.240000E-03,16
+27.242000E-03,16
+27.244000E-03,16
+27.246000E-03,16
+27.248000E-03,16
+27.250000E-03,16
+27.252000E-03,16
+27.254000E-03,16
+27.256000E-03,16
+27.258000E-03,16
+27.260000E-03,16
+27.262000E-03,16
+27.264000E-03,16
+27.266000E-03,16
+27.268000E-03,16
+27.270000E-03,16
+27.272000E-03,16
+27.274000E-03,16
+27.276000E-03,16
+27.278000E-03,16
+27.280000E-03,16
+27.282000E-03,16
+27.284000E-03,16
+27.286000E-03,16
+27.288000E-03,16
+27.290000E-03,16
+27.292000E-03,16
+27.294000E-03,16
+27.296000E-03,16
+27.298000E-03,16
+27.300000E-03,16
+27.302000E-03,16
+27.304000E-03,16
+27.306000E-03,16
+27.308000E-03,16
+27.310000E-03,16
+27.312000E-03,16
+27.314000E-03,16
+27.316000E-03,16
+27.318000E-03,16
+27.320000E-03,16
+27.322000E-03,16
+27.324000E-03,16
+27.326000E-03,16
+27.328000E-03,16
+27.330000E-03,16
+27.332000E-03,16
+27.334000E-03,16
+27.336000E-03,16
+27.338000E-03,16
+27.340000E-03,16
+27.342000E-03,16
+27.344000E-03,16
+27.346000E-03,16
+27.348000E-03,16
+27.350000E-03,16
+27.352000E-03,16
+27.354000E-03,16
+27.356000E-03,16
+27.358000E-03,16
+27.360000E-03,16
+27.362000E-03,16
+27.364000E-03,16
+27.366000E-03,16
+27.368000E-03,16
+27.370000E-03,16
+27.372000E-03,16
+27.374000E-03,16
+27.376000E-03,16
+27.378000E-03,16
+27.380000E-03,16
+27.382000E-03,16
+27.384000E-03,16
+27.386000E-03,16
+27.388000E-03,16
+27.390000E-03,16
+27.392000E-03,16
+27.394000E-03,16
+27.396000E-03,16
+27.398000E-03,16
+27.400000E-03,16
+27.402000E-03,16
+27.404000E-03,16
+27.406000E-03,16
+27.408000E-03,16
+27.410000E-03,16
+27.412000E-03,16
+27.414000E-03,16
+27.416000E-03,16
+27.418000E-03,16
+27.420000E-03,16
+27.422000E-03,16
+27.424000E-03,16
+27.426000E-03,16
+27.428000E-03,16
+27.430000E-03,16
+27.432000E-03,16
+27.434000E-03,16
+27.436000E-03,16
+27.438000E-03,16
+27.440000E-03,16
+27.442000E-03,16
+27.444000E-03,16
+27.446000E-03,16
+27.448000E-03,16
+27.450000E-03,16
+27.452000E-03,16
+27.454000E-03,16
+27.456000E-03,16
+27.458000E-03,16
+27.460000E-03,16
+27.462000E-03,16
+27.464000E-03,16
+27.466000E-03,16
+27.468000E-03,16
+27.470000E-03,16
+27.472000E-03,16
+27.474000E-03,16
+27.476000E-03,16
+27.478000E-03,16
+27.480000E-03,16
+27.482000E-03,16
+27.484000E-03,16
+27.486000E-03,16
+27.488000E-03,16
+27.490000E-03,16
+27.492000E-03,16
+27.494000E-03,16
+27.496000E-03,16
+27.498000E-03,16
+27.500000E-03,16
+27.502000E-03,16
+27.504000E-03,16
+27.506000E-03,16
+27.508000E-03,16
+27.510000E-03,16
+27.512000E-03,16
+27.514000E-03,16
+27.516000E-03,16
+27.518000E-03,16
+27.520000E-03,16
+27.522000E-03,16
+27.524000E-03,16
+27.526000E-03,16
+27.528000E-03,16
+27.530000E-03,16
+27.532000E-03,16
+27.534000E-03,16
+27.536000E-03,16
+27.538000E-03,16
+27.540000E-03,16
+27.542000E-03,16
+27.544000E-03,16
+27.546000E-03,16
+27.548000E-03,16
+27.550000E-03,16
+27.552000E-03,16
+27.554000E-03,16
+27.556000E-03,16
+27.558000E-03,16
+27.560000E-03,16
+27.562000E-03,16
+27.564000E-03,16
+27.566000E-03,16
+27.568000E-03,16
+27.570000E-03,16
+27.572000E-03,16
+27.574000E-03,16
+27.576000E-03,16
+27.578000E-03,16
+27.580000E-03,16
+27.582000E-03,16
+27.584000E-03,16
+27.586000E-03,16
+27.588000E-03,16
+27.590000E-03,16
+27.592000E-03,16
+27.594000E-03,16
+27.596000E-03,16
+27.598000E-03,16
+27.600000E-03,16
+27.602000E-03,16
+27.604000E-03,16
+27.606000E-03,16
+27.608000E-03,16
+27.610000E-03,16
+27.612000E-03,16
+27.614000E-03,16
+27.616000E-03,16
+27.618000E-03,16
+27.620000E-03,16
+27.622000E-03,16
+27.624000E-03,16
+27.626000E-03,16
+27.628000E-03,16
+27.630000E-03,16
+27.632000E-03,16
+27.634000E-03,16
+27.636000E-03,16
+27.638000E-03,16
+27.640000E-03,16
+27.642000E-03,16
+27.644000E-03,16
+27.646000E-03,16
+27.648000E-03,16
+27.650000E-03,16
+27.652000E-03,16
+27.654000E-03,16
+27.656000E-03,16
+27.658000E-03,16
+27.660000E-03,16
+27.662000E-03,16
+27.664000E-03,16
+27.666000E-03,16
+27.668000E-03,16
+27.670000E-03,16
+27.672000E-03,16
+27.674000E-03,16
+27.676000E-03,16
+27.678000E-03,16
+27.680000E-03,16
+27.682000E-03,16
+27.684000E-03,16
+27.686000E-03,16
+27.688000E-03,16
+27.690000E-03,16
+27.692000E-03,16
+27.694000E-03,16
+27.696000E-03,16
+27.698000E-03,16
+27.700000E-03,16
+27.702000E-03,16
+27.704000E-03,16
+27.706000E-03,16
+27.708000E-03,16
+27.710000E-03,16
+27.712000E-03,16
+27.714000E-03,16
+27.716000E-03,16
+27.718000E-03,16
+27.720000E-03,16
+27.722000E-03,16
+27.724000E-03,16
+27.726000E-03,16
+27.728000E-03,16
+27.730000E-03,16
+27.732000E-03,16
+27.734000E-03,16
+27.736000E-03,16
+27.738000E-03,16
+27.740000E-03,16
+27.742000E-03,16
+27.744000E-03,16
+27.746000E-03,16
+27.748000E-03,16
+27.750000E-03,16
+27.752000E-03,16
+27.754000E-03,16
+27.756000E-03,16
+27.758000E-03,16
+27.760000E-03,16
+27.762000E-03,16
+27.764000E-03,16
+27.766000E-03,16
+27.768000E-03,16
+27.770000E-03,16
+27.772000E-03,16
+27.774000E-03,16
+27.776000E-03,16
+27.778000E-03,16
+27.780000E-03,16
+27.782000E-03,16
+27.784000E-03,16
+27.786000E-03,16
+27.788000E-03,16
+27.790000E-03,16
+27.792000E-03,16
+27.794000E-03,16
+27.796000E-03,16
+27.798000E-03,16
+27.800000E-03,16
+27.802000E-03,16
+27.804000E-03,16
+27.806000E-03,16
+27.808000E-03,16
+27.810000E-03,16
+27.812000E-03,16
+27.814000E-03,16
+27.816000E-03,16
+27.818000E-03,16
+27.820000E-03,16
+27.822000E-03,16
+27.824000E-03,16
+27.826000E-03,16
+27.828000E-03,16
+27.830000E-03,16
+27.832000E-03,16
+27.834000E-03,16
+27.836000E-03,16
+27.838000E-03,16
+27.840000E-03,16
+27.842000E-03,16
+27.844000E-03,16
+27.846000E-03,16
+27.848000E-03,16
+27.850000E-03,16
+27.852000E-03,16
+27.854000E-03,16
+27.856000E-03,16
+27.858000E-03,16
+27.860000E-03,16
+27.862000E-03,16
+27.864000E-03,16
+27.866000E-03,16
+27.868000E-03,16
+27.870000E-03,16
+27.872000E-03,16
+27.874000E-03,16
+27.876000E-03,16
+27.878000E-03,16
+27.880000E-03,16
+27.882000E-03,16
+27.884000E-03,16
+27.886000E-03,16
+27.888000E-03,16
+27.890000E-03,16
+27.892000E-03,16
+27.894000E-03,16
+27.896000E-03,16
+27.898000E-03,16
+27.900000E-03,16
+27.902000E-03,16
+27.904000E-03,16
+27.906000E-03,16
+27.908000E-03,16
+27.910000E-03,16
+27.912000E-03,16
+27.914000E-03,16
+27.916000E-03,16
+27.918000E-03,16
+27.920000E-03,16
+27.922000E-03,16
+27.924000E-03,16
+27.926000E-03,16
+27.928000E-03,16
+27.930000E-03,16
+27.932000E-03,16
+27.934000E-03,16
+27.936000E-03,16
+27.938000E-03,16
+27.940000E-03,16
+27.942000E-03,16
+27.944000E-03,16
+27.946000E-03,16
+27.948000E-03,16
+27.950000E-03,16
+27.952000E-03,16
+27.954000E-03,16
+27.956000E-03,16
+27.958000E-03,16
+27.960000E-03,16
+27.962000E-03,16
+27.964000E-03,16
+27.966000E-03,16
+27.968000E-03,16
+27.970000E-03,16
+27.972000E-03,16
+27.974000E-03,16
+27.976000E-03,16
+27.978000E-03,16
+27.980000E-03,16
+27.982000E-03,16
+27.984000E-03,16
+27.986000E-03,16
+27.988000E-03,16
+27.990000E-03,16
+27.992000E-03,16
+27.994000E-03,16
+27.996000E-03,16
+27.998000E-03,16
+28.000000E-03,16
+28.002000E-03,16
+28.004000E-03,16
+28.006000E-03,16
+28.008000E-03,16
+28.010000E-03,16
+28.012000E-03,16
+28.014000E-03,16
+28.016000E-03,16
+28.018000E-03,16
+28.020000E-03,16
+28.022000E-03,16
+28.024000E-03,16
+28.026000E-03,16
+28.028000E-03,16
+28.030000E-03,16
+28.032000E-03,16
+28.034000E-03,16
+28.036000E-03,16
+28.038000E-03,16
+28.040000E-03,16
+28.042000E-03,16
+28.044000E-03,16
+28.046000E-03,16
+28.048000E-03,16
+28.050000E-03,16
+28.052000E-03,16
+28.054000E-03,16
+28.056000E-03,16
+28.058000E-03,16
+28.060000E-03,16
+28.062000E-03,16
+28.064000E-03,16
+28.066000E-03,16
+28.068000E-03,16
+28.070000E-03,16
+28.072000E-03,16
+28.074000E-03,16
+28.076000E-03,16
+28.078000E-03,16
+28.080000E-03,16
+28.082000E-03,16
+28.084000E-03,16
+28.086000E-03,16
+28.088000E-03,16
+28.090000E-03,16
+28.092000E-03,16
+28.094000E-03,16
+28.096000E-03,16
+28.098000E-03,16
+28.100000E-03,16
+28.102000E-03,16
+28.104000E-03,16
+28.106000E-03,16
+28.108000E-03,16
+28.110000E-03,16
+28.112000E-03,16
+28.114000E-03,16
+28.116000E-03,16
+28.118000E-03,16
+28.120000E-03,16
+28.122000E-03,16
+28.124000E-03,16
+28.126000E-03,16
+28.128000E-03,16
+28.130000E-03,16
+28.132000E-03,16
+28.134000E-03,16
+28.136000E-03,16
+28.138000E-03,16
+28.140000E-03,16
+28.142000E-03,16
+28.144000E-03,16
+28.146000E-03,16
+28.148000E-03,16
+28.150000E-03,16
+28.152000E-03,16
+28.154000E-03,16
+28.156000E-03,16
+28.158000E-03,16
+28.160000E-03,16
+28.162000E-03,16
+28.164000E-03,16
+28.166000E-03,16
+28.168000E-03,16
+28.170000E-03,16
+28.172000E-03,16
+28.174000E-03,16
+28.176000E-03,16
+28.178000E-03,16
+28.180000E-03,16
+28.182000E-03,16
+28.184000E-03,16
+28.186000E-03,16
+28.188000E-03,16
+28.190000E-03,16
+28.192000E-03,16
+28.194000E-03,16
+28.196000E-03,16
+28.198000E-03,16
+28.200000E-03,16
+28.202000E-03,16
+28.204000E-03,16
+28.206000E-03,16
+28.208000E-03,16
+28.210000E-03,16
+28.212000E-03,16
+28.214000E-03,16
+28.216000E-03,16
+28.218000E-03,16
+28.220000E-03,16
+28.222000E-03,16
+28.224000E-03,16
+28.226000E-03,16
+28.228000E-03,16
+28.230000E-03,16
+28.232000E-03,16
+28.234000E-03,16
+28.236000E-03,16
+28.238000E-03,16
+28.240000E-03,16
+28.242000E-03,16
+28.244000E-03,16
+28.246000E-03,16
+28.248000E-03,16
+28.250000E-03,16
+28.252000E-03,16
+28.254000E-03,16
+28.256000E-03,16
+28.258000E-03,16
+28.260000E-03,16
+28.262000E-03,16
+28.264000E-03,16
+28.266000E-03,16
+28.268000E-03,16
+28.270000E-03,16
+28.272000E-03,16
+28.274000E-03,16
+28.276000E-03,16
+28.278000E-03,16
+28.280000E-03,16
+28.282000E-03,16
+28.284000E-03,16
+28.286000E-03,16
+28.288000E-03,16
+28.290000E-03,16
+28.292000E-03,16
+28.294000E-03,16
+28.296000E-03,16
+28.298000E-03,16
+28.300000E-03,16
+28.302000E-03,16
+28.304000E-03,16
+28.306000E-03,16
+28.308000E-03,16
+28.310000E-03,16
+28.312000E-03,16
+28.314000E-03,16
+28.316000E-03,16
+28.318000E-03,16
+28.320000E-03,16
+28.322000E-03,16
+28.324000E-03,16
+28.326000E-03,16
+28.328000E-03,16
+28.330000E-03,16
+28.332000E-03,16
+28.334000E-03,16
+28.336000E-03,16
+28.338000E-03,16
+28.340000E-03,16
+28.342000E-03,16
+28.344000E-03,16
+28.346000E-03,16
+28.348000E-03,16
+28.350000E-03,16
+28.352000E-03,16
+28.354000E-03,16
+28.356000E-03,16
+28.358000E-03,16
+28.360000E-03,16
+28.362000E-03,16
+28.364000E-03,16
+28.366000E-03,16
+28.368000E-03,16
+28.370000E-03,16
+28.372000E-03,16
+28.374000E-03,16
+28.376000E-03,16
+28.378000E-03,16
+28.380000E-03,16
+28.382000E-03,16
+28.384000E-03,16
+28.386000E-03,16
+28.388000E-03,16
+28.390000E-03,16
+28.392000E-03,16
+28.394000E-03,16
+28.396000E-03,16
+28.398000E-03,16
+28.400000E-03,16
+28.402000E-03,16
+28.404000E-03,16
+28.406000E-03,16
+28.408000E-03,16
+28.410000E-03,16
+28.412000E-03,16
+28.414000E-03,16
+28.416000E-03,16
+28.418000E-03,16
+28.420000E-03,16
+28.422000E-03,16
+28.424000E-03,16
+28.426000E-03,16
+28.428000E-03,16
+28.430000E-03,16
+28.432000E-03,16
+28.434000E-03,16
+28.436000E-03,16
+28.438000E-03,16
+28.440000E-03,16
+28.442000E-03,16
+28.444000E-03,16
+28.446000E-03,16
+28.448000E-03,16
+28.450000E-03,16
+28.452000E-03,16
+28.454000E-03,16
+28.456000E-03,16
+28.458000E-03,16
+28.460000E-03,16
+28.462000E-03,16
+28.464000E-03,16
+28.466000E-03,16
+28.468000E-03,16
+28.470000E-03,16
+28.472000E-03,16
+28.474000E-03,16
+28.476000E-03,16
+28.478000E-03,16
+28.480000E-03,16
+28.482000E-03,16
+28.484000E-03,16
+28.486000E-03,16
+28.488000E-03,16
+28.490000E-03,16
+28.492000E-03,16
+28.494000E-03,16
+28.496000E-03,16
+28.498000E-03,16
+28.500000E-03,16
+28.502000E-03,16
+28.504000E-03,16
+28.506000E-03,16
+28.508000E-03,16
+28.510000E-03,16
+28.512000E-03,16
+28.514000E-03,16
+28.516000E-03,16
+28.518000E-03,16
+28.520000E-03,16
+28.522000E-03,16
+28.524000E-03,16
+28.526000E-03,16
+28.528000E-03,16
+28.530000E-03,16
+28.532000E-03,16
+28.534000E-03,16
+28.536000E-03,16
+28.538000E-03,16
+28.540000E-03,16
+28.542000E-03,16
+28.544000E-03,16
+28.546000E-03,16
+28.548000E-03,16
+28.550000E-03,16
+28.552000E-03,16
+28.554000E-03,16
+28.556000E-03,16
+28.558000E-03,16
+28.560000E-03,16
+28.562000E-03,16
+28.564000E-03,16
+28.566000E-03,16
+28.568000E-03,16
+28.570000E-03,16
+28.572000E-03,16
+28.574000E-03,16
+28.576000E-03,16
+28.578000E-03,16
+28.580000E-03,16
+28.582000E-03,16
+28.584000E-03,16
+28.586000E-03,16
+28.588000E-03,16
+28.590000E-03,16
+28.592000E-03,16
+28.594000E-03,16
+28.596000E-03,16
+28.598000E-03,16
+28.600000E-03,16
+28.602000E-03,16
+28.604000E-03,16
+28.606000E-03,16
+28.608000E-03,16
+28.610000E-03,16
+28.612000E-03,16
+28.614000E-03,16
+28.616000E-03,16
+28.618000E-03,16
+28.620000E-03,16
+28.622000E-03,16
+28.624000E-03,16
+28.626000E-03,16
+28.628000E-03,16
+28.630000E-03,16
+28.632000E-03,16
+28.634000E-03,16
+28.636000E-03,16
+28.638000E-03,16
+28.640000E-03,16
+28.642000E-03,16
+28.644000E-03,16
+28.646000E-03,16
+28.648000E-03,16
+28.650000E-03,16
+28.652000E-03,16
+28.654000E-03,16
+28.656000E-03,16
+28.658000E-03,16
+28.660000E-03,16
+28.662000E-03,16
+28.664000E-03,16
+28.666000E-03,16
+28.668000E-03,16
+28.670000E-03,16
+28.672000E-03,16
+28.674000E-03,16
+28.676000E-03,16
+28.678000E-03,16
+28.680000E-03,16
+28.682000E-03,16
+28.684000E-03,16
+28.686000E-03,16
+28.688000E-03,16
+28.690000E-03,16
+28.692000E-03,16
+28.694000E-03,16
+28.696000E-03,16
+28.698000E-03,16
+28.700000E-03,16
+28.702000E-03,16
+28.704000E-03,16
+28.706000E-03,16
+28.708000E-03,16
+28.710000E-03,16
+28.712000E-03,16
+28.714000E-03,16
+28.716000E-03,16
+28.718000E-03,16
+28.720000E-03,16
+28.722000E-03,16
+28.724000E-03,16
+28.726000E-03,16
+28.728000E-03,16
+28.730000E-03,16
+28.732000E-03,16
+28.734000E-03,16
+28.736000E-03,16
+28.738000E-03,16
+28.740000E-03,16
+28.742000E-03,16
+28.744000E-03,16
+28.746000E-03,16
+28.748000E-03,16
+28.750000E-03,16
+28.752000E-03,16
+28.754000E-03,16
+28.756000E-03,16
+28.758000E-03,16
+28.760000E-03,16
+28.762000E-03,16
+28.764000E-03,16
+28.766000E-03,16
+28.768000E-03,16
+28.770000E-03,16
+28.772000E-03,16
+28.774000E-03,16
+28.776000E-03,16
+28.778000E-03,16
+28.780000E-03,16
+28.782000E-03,16
+28.784000E-03,16
+28.786000E-03,16
+28.788000E-03,16
+28.790000E-03,16
+28.792000E-03,16
+28.794000E-03,16
+28.796000E-03,16
+28.798000E-03,16
+28.800000E-03,16
+28.802000E-03,16
+28.804000E-03,16
+28.806000E-03,16
+28.808000E-03,16
+28.810000E-03,16
+28.812000E-03,16
+28.814000E-03,16
+28.816000E-03,16
+28.818000E-03,16
+28.820000E-03,16
+28.822000E-03,16
+28.824000E-03,16
+28.826000E-03,16
+28.828000E-03,16
+28.830000E-03,16
+28.832000E-03,16
+28.834000E-03,16
+28.836000E-03,16
+28.838000E-03,16
+28.840000E-03,16
+28.842000E-03,16
+28.844000E-03,16
+28.846000E-03,16
+28.848000E-03,16
+28.850000E-03,16
+28.852000E-03,16
+28.854000E-03,16
+28.856000E-03,16
+28.858000E-03,16
+28.860000E-03,16
+28.862000E-03,16
+28.864000E-03,16
+28.866000E-03,16
+28.868000E-03,16
+28.870000E-03,16
+28.872000E-03,16
+28.874000E-03,16
+28.876000E-03,16
+28.878000E-03,16
+28.880000E-03,16
+28.882000E-03,16
+28.884000E-03,16
+28.886000E-03,16
+28.888000E-03,16
+28.890000E-03,16
+28.892000E-03,16
+28.894000E-03,16
+28.896000E-03,16
+28.898000E-03,16
+28.900000E-03,16
+28.902000E-03,16
+28.904000E-03,16
+28.906000E-03,16
+28.908000E-03,16
+28.910000E-03,16
+28.912000E-03,16
+28.914000E-03,16
+28.916000E-03,16
+28.918000E-03,16
+28.920000E-03,16
+28.922000E-03,16
+28.924000E-03,16
+28.926000E-03,16
+28.928000E-03,16
+28.930000E-03,16
+28.932000E-03,16
+28.934000E-03,16
+28.936000E-03,16
+28.938000E-03,16
+28.940000E-03,16
+28.942000E-03,16
+28.944000E-03,16
+28.946000E-03,16
+28.948000E-03,16
+28.950000E-03,16
+28.952000E-03,16
+28.954000E-03,16
+28.956000E-03,16
+28.958000E-03,16
+28.960000E-03,16
+28.962000E-03,16
+28.964000E-03,16
+28.966000E-03,16
+28.968000E-03,16
+28.970000E-03,16
+28.972000E-03,16
+28.974000E-03,16
+28.976000E-03,16
+28.978000E-03,16
+28.980000E-03,16
+28.982000E-03,16
+28.984000E-03,16
+28.986000E-03,16
+28.988000E-03,16
+28.990000E-03,16
+28.992000E-03,16
+28.994000E-03,16
+28.996000E-03,16
+28.998000E-03,16
+29.000000E-03,16
+29.002000E-03,16
+29.004000E-03,16
+29.006000E-03,16
+29.008000E-03,16
+29.010000E-03,16
+29.012000E-03,16
+29.014000E-03,16
+29.016000E-03,16
+29.018000E-03,16
+29.020000E-03,16
+29.022000E-03,16
+29.024000E-03,16
+29.026000E-03,16
+29.028000E-03,16
+29.030000E-03,16
+29.032000E-03,16
+29.034000E-03,16
+29.036000E-03,16
+29.038000E-03,16
+29.040000E-03,16
+29.042000E-03,16
+29.044000E-03,16
+29.046000E-03,16
+29.048000E-03,16
+29.050000E-03,16
+29.052000E-03,16
+29.054000E-03,16
+29.056000E-03,16
+29.058000E-03,16
+29.060000E-03,16
+29.062000E-03,16
+29.064000E-03,16
+29.066000E-03,16
+29.068000E-03,16
+29.070000E-03,16
+29.072000E-03,16
+29.074000E-03,16
+29.076000E-03,16
+29.078000E-03,16
+29.080000E-03,16
+29.082000E-03,16
+29.084000E-03,16
+29.086000E-03,16
+29.088000E-03,16
+29.090000E-03,16
+29.092000E-03,16
+29.094000E-03,16
+29.096000E-03,16
+29.098000E-03,16
+29.100000E-03,16
+29.102000E-03,16
+29.104000E-03,16
+29.106000E-03,16
+29.108000E-03,16
+29.110000E-03,16
+29.112000E-03,16
+29.114000E-03,16
+29.116000E-03,16
+29.118000E-03,16
+29.120000E-03,16
+29.122000E-03,16
+29.124000E-03,16
+29.126000E-03,16
+29.128000E-03,16
+29.130000E-03,16
+29.132000E-03,16
+29.134000E-03,16
+29.136000E-03,16
+29.138000E-03,16
+29.140000E-03,16
+29.142000E-03,16
+29.144000E-03,16
+29.146000E-03,16
+29.148000E-03,16
+29.150000E-03,16
+29.152000E-03,16
+29.154000E-03,16
+29.156000E-03,16
+29.158000E-03,16
+29.160000E-03,16
+29.162000E-03,16
+29.164000E-03,16
+29.166000E-03,16
+29.168000E-03,16
+29.170000E-03,16
+29.172000E-03,16
+29.174000E-03,16
+29.176000E-03,16
+29.178000E-03,16
+29.180000E-03,16
+29.182000E-03,16
+29.184000E-03,16
+29.186000E-03,16
+29.188000E-03,16
+29.190000E-03,16
+29.192000E-03,16
+29.194000E-03,16
+29.196000E-03,16
+29.198000E-03,16
+29.200000E-03,16
+29.202000E-03,16
+29.204000E-03,16
+29.206000E-03,16
+29.208000E-03,16
+29.210000E-03,16
+29.212000E-03,16
+29.214000E-03,16
+29.216000E-03,16
+29.218000E-03,16
+29.220000E-03,16
+29.222000E-03,16
+29.224000E-03,16
+29.226000E-03,16
+29.228000E-03,16
+29.230000E-03,16
+29.232000E-03,16
+29.234000E-03,16
+29.236000E-03,16
+29.238000E-03,16
+29.240000E-03,16
+29.242000E-03,16
+29.244000E-03,16
+29.246000E-03,16
+29.248000E-03,16
+29.250000E-03,16
+29.252000E-03,16
+29.254000E-03,16
+29.256000E-03,16
+29.258000E-03,16
+29.260000E-03,16
+29.262000E-03,16
+29.264000E-03,16
+29.266000E-03,16
+29.268000E-03,16
+29.270000E-03,16
+29.272000E-03,16
+29.274000E-03,16
+29.276000E-03,16
+29.278000E-03,16
+29.280000E-03,16
+29.282000E-03,16
+29.284000E-03,16
+29.286000E-03,16
+29.288000E-03,16
+29.290000E-03,16
+29.292000E-03,16
+29.294000E-03,16
+29.296000E-03,16
+29.298000E-03,16
+29.300000E-03,16
+29.302000E-03,16
+29.304000E-03,16
+29.306000E-03,16
+29.308000E-03,16
+29.310000E-03,16
+29.312000E-03,16
+29.314000E-03,16
+29.316000E-03,16
+29.318000E-03,16
+29.320000E-03,16
+29.322000E-03,16
+29.324000E-03,16
+29.326000E-03,16
+29.328000E-03,16
+29.330000E-03,16
+29.332000E-03,16
+29.334000E-03,16
+29.336000E-03,16
+29.338000E-03,16
+29.340000E-03,16
+29.342000E-03,16
+29.344000E-03,16
+29.346000E-03,16
+29.348000E-03,16
+29.350000E-03,16
+29.352000E-03,16
+29.354000E-03,16
+29.356000E-03,16
+29.358000E-03,16
+29.360000E-03,16
+29.362000E-03,16
+29.364000E-03,16
+29.366000E-03,16
+29.368000E-03,16
+29.370000E-03,16
+29.372000E-03,16
+29.374000E-03,16
+29.376000E-03,16
+29.378000E-03,16
+29.380000E-03,16
+29.382000E-03,16
+29.384000E-03,16
+29.386000E-03,16
+29.388000E-03,16
+29.390000E-03,16
+29.392000E-03,16
+29.394000E-03,16
+29.396000E-03,16
+29.398000E-03,16
+29.400000E-03,16
+29.402000E-03,16
+29.404000E-03,16
+29.406000E-03,16
+29.408000E-03,16
+29.410000E-03,16
+29.412000E-03,16
+29.414000E-03,16
+29.416000E-03,16
+29.418000E-03,16
+29.420000E-03,16
+29.422000E-03,16
+29.424000E-03,16
+29.426000E-03,16
+29.428000E-03,16
+29.430000E-03,16
+29.432000E-03,16
+29.434000E-03,16
+29.436000E-03,16
+29.438000E-03,16
+29.440000E-03,16
+29.442000E-03,16
+29.444000E-03,16
+29.446000E-03,16
+29.448000E-03,16
+29.450000E-03,16
+29.452000E-03,16
+29.454000E-03,16
+29.456000E-03,16
+29.458000E-03,16
+29.460000E-03,16
+29.462000E-03,16
+29.464000E-03,16
+29.466000E-03,16
+29.468000E-03,16
+29.470000E-03,16
+29.472000E-03,16
+29.474000E-03,16
+29.476000E-03,16
+29.478000E-03,16
+29.480000E-03,16
+29.482000E-03,16
+29.484000E-03,16
+29.486000E-03,16
+29.488000E-03,16
+29.490000E-03,16
+29.492000E-03,16
+29.494000E-03,16
+29.496000E-03,16
+29.498000E-03,16
+29.500000E-03,16
+29.502000E-03,16
+29.504000E-03,16
+29.506000E-03,16
+29.508000E-03,16
+29.510000E-03,16
+29.512000E-03,16
+29.514000E-03,16
+29.516000E-03,16
+29.518000E-03,16
+29.520000E-03,16
+29.522000E-03,16
+29.524000E-03,16
+29.526000E-03,16
+29.528000E-03,16
+29.530000E-03,16
+29.532000E-03,16
+29.534000E-03,16
+29.536000E-03,16
+29.538000E-03,16
+29.540000E-03,16
+29.542000E-03,16
+29.544000E-03,16
+29.546000E-03,16
+29.548000E-03,16
+29.550000E-03,16
+29.552000E-03,16
+29.554000E-03,16
+29.556000E-03,16
+29.558000E-03,16
+29.560000E-03,16
+29.562000E-03,16
+29.564000E-03,16
+29.566000E-03,16
+29.568000E-03,16
+29.570000E-03,16
+29.572000E-03,16
+29.574000E-03,16
+29.576000E-03,16
+29.578000E-03,16
+29.580000E-03,16
+29.582000E-03,16
+29.584000E-03,16
+29.586000E-03,16
+29.588000E-03,16
+29.590000E-03,16
+29.592000E-03,16
+29.594000E-03,16
+29.596000E-03,16
+29.598000E-03,16
+29.600000E-03,16
+29.602000E-03,16
+29.604000E-03,16
+29.606000E-03,16
+29.608000E-03,16
+29.610000E-03,16
+29.612000E-03,16
+29.614000E-03,16
+29.616000E-03,16
+29.618000E-03,16
+29.620000E-03,16
+29.622000E-03,16
+29.624000E-03,16
+29.626000E-03,16
+29.628000E-03,16
+29.630000E-03,16
+29.632000E-03,16
+29.634000E-03,16
+29.636000E-03,16
+29.638000E-03,16
+29.640000E-03,16
+29.642000E-03,16
+29.644000E-03,16
+29.646000E-03,16
+29.648000E-03,16
+29.650000E-03,16
+29.652000E-03,16
+29.654000E-03,16
+29.656000E-03,16
+29.658000E-03,16
+29.660000E-03,16
+29.662000E-03,16
+29.664000E-03,16
+29.666000E-03,16
+29.668000E-03,16
+29.670000E-03,16
+29.672000E-03,16
+29.674000E-03,16
+29.676000E-03,16
+29.678000E-03,16
+29.680000E-03,16
+29.682000E-03,16
+29.684000E-03,16
+29.686000E-03,16
+29.688000E-03,16
+29.690000E-03,16
+29.692000E-03,16
+29.694000E-03,16
+29.696000E-03,16
+29.698000E-03,16
+29.700000E-03,16
+29.702000E-03,16
+29.704000E-03,16
+29.706000E-03,16
+29.708000E-03,16
+29.710000E-03,16
+29.712000E-03,16
+29.714000E-03,16
+29.716000E-03,16
+29.718000E-03,16
+29.720000E-03,16
+29.722000E-03,16
+29.724000E-03,16
+29.726000E-03,16
+29.728000E-03,16
+29.730000E-03,16
+29.732000E-03,16
+29.734000E-03,16
+29.736000E-03,16
+29.738000E-03,16
+29.740000E-03,16
+29.742000E-03,16
+29.744000E-03,16
+29.746000E-03,16
+29.748000E-03,16
+29.750000E-03,16
+29.752000E-03,16
+29.754000E-03,16
+29.756000E-03,16
+29.758000E-03,16
+29.760000E-03,16
+29.762000E-03,16
+29.764000E-03,16
+29.766000E-03,16
+29.768000E-03,16
+29.770000E-03,16
+29.772000E-03,16
+29.774000E-03,16
+29.776000E-03,16
+29.778000E-03,16
+29.780000E-03,16
+29.782000E-03,16
+29.784000E-03,16
+29.786000E-03,16
+29.788000E-03,16
+29.790000E-03,16
+29.792000E-03,16
+29.794000E-03,16
+29.796000E-03,16
+29.798000E-03,16
+29.800000E-03,16
+29.802000E-03,16
+29.804000E-03,16
+29.806000E-03,16
+29.808000E-03,16
+29.810000E-03,16
+29.812000E-03,16
+29.814000E-03,16
+29.816000E-03,16
+29.818000E-03,16
+29.820000E-03,16
+29.822000E-03,16
+29.824000E-03,16
+29.826000E-03,16
+29.828000E-03,16
+29.830000E-03,16
+29.832000E-03,16
+29.834000E-03,16
+29.836000E-03,16
+29.838000E-03,16
+29.840000E-03,16
+29.842000E-03,16
+29.844000E-03,16
+29.846000E-03,16
+29.848000E-03,16
+29.850000E-03,16
+29.852000E-03,16
+29.854000E-03,16
+29.856000E-03,16
+29.858000E-03,16
+29.860000E-03,16
+29.862000E-03,16
+29.864000E-03,16
+29.866000E-03,16
+29.868000E-03,16
+29.870000E-03,16
+29.872000E-03,16
+29.874000E-03,16
+29.876000E-03,16
+29.878000E-03,16
+29.880000E-03,16
+29.882000E-03,16
+29.884000E-03,16
+29.886000E-03,16
+29.888000E-03,16
+29.890000E-03,16
+29.892000E-03,16
+29.894000E-03,16
+29.896000E-03,16
+29.898000E-03,16
+29.900000E-03,16
+29.902000E-03,16
+29.904000E-03,16
+29.906000E-03,16
+29.908000E-03,16
+29.910000E-03,16
+29.912000E-03,16
+29.914000E-03,16
+29.916000E-03,16
+29.918000E-03,16
+29.920000E-03,16
+29.922000E-03,16
+29.924000E-03,16
+29.926000E-03,16
+29.928000E-03,16
+29.930000E-03,16
+29.932000E-03,16
+29.934000E-03,16
+29.936000E-03,16
+29.938000E-03,16
+29.940000E-03,16
+29.942000E-03,16
+29.944000E-03,16
+29.946000E-03,16
+29.948000E-03,16
+29.950000E-03,16
+29.952000E-03,16
+29.954000E-03,16
+29.956000E-03,16
+29.958000E-03,16
+29.960000E-03,16
+29.962000E-03,16
+29.964000E-03,16
+29.966000E-03,16
+29.968000E-03,16
+29.970000E-03,16
+29.972000E-03,16
+29.974000E-03,16
+29.976000E-03,16
+29.978000E-03,16
+29.980000E-03,16
+29.982000E-03,16
+29.984000E-03,16
+29.986000E-03,16
+29.988000E-03,16
+29.990000E-03,16
+29.992000E-03,16
+29.994000E-03,16
+29.996000E-03,16
+29.998000E-03,16
+30.000000E-03,16
+30.002000E-03,16
+30.004000E-03,16
+30.006000E-03,16
+30.008000E-03,16
+30.010000E-03,16
+30.012000E-03,16
+30.014000E-03,16
+30.016000E-03,16
+30.018000E-03,16
+30.020000E-03,16
+30.022000E-03,16
+30.024000E-03,16
+30.026000E-03,16
+30.028000E-03,16
+30.030000E-03,16
+30.032000E-03,16
+30.034000E-03,16
+30.036000E-03,16
+30.038000E-03,16
+30.040000E-03,16
+30.042000E-03,16
+30.044000E-03,16
+30.046000E-03,16
+30.048000E-03,16
+30.050000E-03,16
+30.052000E-03,16
+30.054000E-03,16
+30.056000E-03,16
+30.058000E-03,16
+30.060000E-03,16
+30.062000E-03,16
+30.064000E-03,16
+30.066000E-03,16
+30.068000E-03,16
+30.070000E-03,16
+30.072000E-03,16
+30.074000E-03,16
+30.076000E-03,16
+30.078000E-03,16
+30.080000E-03,16
+30.082000E-03,16
+30.084000E-03,16
+30.086000E-03,16
+30.088000E-03,16
+30.090000E-03,16
+30.092000E-03,16
+30.094000E-03,16
+30.096000E-03,16
+30.098000E-03,16
+30.100000E-03,16
+30.102000E-03,16
+30.104000E-03,16
+30.106000E-03,16
+30.108000E-03,16
+30.110000E-03,16
+30.112000E-03,16
+30.114000E-03,16
+30.116000E-03,16
+30.118000E-03,16
+30.120000E-03,16
+30.122000E-03,16
+30.124000E-03,16
+30.126000E-03,16
+30.128000E-03,16
+30.130000E-03,16
+30.132000E-03,16
+30.134000E-03,16
+30.136000E-03,16
+30.138000E-03,16
+30.140000E-03,16
+30.142000E-03,16
+30.144000E-03,16
+30.146000E-03,16
+30.148000E-03,16
+30.150000E-03,16
+30.152000E-03,16
+30.154000E-03,16
+30.156000E-03,16
+30.158000E-03,16
+30.160000E-03,16
+30.162000E-03,16
+30.164000E-03,16
+30.166000E-03,16
+30.168000E-03,16
+30.170000E-03,16
+30.172000E-03,16
+30.174000E-03,16
+30.176000E-03,16
+30.178000E-03,16
+30.180000E-03,16
+30.182000E-03,16
+30.184000E-03,16
+30.186000E-03,16
+30.188000E-03,16
+30.190000E-03,16
+30.192000E-03,16
+30.194000E-03,16
+30.196000E-03,16
+30.198000E-03,16
+30.200000E-03,16
+30.202000E-03,16
+30.204000E-03,16
+30.206000E-03,16
+30.208000E-03,16
+30.210000E-03,16
+30.212000E-03,16
+30.214000E-03,16
+30.216000E-03,16
+30.218000E-03,16
+30.220000E-03,16
+30.222000E-03,16
+30.224000E-03,16
+30.226000E-03,16
+30.228000E-03,16
+30.230000E-03,16
+30.232000E-03,16
+30.234000E-03,16
+30.236000E-03,16
+30.238000E-03,16
+30.240000E-03,16
+30.242000E-03,16
+30.244000E-03,16
+30.246000E-03,16
+30.248000E-03,16
+30.250000E-03,16
+30.252000E-03,16
+30.254000E-03,16
+30.256000E-03,16
+30.258000E-03,16
+30.260000E-03,16
+30.262000E-03,16
+30.264000E-03,16
+30.266000E-03,16
+30.268000E-03,16
+30.270000E-03,16
+30.272000E-03,16
+30.274000E-03,16
+30.276000E-03,16
+30.278000E-03,16
+30.280000E-03,16
+30.282000E-03,16
+30.284000E-03,16
+30.286000E-03,16
+30.288000E-03,16
+30.290000E-03,16
+30.292000E-03,16
+30.294000E-03,16
+30.296000E-03,16
+30.298000E-03,16
+30.300000E-03,16
+30.302000E-03,16
+30.304000E-03,16
+30.306000E-03,16
+30.308000E-03,16
+30.310000E-03,16
+30.312000E-03,16
+30.314000E-03,16
+30.316000E-03,16
+30.318000E-03,16
+30.320000E-03,16
+30.322000E-03,16
+30.324000E-03,16
+30.326000E-03,16
+30.328000E-03,16
+30.330000E-03,16
+30.332000E-03,16
+30.334000E-03,16
+30.336000E-03,16
+30.338000E-03,16
+30.340000E-03,16
+30.342000E-03,16
+30.344000E-03,16
+30.346000E-03,16
+30.348000E-03,16
+30.350000E-03,16
+30.352000E-03,16
+30.354000E-03,16
+30.356000E-03,16
+30.358000E-03,16
+30.360000E-03,16
+30.362000E-03,16
+30.364000E-03,16
+30.366000E-03,16
+30.368000E-03,16
+30.370000E-03,16
+30.372000E-03,16
+30.374000E-03,16
+30.376000E-03,16
+30.378000E-03,16
+30.380000E-03,16
+30.382000E-03,16
+30.384000E-03,16
+30.386000E-03,16
+30.388000E-03,16
+30.390000E-03,16
+30.392000E-03,16
+30.394000E-03,16
+30.396000E-03,16
+30.398000E-03,16
+30.400000E-03,16
+30.402000E-03,16
+30.404000E-03,16
+30.406000E-03,16
+30.408000E-03,16
+30.410000E-03,16
+30.412000E-03,16
+30.414000E-03,16
+30.416000E-03,16
+30.418000E-03,16
+30.420000E-03,16
+30.422000E-03,16
+30.424000E-03,16
+30.426000E-03,16
+30.428000E-03,16
+30.430000E-03,16
+30.432000E-03,16
+30.434000E-03,16
+30.436000E-03,16
+30.438000E-03,16
+30.440000E-03,16
+30.442000E-03,16
+30.444000E-03,16
+30.446000E-03,16
+30.448000E-03,16
+30.450000E-03,16
+30.452000E-03,16
+30.454000E-03,16
+30.456000E-03,16
+30.458000E-03,16
+30.460000E-03,16
+30.462000E-03,16
+30.464000E-03,16
+30.466000E-03,16
+30.468000E-03,16
+30.470000E-03,16
+30.472000E-03,16
+30.474000E-03,16
+30.476000E-03,16
+30.478000E-03,16
+30.480000E-03,16
+30.482000E-03,16
+30.484000E-03,16
+30.486000E-03,16
+30.488000E-03,16
+30.490000E-03,16
+30.492000E-03,16
+30.494000E-03,16
+30.496000E-03,16
+30.498000E-03,16
+30.500000E-03,16
+30.502000E-03,16
+30.504000E-03,16
+30.506000E-03,16
+30.508000E-03,16
+30.510000E-03,16
+30.512000E-03,16
+30.514000E-03,16
+30.516000E-03,16
+30.518000E-03,16
+30.520000E-03,16
+30.522000E-03,16
+30.524000E-03,16
+30.526000E-03,16
+30.528000E-03,16
+30.530000E-03,16
+30.532000E-03,16
+30.534000E-03,16
+30.536000E-03,16
+30.538000E-03,16
+30.540000E-03,16
+30.542000E-03,16
+30.544000E-03,16
+30.546000E-03,16
+30.548000E-03,16
+30.550000E-03,16
+30.552000E-03,16
+30.554000E-03,16
+30.556000E-03,16
+30.558000E-03,16
+30.560000E-03,16
+30.562000E-03,16
+30.564000E-03,16
+30.566000E-03,16
+30.568000E-03,16
+30.570000E-03,16
+30.572000E-03,16
+30.574000E-03,16
+30.576000E-03,16
+30.578000E-03,16
+30.580000E-03,16
+30.582000E-03,16
+30.584000E-03,16
+30.586000E-03,16
+30.588000E-03,16
+30.590000E-03,16
+30.592000E-03,16
+30.594000E-03,16
+30.596000E-03,16
+30.598000E-03,16
+30.600000E-03,16
+30.602000E-03,16
+30.604000E-03,16
+30.606000E-03,16
+30.608000E-03,16
+30.610000E-03,16
+30.612000E-03,16
+30.614000E-03,16
+30.616000E-03,16
+30.618000E-03,16
+30.620000E-03,16
+30.622000E-03,16
+30.624000E-03,16
+30.626000E-03,16
+30.628000E-03,16
+30.630000E-03,16
+30.632000E-03,16
+30.634000E-03,16
+30.636000E-03,16
+30.638000E-03,16
+30.640000E-03,16
+30.642000E-03,16
+30.644000E-03,16
+30.646000E-03,16
+30.648000E-03,16
+30.650000E-03,16
+30.652000E-03,16
+30.654000E-03,16
+30.656000E-03,16
+30.658000E-03,16
+30.660000E-03,16
+30.662000E-03,16
+30.664000E-03,16
+30.666000E-03,16
+30.668000E-03,16
+30.670000E-03,16
+30.672000E-03,16
+30.674000E-03,16
+30.676000E-03,16
+30.678000E-03,16
+30.680000E-03,16
+30.682000E-03,16
+30.684000E-03,16
+30.686000E-03,16
+30.688000E-03,16
+30.690000E-03,16
+30.692000E-03,16
+30.694000E-03,16
+30.696000E-03,16
+30.698000E-03,16
+30.700000E-03,16
+30.702000E-03,16
+30.704000E-03,16
+30.706000E-03,16
+30.708000E-03,16
+30.710000E-03,16
+30.712000E-03,16
+30.714000E-03,16
+30.716000E-03,16
+30.718000E-03,16
+30.720000E-03,16
+30.722000E-03,16
+30.724000E-03,16
+30.726000E-03,16
+30.728000E-03,16
+30.730000E-03,16
+30.732000E-03,16
+30.734000E-03,16
+30.736000E-03,16
+30.738000E-03,16
+30.740000E-03,16
+30.742000E-03,16
+30.744000E-03,16
+30.746000E-03,16
+30.748000E-03,16
+30.750000E-03,16
+30.752000E-03,16
+30.754000E-03,16
+30.756000E-03,16
+30.758000E-03,16
+30.760000E-03,16
+30.762000E-03,16
+30.764000E-03,16
+30.766000E-03,16
+30.768000E-03,16
+30.770000E-03,16
+30.772000E-03,16
+30.774000E-03,16
+30.776000E-03,16
+30.778000E-03,16
+30.780000E-03,16
+30.782000E-03,16
+30.784000E-03,16
+30.786000E-03,16
+30.788000E-03,16
+30.790000E-03,16
+30.792000E-03,16
+30.794000E-03,16
+30.796000E-03,16
+30.798000E-03,16
+30.800000E-03,16
+30.802000E-03,16
+30.804000E-03,16
+30.806000E-03,16
+30.808000E-03,16
+30.810000E-03,16
+30.812000E-03,16
+30.814000E-03,16
+30.816000E-03,16
+30.818000E-03,16
+30.820000E-03,16
+30.822000E-03,16
+30.824000E-03,16
+30.826000E-03,16
+30.828000E-03,16
+30.830000E-03,16
+30.832000E-03,16
+30.834000E-03,16
+30.836000E-03,16
+30.838000E-03,16
+30.840000E-03,16
+30.842000E-03,16
+30.844000E-03,16
+30.846000E-03,16
+30.848000E-03,16
+30.850000E-03,16
+30.852000E-03,16
+30.854000E-03,16
+30.856000E-03,16
+30.858000E-03,16
+30.860000E-03,16
+30.862000E-03,16
+30.864000E-03,16
+30.866000E-03,16
+30.868000E-03,16
+30.870000E-03,16
+30.872000E-03,16
+30.874000E-03,16
+30.876000E-03,16
+30.878000E-03,16
+30.880000E-03,16
+30.882000E-03,16
+30.884000E-03,16
+30.886000E-03,16
+30.888000E-03,16
+30.890000E-03,16
+30.892000E-03,16
+30.894000E-03,16
+30.896000E-03,16
+30.898000E-03,16
+30.900000E-03,16
+30.902000E-03,16
+30.904000E-03,16
+30.906000E-03,16
+30.908000E-03,16
+30.910000E-03,16
+30.912000E-03,16
+30.914000E-03,16
+30.916000E-03,16
+30.918000E-03,16
+30.920000E-03,16
+30.922000E-03,16
+30.924000E-03,16
+30.926000E-03,16
+30.928000E-03,16
+30.930000E-03,16
+30.932000E-03,16
+30.934000E-03,16
+30.936000E-03,16
+30.938000E-03,16
+30.940000E-03,16
+30.942000E-03,16
+30.944000E-03,16
+30.946000E-03,16
+30.948000E-03,16
+30.950000E-03,16
+30.952000E-03,16
+30.954000E-03,16
+30.956000E-03,16
+30.958000E-03,16
+30.960000E-03,16
+30.962000E-03,16
+30.964000E-03,16
+30.966000E-03,16
+30.968000E-03,16
+30.970000E-03,16
+30.972000E-03,16
+30.974000E-03,16
+30.976000E-03,16
+30.978000E-03,16
+30.980000E-03,16
+30.982000E-03,16
+30.984000E-03,16
+30.986000E-03,16
+30.988000E-03,16
+30.990000E-03,16
+30.992000E-03,16
+30.994000E-03,16
+30.996000E-03,16
+30.998000E-03,16
+31.000000E-03,16
+31.002000E-03,16
+31.004000E-03,16
+31.006000E-03,16
+31.008000E-03,16
+31.010000E-03,16
+31.012000E-03,16
+31.014000E-03,16
+31.016000E-03,16
+31.018000E-03,16
+31.020000E-03,16
+31.022000E-03,16
+31.024000E-03,16
+31.026000E-03,16
+31.028000E-03,16
+31.030000E-03,16
+31.032000E-03,16
+31.034000E-03,16
+31.036000E-03,16
+31.038000E-03,16
+31.040000E-03,16
+31.042000E-03,16
+31.044000E-03,16
+31.046000E-03,16
+31.048000E-03,16
+31.050000E-03,16
+31.052000E-03,16
+31.054000E-03,16
+31.056000E-03,16
+31.058000E-03,16
+31.060000E-03,16
+31.062000E-03,16
+31.064000E-03,16
+31.066000E-03,16
+31.068000E-03,16
+31.070000E-03,16
+31.072000E-03,16
+31.074000E-03,16
+31.076000E-03,16
+31.078000E-03,16
+31.080000E-03,16
+31.082000E-03,16
+31.084000E-03,16
+31.086000E-03,16
+31.088000E-03,16
+31.090000E-03,16
+31.092000E-03,16
+31.094000E-03,16
+31.096000E-03,16
+31.098000E-03,16
+31.100000E-03,16
+31.102000E-03,16
+31.104000E-03,16
+31.106000E-03,16
+31.108000E-03,16
+31.110000E-03,16
+31.112000E-03,16
+31.114000E-03,16
+31.116000E-03,16
+31.118000E-03,16
+31.120000E-03,16
+31.122000E-03,16
+31.124000E-03,16
+31.126000E-03,16
+31.128000E-03,16
+31.130000E-03,16
+31.132000E-03,16
+31.134000E-03,16
+31.136000E-03,16
+31.138000E-03,16
+31.140000E-03,16
+31.142000E-03,16
+31.144000E-03,16
+31.146000E-03,16
+31.148000E-03,16
+31.150000E-03,16
+31.152000E-03,16
+31.154000E-03,16
+31.156000E-03,16
+31.158000E-03,16
+31.160000E-03,16
+31.162000E-03,16
+31.164000E-03,16
+31.166000E-03,16
+31.168000E-03,16
+31.170000E-03,16
+31.172000E-03,16
+31.174000E-03,16
+31.176000E-03,16
+31.178000E-03,16
+31.180000E-03,16
+31.182000E-03,16
+31.184000E-03,16
+31.186000E-03,16
+31.188000E-03,16
+31.190000E-03,16
+31.192000E-03,16
+31.194000E-03,16
+31.196000E-03,16
+31.198000E-03,16
+31.200000E-03,16
+31.202000E-03,16
+31.204000E-03,16
+31.206000E-03,16
+31.208000E-03,16
+31.210000E-03,16
+31.212000E-03,16
+31.214000E-03,16
+31.216000E-03,16
+31.218000E-03,16
+31.220000E-03,16
+31.222000E-03,16
+31.224000E-03,16
+31.226000E-03,16
+31.228000E-03,16
+31.230000E-03,16
+31.232000E-03,16
+31.234000E-03,16
+31.236000E-03,16
+31.238000E-03,16
+31.240000E-03,16
+31.242000E-03,16
+31.244000E-03,16
+31.246000E-03,16
+31.248000E-03,16
+31.250000E-03,16
+31.252000E-03,16
+31.254000E-03,16
+31.256000E-03,16
+31.258000E-03,16
+31.260000E-03,16
+31.262000E-03,16
+31.264000E-03,16
+31.266000E-03,16
+31.268000E-03,16
+31.270000E-03,16
+31.272000E-03,16
+31.274000E-03,16
+31.276000E-03,16
+31.278000E-03,16
+31.280000E-03,16
+31.282000E-03,16
+31.284000E-03,16
+31.286000E-03,16
+31.288000E-03,16
+31.290000E-03,16
+31.292000E-03,16
+31.294000E-03,16
+31.296000E-03,16
+31.298000E-03,16
+31.300000E-03,16
+31.302000E-03,16
+31.304000E-03,16
+31.306000E-03,16
+31.308000E-03,16
+31.310000E-03,16
+31.312000E-03,16
+31.314000E-03,16
+31.316000E-03,16
+31.318000E-03,16
+31.320000E-03,16
+31.322000E-03,16
+31.324000E-03,16
+31.326000E-03,16
+31.328000E-03,16
+31.330000E-03,16
+31.332000E-03,16
+31.334000E-03,16
+31.336000E-03,16
+31.338000E-03,16
+31.340000E-03,16
+31.342000E-03,16
+31.344000E-03,16
+31.346000E-03,16
+31.348000E-03,16
+31.350000E-03,16
+31.352000E-03,16
+31.354000E-03,16
+31.356000E-03,16
+31.358000E-03,16
+31.360000E-03,16
+31.362000E-03,16
+31.364000E-03,16
+31.366000E-03,16
+31.368000E-03,16
+31.370000E-03,16
+31.372000E-03,16
+31.374000E-03,16
+31.376000E-03,16
+31.378000E-03,16
+31.380000E-03,16
+31.382000E-03,16
+31.384000E-03,16
+31.386000E-03,16
+31.388000E-03,16
+31.390000E-03,16
+31.392000E-03,16
+31.394000E-03,16
+31.396000E-03,16
+31.398000E-03,16
+31.400000E-03,16
+31.402000E-03,16
+31.404000E-03,16
+31.406000E-03,16
+31.408000E-03,16
+31.410000E-03,16
+31.412000E-03,16
+31.414000E-03,16
+31.416000E-03,16
+31.418000E-03,16
+31.420000E-03,16
+31.422000E-03,16
+31.424000E-03,16
+31.426000E-03,16
+31.428000E-03,16
+31.430000E-03,16
+31.432000E-03,16
+31.434000E-03,16
+31.436000E-03,16
+31.438000E-03,16
+31.440000E-03,16
+31.442000E-03,16
+31.444000E-03,16
+31.446000E-03,16
+31.448000E-03,16
+31.450000E-03,16
+31.452000E-03,16
+31.454000E-03,16
+31.456000E-03,16
+31.458000E-03,16
+31.460000E-03,16
+31.462000E-03,16
+31.464000E-03,16
+31.466000E-03,16
+31.468000E-03,16
+31.470000E-03,16
+31.472000E-03,16
+31.474000E-03,16
+31.476000E-03,16
+31.478000E-03,16
+31.480000E-03,16
+31.482000E-03,16
+31.484000E-03,16
+31.486000E-03,16
+31.488000E-03,16
+31.490000E-03,16
+31.492000E-03,16
+31.494000E-03,16
+31.496000E-03,16
+31.498000E-03,16
+31.500000E-03,16
+31.502000E-03,16
+31.504000E-03,16
+31.506000E-03,16
+31.508000E-03,16
+31.510000E-03,16
+31.512000E-03,16
+31.514000E-03,16
+31.516000E-03,16
+31.518000E-03,16
+31.520000E-03,16
+31.522000E-03,16
+31.524000E-03,16
+31.526000E-03,16
+31.528000E-03,16
+31.530000E-03,16
+31.532000E-03,16
+31.534000E-03,16
+31.536000E-03,16
+31.538000E-03,16
+31.540000E-03,16
+31.542000E-03,16
+31.544000E-03,16
+31.546000E-03,16
+31.548000E-03,16
+31.550000E-03,16
+31.552000E-03,16
+31.554000E-03,16
+31.556000E-03,16
+31.558000E-03,16
+31.560000E-03,16
+31.562000E-03,16
+31.564000E-03,16
+31.566000E-03,16
+31.568000E-03,16
+31.570000E-03,16
+31.572000E-03,16
+31.574000E-03,16
+31.576000E-03,16
+31.578000E-03,16
+31.580000E-03,16
+31.582000E-03,16
+31.584000E-03,16
+31.586000E-03,16
+31.588000E-03,16
+31.590000E-03,16
+31.592000E-03,16
+31.594000E-03,16
+31.596000E-03,16
+31.598000E-03,16
+31.600000E-03,16
+31.602000E-03,16
+31.604000E-03,16
+31.606000E-03,16
+31.608000E-03,16
+31.610000E-03,16
+31.612000E-03,16
+31.614000E-03,16
+31.616000E-03,16
+31.618000E-03,16
+31.620000E-03,16
+31.622000E-03,16
+31.624000E-03,16
+31.626000E-03,16
+31.628000E-03,16
+31.630000E-03,16
+31.632000E-03,16
+31.634000E-03,16
+31.636000E-03,16
+31.638000E-03,16
+31.640000E-03,16
+31.642000E-03,16
+31.644000E-03,16
+31.646000E-03,16
+31.648000E-03,16
+31.650000E-03,16
+31.652000E-03,16
+31.654000E-03,16
+31.656000E-03,16
+31.658000E-03,16
+31.660000E-03,16
+31.662000E-03,16
+31.664000E-03,16
+31.666000E-03,16
+31.668000E-03,16
+31.670000E-03,16
+31.672000E-03,16
+31.674000E-03,16
+31.676000E-03,16
+31.678000E-03,16
+31.680000E-03,16
+31.682000E-03,16
+31.684000E-03,16
+31.686000E-03,16
+31.688000E-03,16
+31.690000E-03,16
+31.692000E-03,16
+31.694000E-03,16
+31.696000E-03,16
+31.698000E-03,16
+31.700000E-03,16
+31.702000E-03,16
+31.704000E-03,16
+31.706000E-03,16
+31.708000E-03,16
+31.710000E-03,16
+31.712000E-03,16
+31.714000E-03,16
+31.716000E-03,16
+31.718000E-03,16
+31.720000E-03,16
+31.722000E-03,16
+31.724000E-03,16
+31.726000E-03,16
+31.728000E-03,16
+31.730000E-03,16
+31.732000E-03,16
+31.734000E-03,16
+31.736000E-03,16
+31.738000E-03,16
+31.740000E-03,16
+31.742000E-03,16
+31.744000E-03,16
+31.746000E-03,16
+31.748000E-03,16
+31.750000E-03,16
+31.752000E-03,16
+31.754000E-03,16
+31.756000E-03,16
+31.758000E-03,16
+31.760000E-03,16
+31.762000E-03,16
+31.764000E-03,16
+31.766000E-03,16
+31.768000E-03,16
+31.770000E-03,16
+31.772000E-03,16
+31.774000E-03,16
+31.776000E-03,16
+31.778000E-03,16
+31.780000E-03,16
+31.782000E-03,16
+31.784000E-03,16
+31.786000E-03,16
+31.788000E-03,16
+31.790000E-03,16
+31.792000E-03,16
+31.794000E-03,16
+31.796000E-03,16
+31.798000E-03,16
+31.800000E-03,16
+31.802000E-03,16
+31.804000E-03,16
+31.806000E-03,16
+31.808000E-03,16
+31.810000E-03,16
+31.812000E-03,16
+31.814000E-03,16
+31.816000E-03,16
+31.818000E-03,16
+31.820000E-03,16
+31.822000E-03,16
+31.824000E-03,16
+31.826000E-03,16
+31.828000E-03,16
+31.830000E-03,16
+31.832000E-03,16
+31.834000E-03,16
+31.836000E-03,16
+31.838000E-03,16
+31.840000E-03,16
+31.842000E-03,16
+31.844000E-03,16
+31.846000E-03,16
+31.848000E-03,16
+31.850000E-03,16
+31.852000E-03,16
+31.854000E-03,16
+31.856000E-03,16
+31.858000E-03,16
+31.860000E-03,16
+31.862000E-03,16
+31.864000E-03,16
+31.866000E-03,16
+31.868000E-03,16
+31.870000E-03,16
+31.872000E-03,16
+31.874000E-03,16
+31.876000E-03,16
+31.878000E-03,16
+31.880000E-03,16
+31.882000E-03,16
+31.884000E-03,16
+31.886000E-03,16
+31.888000E-03,16
+31.890000E-03,16
+31.892000E-03,16
+31.894000E-03,16
+31.896000E-03,16
+31.898000E-03,16
+31.900000E-03,16
+31.902000E-03,16
+31.904000E-03,16
+31.906000E-03,16
+31.908000E-03,16
+31.910000E-03,16
+31.912000E-03,16
+31.914000E-03,16
+31.916000E-03,16
+31.918000E-03,16
+31.920000E-03,16
+31.922000E-03,16
+31.924000E-03,16
+31.926000E-03,16
+31.928000E-03,16
+31.930000E-03,16
+31.932000E-03,16
+31.934000E-03,16
+31.936000E-03,16
+31.938000E-03,16
+31.940000E-03,16
+31.942000E-03,16
+31.944000E-03,16
+31.946000E-03,16
+31.948000E-03,16
+31.950000E-03,16
+31.952000E-03,16
+31.954000E-03,16
+31.956000E-03,16
+31.958000E-03,16
+31.960000E-03,16
+31.962000E-03,16
+31.964000E-03,16
+31.966000E-03,16
+31.968000E-03,16
+31.970000E-03,16
+31.972000E-03,16
+31.974000E-03,16
+31.976000E-03,16
+31.978000E-03,16
+31.980000E-03,16
+31.982000E-03,16
+31.984000E-03,16
+31.986000E-03,16
+31.988000E-03,16
+31.990000E-03,16
+31.992000E-03,16
+31.994000E-03,16
+31.996000E-03,16
+31.998000E-03,16
+32.000000E-03,16
+32.002000E-03,16
+32.004000E-03,16
+32.006000E-03,16
+32.008000E-03,16
+32.010000E-03,16
+32.012000E-03,16
+32.014000E-03,16
+32.016000E-03,16
+32.018000E-03,16
+32.020000E-03,16
+32.022000E-03,16
+32.024000E-03,16
+32.026000E-03,16
+32.028000E-03,16
+32.030000E-03,16
+32.032000E-03,16
+32.034000E-03,16
+32.036000E-03,16
+32.038000E-03,16
+32.040000E-03,16
+32.042000E-03,16
+32.044000E-03,16
+32.046000E-03,16
+32.048000E-03,16
+32.050000E-03,16
+32.052000E-03,16
+32.054000E-03,16
+32.056000E-03,16
+32.058000E-03,16
+32.060000E-03,16
+32.062000E-03,16
+32.064000E-03,16
+32.066000E-03,16
+32.068000E-03,16
+32.070000E-03,16
+32.072000E-03,16
+32.074000E-03,16
+32.076000E-03,16
+32.078000E-03,16
+32.080000E-03,16
+32.082000E-03,16
+32.084000E-03,16
+32.086000E-03,16
+32.088000E-03,16
+32.090000E-03,16
+32.092000E-03,16
+32.094000E-03,16
+32.096000E-03,16
+32.098000E-03,16
+32.100000E-03,16
+32.102000E-03,16
+32.104000E-03,16
+32.106000E-03,16
+32.108000E-03,16
+32.110000E-03,16
+32.112000E-03,16
+32.114000E-03,16
+32.116000E-03,16
+32.118000E-03,16
+32.120000E-03,16
+32.122000E-03,16
+32.124000E-03,16
+32.126000E-03,16
+32.128000E-03,16
+32.130000E-03,16
+32.132000E-03,16
+32.134000E-03,16
+32.136000E-03,16
+32.138000E-03,16
+32.140000E-03,16
+32.142000E-03,16
+32.144000E-03,16
+32.146000E-03,16
+32.148000E-03,16
+32.150000E-03,16
+32.152000E-03,16
+32.154000E-03,16
+32.156000E-03,16
+32.158000E-03,16
+32.160000E-03,16
+32.162000E-03,16
+32.164000E-03,16
+32.166000E-03,16
+32.168000E-03,16
+32.170000E-03,16
+32.172000E-03,16
+32.174000E-03,16
+32.176000E-03,16
+32.178000E-03,16
+32.180000E-03,16
+32.182000E-03,16
+32.184000E-03,16
+32.186000E-03,16
+32.188000E-03,16
+32.190000E-03,16
+32.192000E-03,16
+32.194000E-03,16
+32.196000E-03,16
+32.198000E-03,16
+32.200000E-03,16
+32.202000E-03,16
+32.204000E-03,16
+32.206000E-03,16
+32.208000E-03,16
+32.210000E-03,16
+32.212000E-03,16
+32.214000E-03,16
+32.216000E-03,16
+32.218000E-03,16
+32.220000E-03,16
+32.222000E-03,16
+32.224000E-03,16
+32.226000E-03,16
+32.228000E-03,16
+32.230000E-03,16
+32.232000E-03,16
+32.234000E-03,16
+32.236000E-03,16
+32.238000E-03,16
+32.240000E-03,16
+32.242000E-03,16
+32.244000E-03,16
+32.246000E-03,16
+32.248000E-03,16
+32.250000E-03,16
+32.252000E-03,16
+32.254000E-03,16
+32.256000E-03,16
+32.258000E-03,16
+32.260000E-03,16
+32.262000E-03,16
+32.264000E-03,16
+32.266000E-03,16
+32.268000E-03,16
+32.270000E-03,16
+32.272000E-03,16
+32.274000E-03,16
+32.276000E-03,16
+32.278000E-03,16
+32.280000E-03,16
+32.282000E-03,16
+32.284000E-03,16
+32.286000E-03,16
+32.288000E-03,16
+32.290000E-03,16
+32.292000E-03,16
+32.294000E-03,16
+32.296000E-03,16
+32.298000E-03,16
+32.300000E-03,16
+32.302000E-03,16
+32.304000E-03,16
+32.306000E-03,16
+32.308000E-03,16
+32.310000E-03,16
+32.312000E-03,16
+32.314000E-03,16
+32.316000E-03,16
+32.318000E-03,16
+32.320000E-03,16
+32.322000E-03,16
+32.324000E-03,16
+32.326000E-03,16
+32.328000E-03,16
+32.330000E-03,16
+32.332000E-03,16
+32.334000E-03,16
+32.336000E-03,16
+32.338000E-03,16
+32.340000E-03,16
+32.342000E-03,16
+32.344000E-03,16
+32.346000E-03,16
+32.348000E-03,16
+32.350000E-03,16
+32.352000E-03,16
+32.354000E-03,16
+32.356000E-03,16
+32.358000E-03,16
+32.360000E-03,16
+32.362000E-03,16
+32.364000E-03,16
+32.366000E-03,16
+32.368000E-03,16
+32.370000E-03,16
+32.372000E-03,16
+32.374000E-03,16
+32.376000E-03,16
+32.378000E-03,16
+32.380000E-03,16
+32.382000E-03,16
+32.384000E-03,16
+32.386000E-03,16
+32.388000E-03,16
+32.390000E-03,16
+32.392000E-03,16
+32.394000E-03,16
+32.396000E-03,16
+32.398000E-03,16
+32.400000E-03,16
+32.402000E-03,16
+32.404000E-03,16
+32.406000E-03,16
+32.408000E-03,16
+32.410000E-03,16
+32.412000E-03,16
+32.414000E-03,16
+32.416000E-03,16
+32.418000E-03,16
+32.420000E-03,16
+32.422000E-03,16
+32.424000E-03,16
+32.426000E-03,16
+32.428000E-03,16
+32.430000E-03,16
+32.432000E-03,16
+32.434000E-03,16
+32.436000E-03,16
+32.438000E-03,16
+32.440000E-03,16
+32.442000E-03,16
+32.444000E-03,16
+32.446000E-03,16
+32.448000E-03,16
+32.450000E-03,16
+32.452000E-03,16
+32.454000E-03,16
+32.456000E-03,16
+32.458000E-03,16
+32.460000E-03,16
+32.462000E-03,16
+32.464000E-03,16
+32.466000E-03,16
+32.468000E-03,16
+32.470000E-03,16
+32.472000E-03,16
+32.474000E-03,16
+32.476000E-03,16
+32.478000E-03,16
+32.480000E-03,16
+32.482000E-03,16
+32.484000E-03,16
+32.486000E-03,16
+32.488000E-03,16
+32.490000E-03,16
+32.492000E-03,16
+32.494000E-03,16
+32.496000E-03,16
+32.498000E-03,16
+32.500000E-03,16
+32.502000E-03,16
+32.504000E-03,16
+32.506000E-03,16
+32.508000E-03,16
+32.510000E-03,16
+32.512000E-03,16
+32.514000E-03,16
+32.516000E-03,16
+32.518000E-03,16
+32.520000E-03,16
+32.522000E-03,16
+32.524000E-03,16
+32.526000E-03,16
+32.528000E-03,16
+32.530000E-03,16
+32.532000E-03,16
+32.534000E-03,16
+32.536000E-03,16
+32.538000E-03,16
+32.540000E-03,16
+32.542000E-03,16
+32.544000E-03,16
+32.546000E-03,16
+32.548000E-03,16
+32.550000E-03,16
+32.552000E-03,16
+32.554000E-03,16
+32.556000E-03,16
+32.558000E-03,16
+32.560000E-03,16
+32.562000E-03,16
+32.564000E-03,16
+32.566000E-03,16
+32.568000E-03,16
+32.570000E-03,16
+32.572000E-03,16
+32.574000E-03,16
+32.576000E-03,16
+32.578000E-03,16
+32.580000E-03,16
+32.582000E-03,16
+32.584000E-03,16
+32.586000E-03,16
+32.588000E-03,16
+32.590000E-03,16
+32.592000E-03,16
+32.594000E-03,16
+32.596000E-03,16
+32.598000E-03,16
+32.600000E-03,16
+32.602000E-03,16
+32.604000E-03,16
+32.606000E-03,16
+32.608000E-03,16
+32.610000E-03,16
+32.612000E-03,16
+32.614000E-03,16
+32.616000E-03,16
+32.618000E-03,16
+32.620000E-03,16
+32.622000E-03,16
+32.624000E-03,16
+32.626000E-03,16
+32.628000E-03,16
+32.630000E-03,16
+32.632000E-03,16
+32.634000E-03,16
+32.636000E-03,16
+32.638000E-03,16
+32.640000E-03,16
+32.642000E-03,16
+32.644000E-03,16
+32.646000E-03,16
+32.648000E-03,16
+32.650000E-03,16
+32.652000E-03,16
+32.654000E-03,16
+32.656000E-03,16
+32.658000E-03,16
+32.660000E-03,16
+32.662000E-03,16
+32.664000E-03,16
+32.666000E-03,16
+32.668000E-03,16
+32.670000E-03,16
+32.672000E-03,16
+32.674000E-03,16
+32.676000E-03,16
+32.678000E-03,16
+32.680000E-03,16
+32.682000E-03,16
+32.684000E-03,16
+32.686000E-03,16
+32.688000E-03,16
+32.690000E-03,16
+32.692000E-03,16
+32.694000E-03,16
+32.696000E-03,16
+32.698000E-03,16
+32.700000E-03,16
+32.702000E-03,16
+32.704000E-03,16
+32.706000E-03,16
+32.708000E-03,16
+32.710000E-03,16
+32.712000E-03,16
+32.714000E-03,16
+32.716000E-03,16
+32.718000E-03,16
+32.720000E-03,16
+32.722000E-03,16
+32.724000E-03,16
+32.726000E-03,16
+32.728000E-03,16
+32.730000E-03,16
+32.732000E-03,16
+32.734000E-03,16
+32.736000E-03,16
+32.738000E-03,16
+32.740000E-03,16
+32.742000E-03,16
+32.744000E-03,16
+32.746000E-03,16
+32.748000E-03,16
+32.750000E-03,16
+32.752000E-03,16
+32.754000E-03,16
+32.756000E-03,16
+32.758000E-03,16
+32.760000E-03,16
+32.762000E-03,16
+32.764000E-03,16
+32.766000E-03,16
+32.768000E-03,16
+32.770000E-03,16
+32.772000E-03,16
+32.774000E-03,16
+32.776000E-03,16
+32.778000E-03,16
+32.780000E-03,16
+32.782000E-03,16
+32.784000E-03,16
+32.786000E-03,16
+32.788000E-03,16
+32.790000E-03,16
+32.792000E-03,16
+32.794000E-03,16
+32.796000E-03,16
+32.798000E-03,16
+32.800000E-03,16
+32.802000E-03,16
+32.804000E-03,16
+32.806000E-03,16
+32.808000E-03,16
+32.810000E-03,16
+32.812000E-03,16
+32.814000E-03,16
+32.816000E-03,16
+32.818000E-03,16
+32.820000E-03,16
+32.822000E-03,16
+32.824000E-03,16
+32.826000E-03,16
+32.828000E-03,16
+32.830000E-03,16
+32.832000E-03,16
+32.834000E-03,16
+32.836000E-03,16
+32.838000E-03,16
+32.840000E-03,16
+32.842000E-03,16
+32.844000E-03,16
+32.846000E-03,16
+32.848000E-03,16
+32.850000E-03,16
+32.852000E-03,16
+32.854000E-03,16
+32.856000E-03,16
+32.858000E-03,16
+32.860000E-03,16
+32.862000E-03,16
+32.864000E-03,16
+32.866000E-03,16
+32.868000E-03,16
+32.870000E-03,16
+32.872000E-03,16
+32.874000E-03,16
+32.876000E-03,16
+32.878000E-03,16
+32.880000E-03,16
+32.882000E-03,16
+32.884000E-03,16
+32.886000E-03,16
+32.888000E-03,16
+32.890000E-03,16
+32.892000E-03,16
+32.894000E-03,16
+32.896000E-03,16
+32.898000E-03,16
+32.900000E-03,16
+32.902000E-03,16
+32.904000E-03,16
+32.906000E-03,16
+32.908000E-03,16
+32.910000E-03,16
+32.912000E-03,16
+32.914000E-03,16
+32.916000E-03,16
+32.918000E-03,16
+32.920000E-03,16
+32.922000E-03,16
+32.924000E-03,16
+32.926000E-03,16
+32.928000E-03,16
+32.930000E-03,16
+32.932000E-03,16
+32.934000E-03,16
+32.936000E-03,16
+32.938000E-03,16
+32.940000E-03,16
+32.942000E-03,16
+32.944000E-03,16
+32.946000E-03,16
+32.948000E-03,16
+32.950000E-03,16
+32.952000E-03,16
+32.954000E-03,16
+32.956000E-03,16
+32.958000E-03,16
+32.960000E-03,16
+32.962000E-03,16
+32.964000E-03,16
+32.966000E-03,16
+32.968000E-03,16
+32.970000E-03,16
+32.972000E-03,16
+32.974000E-03,16
+32.976000E-03,16
+32.978000E-03,16
+32.980000E-03,16
+32.982000E-03,16
+32.984000E-03,16
+32.986000E-03,16
+32.988000E-03,16
+32.990000E-03,16
+32.992000E-03,16
+32.994000E-03,16
+32.996000E-03,16
+32.998000E-03,16
+33.000000E-03,16
+33.002000E-03,16
+33.004000E-03,16
+33.006000E-03,16
+33.008000E-03,16
+33.010000E-03,16
+33.012000E-03,16
+33.014000E-03,16
+33.016000E-03,16
+33.018000E-03,16
+33.020000E-03,16
+33.022000E-03,16
+33.024000E-03,16
+33.026000E-03,16
+33.028000E-03,16
+33.030000E-03,16
+33.032000E-03,16
+33.034000E-03,16
+33.036000E-03,16
+33.038000E-03,16
+33.040000E-03,16
+33.042000E-03,16
+33.044000E-03,16
+33.046000E-03,16
+33.048000E-03,16
+33.050000E-03,16
+33.052000E-03,16
+33.054000E-03,16
+33.056000E-03,16
+33.058000E-03,16
+33.060000E-03,16
+33.062000E-03,16
+33.064000E-03,16
+33.066000E-03,16
+33.068000E-03,16
+33.070000E-03,16
+33.072000E-03,16
+33.074000E-03,16
+33.076000E-03,16
+33.078000E-03,16
+33.080000E-03,16
+33.082000E-03,16
+33.084000E-03,16
+33.086000E-03,16
+33.088000E-03,16
+33.090000E-03,16
+33.092000E-03,16
+33.094000E-03,16
+33.096000E-03,16
+33.098000E-03,16
+33.100000E-03,16
+33.102000E-03,16
+33.104000E-03,16
+33.106000E-03,16
+33.108000E-03,16
+33.110000E-03,16
+33.112000E-03,16
+33.114000E-03,16
+33.116000E-03,16
+33.118000E-03,16
+33.120000E-03,16
+33.122000E-03,16
+33.124000E-03,16
+33.126000E-03,16
+33.128000E-03,16
+33.130000E-03,16
+33.132000E-03,16
+33.134000E-03,16
+33.136000E-03,16
+33.138000E-03,16
+33.140000E-03,16
+33.142000E-03,16
+33.144000E-03,16
+33.146000E-03,16
+33.148000E-03,16
+33.150000E-03,16
+33.152000E-03,16
+33.154000E-03,16
+33.156000E-03,16
+33.158000E-03,16
+33.160000E-03,16
+33.162000E-03,16
+33.164000E-03,16
+33.166000E-03,16
+33.168000E-03,16
+33.170000E-03,16
+33.172000E-03,16
+33.174000E-03,16
+33.176000E-03,16
+33.178000E-03,16
+33.180000E-03,16
+33.182000E-03,16
+33.184000E-03,16
+33.186000E-03,16
+33.188000E-03,16
+33.190000E-03,16
+33.192000E-03,16
+33.194000E-03,16
+33.196000E-03,16
+33.198000E-03,16
+33.200000E-03,16
+33.202000E-03,16
+33.204000E-03,16
+33.206000E-03,16
+33.208000E-03,16
+33.210000E-03,16
+33.212000E-03,16
+33.214000E-03,16
+33.216000E-03,16
+33.218000E-03,16
+33.220000E-03,16
+33.222000E-03,16
+33.224000E-03,16
+33.226000E-03,16
+33.228000E-03,16
+33.230000E-03,16
+33.232000E-03,16
+33.234000E-03,16
+33.236000E-03,16
+33.238000E-03,16
+33.240000E-03,16
+33.242000E-03,16
+33.244000E-03,16
+33.246000E-03,16
+33.248000E-03,16
+33.250000E-03,16
+33.252000E-03,16
+33.254000E-03,16
+33.256000E-03,16
+33.258000E-03,16
+33.260000E-03,16
+33.262000E-03,16
+33.264000E-03,16
+33.266000E-03,16
+33.268000E-03,16
+33.270000E-03,16
+33.272000E-03,16
+33.274000E-03,16
+33.276000E-03,16
+33.278000E-03,16
+33.280000E-03,16
+33.282000E-03,16
+33.284000E-03,16
+33.286000E-03,16
+33.288000E-03,16
+33.290000E-03,16
+33.292000E-03,16
+33.294000E-03,16
+33.296000E-03,16
+33.298000E-03,16
+33.300000E-03,16
+33.302000E-03,16
+33.304000E-03,16
+33.306000E-03,16
+33.308000E-03,16
+33.310000E-03,16
+33.312000E-03,16
+33.314000E-03,16
+33.316000E-03,16
+33.318000E-03,16
+33.320000E-03,16
+33.322000E-03,16
+33.324000E-03,16
+33.326000E-03,16
+33.328000E-03,16
+33.330000E-03,16
+33.332000E-03,16
+33.334000E-03,16
+33.336000E-03,16
+33.338000E-03,16
+33.340000E-03,16
+33.342000E-03,16
+33.344000E-03,16
+33.346000E-03,16
+33.348000E-03,16
+33.350000E-03,16
+33.352000E-03,16
+33.354000E-03,16
+33.356000E-03,16
+33.358000E-03,16
+33.360000E-03,16
+33.362000E-03,16
+33.364000E-03,16
+33.366000E-03,16
+33.368000E-03,16
+33.370000E-03,16
+33.372000E-03,16
+33.374000E-03,16
+33.376000E-03,16
+33.378000E-03,16
+33.380000E-03,16
+33.382000E-03,16
+33.384000E-03,16
+33.386000E-03,16
+33.388000E-03,16
+33.390000E-03,16
+33.392000E-03,16
+33.394000E-03,16
+33.396000E-03,16
+33.398000E-03,16
+33.400000E-03,16
+33.402000E-03,16
+33.404000E-03,16
+33.406000E-03,16
+33.408000E-03,16
+33.410000E-03,16
+33.412000E-03,16
+33.414000E-03,16
+33.416000E-03,16
+33.418000E-03,16
+33.420000E-03,16
+33.422000E-03,16
+33.424000E-03,16
+33.426000E-03,16
+33.428000E-03,16
+33.430000E-03,16
+33.432000E-03,16
+33.434000E-03,16
+33.436000E-03,16
+33.438000E-03,16
+33.440000E-03,16
+33.442000E-03,16
+33.444000E-03,16
+33.446000E-03,16
+33.448000E-03,16
+33.450000E-03,16
+33.452000E-03,16
+33.454000E-03,16
+33.456000E-03,16
+33.458000E-03,16
+33.460000E-03,16
+33.462000E-03,16
+33.464000E-03,16
+33.466000E-03,16
+33.468000E-03,16
+33.470000E-03,16
+33.472000E-03,16
+33.474000E-03,16
+33.476000E-03,16
+33.478000E-03,16
+33.480000E-03,16
+33.482000E-03,16
+33.484000E-03,16
+33.486000E-03,16
+33.488000E-03,16
+33.490000E-03,16
+33.492000E-03,16
+33.494000E-03,16
+33.496000E-03,16
+33.498000E-03,16
+33.500000E-03,16
+33.502000E-03,16
+33.504000E-03,16
+33.506000E-03,16
+33.508000E-03,16
+33.510000E-03,16
+33.512000E-03,16
+33.514000E-03,16
+33.516000E-03,16
+33.518000E-03,16
+33.520000E-03,16
+33.522000E-03,16
+33.524000E-03,16
+33.526000E-03,16
+33.528000E-03,16
+33.530000E-03,16
+33.532000E-03,16
+33.534000E-03,16
+33.536000E-03,16
+33.538000E-03,16
+33.540000E-03,16
+33.542000E-03,16
+33.544000E-03,16
+33.546000E-03,16
+33.548000E-03,16
+33.550000E-03,16
+33.552000E-03,16
+33.554000E-03,16
+33.556000E-03,16
+33.558000E-03,16
+33.560000E-03,16
+33.562000E-03,16
+33.564000E-03,16
+33.566000E-03,16
+33.568000E-03,16
+33.570000E-03,16
+33.572000E-03,16
+33.574000E-03,16
+33.576000E-03,16
+33.578000E-03,16
+33.580000E-03,16
+33.582000E-03,16
+33.584000E-03,16
+33.586000E-03,16
+33.588000E-03,16
+33.590000E-03,16
+33.592000E-03,16
+33.594000E-03,16
+33.596000E-03,16
+33.598000E-03,16
+33.600000E-03,16
+33.602000E-03,16
+33.604000E-03,16
+33.606000E-03,16
+33.608000E-03,16
+33.610000E-03,16
+33.612000E-03,16
+33.614000E-03,16
+33.616000E-03,16
+33.618000E-03,16
+33.620000E-03,16
+33.622000E-03,16
+33.624000E-03,16
+33.626000E-03,16
+33.628000E-03,16
+33.630000E-03,16
+33.632000E-03,16
+33.634000E-03,16
+33.636000E-03,16
+33.638000E-03,16
+33.640000E-03,16
+33.642000E-03,16
+33.644000E-03,16
+33.646000E-03,16
+33.648000E-03,16
+33.650000E-03,16
+33.652000E-03,16
+33.654000E-03,16
+33.656000E-03,16
+33.658000E-03,16
+33.660000E-03,16
+33.662000E-03,16
+33.664000E-03,16
+33.666000E-03,16
+33.668000E-03,16
+33.670000E-03,16
+33.672000E-03,16
+33.674000E-03,16
+33.676000E-03,16
+33.678000E-03,16
+33.680000E-03,16
+33.682000E-03,16
+33.684000E-03,16
+33.686000E-03,16
+33.688000E-03,16
+33.690000E-03,16
+33.692000E-03,16
+33.694000E-03,16
+33.696000E-03,16
+33.698000E-03,16
+33.700000E-03,16
+33.702000E-03,16
+33.704000E-03,16
+33.706000E-03,16
+33.708000E-03,16
+33.710000E-03,16
+33.712000E-03,16
+33.714000E-03,16
+33.716000E-03,16
+33.718000E-03,16
+33.720000E-03,16
+33.722000E-03,16
+33.724000E-03,16
+33.726000E-03,16
+33.728000E-03,16
+33.730000E-03,16
+33.732000E-03,16
+33.734000E-03,16
+33.736000E-03,16
+33.738000E-03,16
+33.740000E-03,16
+33.742000E-03,16
+33.744000E-03,16
+33.746000E-03,16
+33.748000E-03,16
+33.750000E-03,16
+33.752000E-03,16
+33.754000E-03,16
+33.756000E-03,16
+33.758000E-03,16
+33.760000E-03,16
+33.762000E-03,16
+33.764000E-03,16
+33.766000E-03,16
+33.768000E-03,16
+33.770000E-03,16
+33.772000E-03,16
+33.774000E-03,16
+33.776000E-03,16
+33.778000E-03,16
+33.780000E-03,16
+33.782000E-03,16
+33.784000E-03,16
+33.786000E-03,16
+33.788000E-03,16
+33.790000E-03,16
+33.792000E-03,16
+33.794000E-03,16
+33.796000E-03,16
+33.798000E-03,16
+33.800000E-03,16
+33.802000E-03,16
+33.804000E-03,16
+33.806000E-03,16
+33.808000E-03,16
+33.810000E-03,16
+33.812000E-03,16
+33.814000E-03,16
+33.816000E-03,16
+33.818000E-03,16
+33.820000E-03,16
+33.822000E-03,16
+33.824000E-03,16
+33.826000E-03,16
+33.828000E-03,16
+33.830000E-03,16
+33.832000E-03,16
+33.834000E-03,16
+33.836000E-03,16
+33.838000E-03,16
+33.840000E-03,16
+33.842000E-03,16
+33.844000E-03,16
+33.846000E-03,16
+33.848000E-03,16
+33.850000E-03,16
+33.852000E-03,16
+33.854000E-03,16
+33.856000E-03,16
+33.858000E-03,16
+33.860000E-03,16
+33.862000E-03,16
+33.864000E-03,16
+33.866000E-03,16
+33.868000E-03,16
+33.870000E-03,16
+33.872000E-03,16
+33.874000E-03,16
+33.876000E-03,16
+33.878000E-03,16
+33.880000E-03,16
+33.882000E-03,16
+33.884000E-03,16
+33.886000E-03,16
+33.888000E-03,16
+33.890000E-03,16
+33.892000E-03,16
+33.894000E-03,16
+33.896000E-03,16
+33.898000E-03,16
+33.900000E-03,16
+33.902000E-03,16
+33.904000E-03,16
+33.906000E-03,16
+33.908000E-03,16
+33.910000E-03,16
+33.912000E-03,16
+33.914000E-03,16
+33.916000E-03,16
+33.918000E-03,16
+33.920000E-03,16
+33.922000E-03,16
+33.924000E-03,16
+33.926000E-03,16
+33.928000E-03,16
+33.930000E-03,16
+33.932000E-03,16
+33.934000E-03,16
+33.936000E-03,16
+33.938000E-03,16
+33.940000E-03,16
+33.942000E-03,16
+33.944000E-03,16
+33.946000E-03,16
+33.948000E-03,16
+33.950000E-03,16
+33.952000E-03,16
+33.954000E-03,16
+33.956000E-03,16
+33.958000E-03,16
+33.960000E-03,16
+33.962000E-03,16
+33.964000E-03,16
+33.966000E-03,16
+33.968000E-03,16
+33.970000E-03,16
+33.972000E-03,16
+33.974000E-03,16
+33.976000E-03,16
+33.978000E-03,16
+33.980000E-03,16
+33.982000E-03,16
+33.984000E-03,16
+33.986000E-03,16
+33.988000E-03,16
+33.990000E-03,16
+33.992000E-03,16
+33.994000E-03,16
+33.996000E-03,16
+33.998000E-03,16
+34.000000E-03,16
+34.002000E-03,16
+34.004000E-03,16
+34.006000E-03,16
+34.008000E-03,16
+34.010000E-03,16
+34.012000E-03,16
+34.014000E-03,16
+34.016000E-03,16
+34.018000E-03,16
+34.020000E-03,16
+34.022000E-03,16
+34.024000E-03,16
+34.026000E-03,16
+34.028000E-03,16
+34.030000E-03,16
+34.032000E-03,16
+34.034000E-03,16
+34.036000E-03,16
+34.038000E-03,16
+34.040000E-03,16
+34.042000E-03,16
+34.044000E-03,16
+34.046000E-03,16
+34.048000E-03,16
+34.050000E-03,16
+34.052000E-03,16
+34.054000E-03,16
+34.056000E-03,16
+34.058000E-03,16
+34.060000E-03,16
+34.062000E-03,16
+34.064000E-03,16
+34.066000E-03,16
+34.068000E-03,16
+34.070000E-03,16
+34.072000E-03,16
+34.074000E-03,16
+34.076000E-03,16
+34.078000E-03,16
+34.080000E-03,16
+34.082000E-03,16
+34.084000E-03,16
+34.086000E-03,16
+34.088000E-03,16
+34.090000E-03,16
+34.092000E-03,16
+34.094000E-03,16
+34.096000E-03,16
+34.098000E-03,16
+34.100000E-03,16
+34.102000E-03,16
+34.104000E-03,16
+34.106000E-03,16
+34.108000E-03,16
+34.110000E-03,16
+34.112000E-03,16
+34.114000E-03,16
+34.116000E-03,16
+34.118000E-03,16
+34.120000E-03,16
+34.122000E-03,16
+34.124000E-03,16
+34.126000E-03,16
+34.128000E-03,16
+34.130000E-03,16
+34.132000E-03,16
+34.134000E-03,16
+34.136000E-03,16
+34.138000E-03,16
+34.140000E-03,16
+34.142000E-03,16
+34.144000E-03,16
+34.146000E-03,16
+34.148000E-03,16
+34.150000E-03,16
+34.152000E-03,16
+34.154000E-03,16
+34.156000E-03,16
+34.158000E-03,16
+34.160000E-03,16
+34.162000E-03,16
+34.164000E-03,16
+34.166000E-03,16
+34.168000E-03,16
+34.170000E-03,16
+34.172000E-03,16
+34.174000E-03,16
+34.176000E-03,16
+34.178000E-03,16
+34.180000E-03,16
+34.182000E-03,16
+34.184000E-03,16
+34.186000E-03,16
+34.188000E-03,16
+34.190000E-03,16
+34.192000E-03,16
+34.194000E-03,16
+34.196000E-03,16
+34.198000E-03,16
+34.200000E-03,16
+34.202000E-03,16
+34.204000E-03,16
+34.206000E-03,16
+34.208000E-03,16
+34.210000E-03,16
+34.212000E-03,16
+34.214000E-03,16
+34.216000E-03,16
+34.218000E-03,16
+34.220000E-03,16
+34.222000E-03,16
+34.224000E-03,16
+34.226000E-03,16
+34.228000E-03,16
+34.230000E-03,16
+34.232000E-03,16
+34.234000E-03,16
+34.236000E-03,16
+34.238000E-03,16
+34.240000E-03,16
+34.242000E-03,16
+34.244000E-03,16
+34.246000E-03,16
+34.248000E-03,16
+34.250000E-03,16
+34.252000E-03,16
+34.254000E-03,16
+34.256000E-03,16
+34.258000E-03,16
+34.260000E-03,16
+34.262000E-03,16
+34.264000E-03,16
+34.266000E-03,16
+34.268000E-03,16
+34.270000E-03,16
+34.272000E-03,16
+34.274000E-03,16
+34.276000E-03,16
+34.278000E-03,16
+34.280000E-03,16
+34.282000E-03,16
+34.284000E-03,16
+34.286000E-03,16
+34.288000E-03,16
+34.290000E-03,16
+34.292000E-03,16
+34.294000E-03,16
+34.296000E-03,16
+34.298000E-03,16
+34.300000E-03,16
+34.302000E-03,16
+34.304000E-03,16
+34.306000E-03,16
+34.308000E-03,16
+34.310000E-03,16
+34.312000E-03,16
+34.314000E-03,16
+34.316000E-03,16
+34.318000E-03,16
+34.320000E-03,16
+34.322000E-03,16
+34.324000E-03,16
+34.326000E-03,16
+34.328000E-03,16
+34.330000E-03,16
+34.332000E-03,16
+34.334000E-03,16
+34.336000E-03,16
+34.338000E-03,16
+34.340000E-03,16
+34.342000E-03,16
+34.344000E-03,16
+34.346000E-03,16
+34.348000E-03,16
+34.350000E-03,16
+34.352000E-03,16
+34.354000E-03,16
+34.356000E-03,16
+34.358000E-03,16
+34.360000E-03,16
+34.362000E-03,16
+34.364000E-03,16
+34.366000E-03,16
+34.368000E-03,16
+34.370000E-03,16
+34.372000E-03,16
+34.374000E-03,16
+34.376000E-03,16
+34.378000E-03,16
+34.380000E-03,16
+34.382000E-03,16
+34.384000E-03,16
+34.386000E-03,16
+34.388000E-03,16
+34.390000E-03,16
+34.392000E-03,16
+34.394000E-03,16
+34.396000E-03,16
+34.398000E-03,16
+34.400000E-03,16
+34.402000E-03,16
+34.404000E-03,16
+34.406000E-03,16
+34.408000E-03,16
+34.410000E-03,16
+34.412000E-03,16
+34.414000E-03,16
+34.416000E-03,16
+34.418000E-03,16
+34.420000E-03,16
+34.422000E-03,16
+34.424000E-03,16
+34.426000E-03,16
+34.428000E-03,16
+34.430000E-03,16
+34.432000E-03,16
+34.434000E-03,16
+34.436000E-03,16
+34.438000E-03,16
+34.440000E-03,16
+34.442000E-03,16
+34.444000E-03,16
+34.446000E-03,16
+34.448000E-03,16
+34.450000E-03,16
+34.452000E-03,16
+34.454000E-03,16
+34.456000E-03,16
+34.458000E-03,16
+34.460000E-03,16
+34.462000E-03,16
+34.464000E-03,16
+34.466000E-03,16
+34.468000E-03,16
+34.470000E-03,16
+34.472000E-03,16
+34.474000E-03,16
+34.476000E-03,16
+34.478000E-03,16
+34.480000E-03,16
+34.482000E-03,16
+34.484000E-03,16
+34.486000E-03,16
+34.488000E-03,16
+34.490000E-03,16
+34.492000E-03,16
+34.494000E-03,16
+34.496000E-03,16
+34.498000E-03,16
+34.500000E-03,16
+34.502000E-03,16
+34.504000E-03,16
+34.506000E-03,16
+34.508000E-03,16
+34.510000E-03,16
+34.512000E-03,16
+34.514000E-03,16
+34.516000E-03,16
+34.518000E-03,16
+34.520000E-03,16
+34.522000E-03,16
+34.524000E-03,16
+34.526000E-03,16
+34.528000E-03,16
+34.530000E-03,16
+34.532000E-03,16
+34.534000E-03,16
+34.536000E-03,16
+34.538000E-03,16
+34.540000E-03,16
+34.542000E-03,16
+34.544000E-03,16
+34.546000E-03,16
+34.548000E-03,16
+34.550000E-03,16
+34.552000E-03,16
+34.554000E-03,16
+34.556000E-03,16
+34.558000E-03,16
+34.560000E-03,16
+34.562000E-03,16
+34.564000E-03,16
+34.566000E-03,16
+34.568000E-03,16
+34.570000E-03,16
+34.572000E-03,16
+34.574000E-03,16
+34.576000E-03,16
+34.578000E-03,16
+34.580000E-03,16
+34.582000E-03,16
+34.584000E-03,16
+34.586000E-03,16
+34.588000E-03,16
+34.590000E-03,16
+34.592000E-03,16
+34.594000E-03,16
+34.596000E-03,16
+34.598000E-03,16
+34.600000E-03,16
+34.602000E-03,16
+34.604000E-03,16
+34.606000E-03,16
+34.608000E-03,16
+34.610000E-03,16
+34.612000E-03,16
+34.614000E-03,16
+34.616000E-03,16
+34.618000E-03,16
+34.620000E-03,16
+34.622000E-03,16
+34.624000E-03,16
+34.626000E-03,16
+34.628000E-03,16
+34.630000E-03,16
+34.632000E-03,16
+34.634000E-03,16
+34.636000E-03,16
+34.638000E-03,16
+34.640000E-03,16
+34.642000E-03,16
+34.644000E-03,16
+34.646000E-03,16
+34.648000E-03,16
+34.650000E-03,16
+34.652000E-03,16
+34.654000E-03,16
+34.656000E-03,16
+34.658000E-03,16
+34.660000E-03,16
+34.662000E-03,16
+34.664000E-03,16
+34.666000E-03,16
+34.668000E-03,16
+34.670000E-03,16
+34.672000E-03,16
+34.674000E-03,16
+34.676000E-03,16
+34.678000E-03,16
+34.680000E-03,16
+34.682000E-03,16
+34.684000E-03,16
+34.686000E-03,16
+34.688000E-03,16
+34.690000E-03,16
+34.692000E-03,16
+34.694000E-03,16
+34.696000E-03,16
+34.698000E-03,16
+34.700000E-03,16
+34.702000E-03,16
+34.704000E-03,16
+34.706000E-03,16
+34.708000E-03,16
+34.710000E-03,16
+34.712000E-03,16
+34.714000E-03,16
+34.716000E-03,16
+34.718000E-03,16
+34.720000E-03,16
+34.722000E-03,16
+34.724000E-03,16
+34.726000E-03,16
+34.728000E-03,16
+34.730000E-03,16
+34.732000E-03,16
+34.734000E-03,16
+34.736000E-03,16
+34.738000E-03,16
+34.740000E-03,16
+34.742000E-03,16
+34.744000E-03,16
+34.746000E-03,16
+34.748000E-03,16
+34.750000E-03,16
+34.752000E-03,16
+34.754000E-03,16
+34.756000E-03,16
+34.758000E-03,16
+34.760000E-03,16
+34.762000E-03,16
+34.764000E-03,16
+34.766000E-03,16
+34.768000E-03,16
+34.770000E-03,16
+34.772000E-03,16
+34.774000E-03,16
+34.776000E-03,16
+34.778000E-03,16
+34.780000E-03,16
+34.782000E-03,16
+34.784000E-03,16
+34.786000E-03,16
+34.788000E-03,16
+34.790000E-03,16
+34.792000E-03,16
+34.794000E-03,16
+34.796000E-03,16
+34.798000E-03,16
+34.800000E-03,16
+34.802000E-03,16
+34.804000E-03,16
+34.806000E-03,16
+34.808000E-03,16
+34.810000E-03,16
+34.812000E-03,16
+34.814000E-03,16
+34.816000E-03,16
+34.818000E-03,16
+34.820000E-03,16
+34.822000E-03,16
+34.824000E-03,16
+34.826000E-03,16
+34.828000E-03,16
+34.830000E-03,16
+34.832000E-03,16
+34.834000E-03,16
+34.836000E-03,16
+34.838000E-03,16
+34.840000E-03,16
+34.842000E-03,16
+34.844000E-03,16
+34.846000E-03,16
+34.848000E-03,16
+34.850000E-03,16
+34.852000E-03,16
+34.854000E-03,16
+34.856000E-03,16
+34.858000E-03,16
+34.860000E-03,16
+34.862000E-03,16
+34.864000E-03,16
+34.866000E-03,16
+34.868000E-03,16
+34.870000E-03,16
+34.872000E-03,16
+34.874000E-03,16
+34.876000E-03,16
+34.878000E-03,16
+34.880000E-03,16
+34.882000E-03,16
+34.884000E-03,16
+34.886000E-03,16
+34.888000E-03,16
+34.890000E-03,16
+34.892000E-03,16
+34.894000E-03,16
+34.896000E-03,16
+34.898000E-03,16
+34.900000E-03,16
+34.902000E-03,16
+34.904000E-03,16
+34.906000E-03,16
+34.908000E-03,16
+34.910000E-03,16
+34.912000E-03,16
+34.914000E-03,16
+34.916000E-03,16
+34.918000E-03,16
+34.920000E-03,16
+34.922000E-03,16
+34.924000E-03,16
+34.926000E-03,16
+34.928000E-03,16
+34.930000E-03,16
+34.932000E-03,16
+34.934000E-03,16
+34.936000E-03,16
+34.938000E-03,16
+34.940000E-03,16
+34.942000E-03,16
+34.944000E-03,16
+34.946000E-03,16
+34.948000E-03,16
+34.950000E-03,16
+34.952000E-03,16
+34.954000E-03,16
+34.956000E-03,16
+34.958000E-03,16
+34.960000E-03,16
+34.962000E-03,16
+34.964000E-03,16
+34.966000E-03,16
+34.968000E-03,16
+34.970000E-03,16
+34.972000E-03,16
+34.974000E-03,16
+34.976000E-03,16
+34.978000E-03,16
+34.980000E-03,16
+34.982000E-03,16
+34.984000E-03,16
+34.986000E-03,16
+34.988000E-03,16
+34.990000E-03,16
+34.992000E-03,16
+34.994000E-03,16
+34.996000E-03,16
+34.998000E-03,16
+35.000000E-03,16
+35.002000E-03,16
+35.004000E-03,16
+35.006000E-03,16
+35.008000E-03,16
+35.010000E-03,16
+35.012000E-03,16
+35.014000E-03,16
+35.016000E-03,16
+35.018000E-03,16
+35.020000E-03,16
+35.022000E-03,16
+35.024000E-03,16
+35.026000E-03,16
+35.028000E-03,16
+35.030000E-03,16
+35.032000E-03,16
+35.034000E-03,16
+35.036000E-03,16
+35.038000E-03,16
+35.040000E-03,16
+35.042000E-03,16
+35.044000E-03,16
+35.046000E-03,16
+35.048000E-03,16
+35.050000E-03,16
+35.052000E-03,16
+35.054000E-03,16
+35.056000E-03,16
+35.058000E-03,16
+35.060000E-03,16
+35.062000E-03,16
+35.064000E-03,16
+35.066000E-03,16
+35.068000E-03,16
+35.070000E-03,16
+35.072000E-03,16
+35.074000E-03,16
+35.076000E-03,16
+35.078000E-03,16
+35.080000E-03,16
+35.082000E-03,16
+35.084000E-03,16
+35.086000E-03,16
+35.088000E-03,16
+35.090000E-03,16
+35.092000E-03,16
+35.094000E-03,16
+35.096000E-03,16
+35.098000E-03,16
+35.100000E-03,16
+35.102000E-03,16
+35.104000E-03,16
+35.106000E-03,16
+35.108000E-03,16
+35.110000E-03,16
+35.112000E-03,16
+35.114000E-03,16
+35.116000E-03,16
+35.118000E-03,16
+35.120000E-03,16
+35.122000E-03,16
+35.124000E-03,16
+35.126000E-03,16
+35.128000E-03,16
+35.130000E-03,16
+35.132000E-03,16
+35.134000E-03,16
+35.136000E-03,16
+35.138000E-03,16
+35.140000E-03,16
+35.142000E-03,16
+35.144000E-03,16
+35.146000E-03,16
+35.148000E-03,16
+35.150000E-03,16
+35.152000E-03,16
+35.154000E-03,16
+35.156000E-03,16
+35.158000E-03,16
+35.160000E-03,16
+35.162000E-03,16
+35.164000E-03,16
+35.166000E-03,16
+35.168000E-03,16
+35.170000E-03,16
+35.172000E-03,16
+35.174000E-03,16
+35.176000E-03,16
+35.178000E-03,16
+35.180000E-03,16
+35.182000E-03,16
+35.184000E-03,16
+35.186000E-03,16
+35.188000E-03,16
+35.190000E-03,16
+35.192000E-03,16
+35.194000E-03,16
+35.196000E-03,16
+35.198000E-03,16
+35.200000E-03,16
+35.202000E-03,16
+35.204000E-03,16
+35.206000E-03,16
+35.208000E-03,16
+35.210000E-03,16
+35.212000E-03,16
+35.214000E-03,16
+35.216000E-03,16
+35.218000E-03,16
+35.220000E-03,16
+35.222000E-03,16
+35.224000E-03,16
+35.226000E-03,16
+35.228000E-03,16
+35.230000E-03,16
+35.232000E-03,16
+35.234000E-03,16
+35.236000E-03,16
+35.238000E-03,16
+35.240000E-03,16
+35.242000E-03,16
+35.244000E-03,16
+35.246000E-03,16
+35.248000E-03,16
+35.250000E-03,16
+35.252000E-03,16
+35.254000E-03,16
+35.256000E-03,16
+35.258000E-03,16
+35.260000E-03,16
+35.262000E-03,16
+35.264000E-03,16
+35.266000E-03,16
+35.268000E-03,16
+35.270000E-03,16
+35.272000E-03,16
+35.274000E-03,16
+35.276000E-03,16
+35.278000E-03,16
+35.280000E-03,16
+35.282000E-03,16
+35.284000E-03,16
+35.286000E-03,16
+35.288000E-03,16
+35.290000E-03,16
+35.292000E-03,16
+35.294000E-03,16
+35.296000E-03,16
+35.298000E-03,16
+35.300000E-03,16
+35.302000E-03,16
+35.304000E-03,16
+35.306000E-03,16
+35.308000E-03,16
+35.310000E-03,16
+35.312000E-03,16
+35.314000E-03,16
+35.316000E-03,16
+35.318000E-03,16
+35.320000E-03,16
+35.322000E-03,16
+35.324000E-03,16
+35.326000E-03,16
+35.328000E-03,16
+35.330000E-03,16
+35.332000E-03,16
+35.334000E-03,16
+35.336000E-03,16
+35.338000E-03,16
+35.340000E-03,16
+35.342000E-03,16
+35.344000E-03,16
+35.346000E-03,16
+35.348000E-03,16
+35.350000E-03,16
+35.352000E-03,16
+35.354000E-03,16
+35.356000E-03,16
+35.358000E-03,16
+35.360000E-03,16
+35.362000E-03,16
+35.364000E-03,16
+35.366000E-03,16
+35.368000E-03,16
+35.370000E-03,16
+35.372000E-03,16
+35.374000E-03,16
+35.376000E-03,16
+35.378000E-03,16
+35.380000E-03,16
+35.382000E-03,16
+35.384000E-03,16
+35.386000E-03,16
+35.388000E-03,16
+35.390000E-03,16
+35.392000E-03,16
+35.394000E-03,16
+35.396000E-03,16
+35.398000E-03,16
+35.400000E-03,16
+35.402000E-03,16
+35.404000E-03,16
+35.406000E-03,16
+35.408000E-03,16
+35.410000E-03,16
+35.412000E-03,16
+35.414000E-03,16
+35.416000E-03,16
+35.418000E-03,16
+35.420000E-03,16
+35.422000E-03,16
+35.424000E-03,16
+35.426000E-03,16
+35.428000E-03,16
+35.430000E-03,16
+35.432000E-03,16
+35.434000E-03,16
+35.436000E-03,16
+35.438000E-03,16
+35.440000E-03,16
+35.442000E-03,16
+35.444000E-03,16
+35.446000E-03,16
+35.448000E-03,16
+35.450000E-03,16
+35.452000E-03,16
+35.454000E-03,16
+35.456000E-03,16
+35.458000E-03,16
+35.460000E-03,16
+35.462000E-03,16
+35.464000E-03,16
+35.466000E-03,16
+35.468000E-03,16
+35.470000E-03,16
+35.472000E-03,16
+35.474000E-03,16
+35.476000E-03,16
+35.478000E-03,16
+35.480000E-03,16
+35.482000E-03,16
+35.484000E-03,16
+35.486000E-03,16
+35.488000E-03,16
+35.490000E-03,16
+35.492000E-03,16
+35.494000E-03,16
+35.496000E-03,16
+35.498000E-03,16
+35.500000E-03,16
+35.502000E-03,16
+35.504000E-03,16
+35.506000E-03,16
+35.508000E-03,16
+35.510000E-03,16
+35.512000E-03,16
+35.514000E-03,16
+35.516000E-03,16
+35.518000E-03,16
+35.520000E-03,16
+35.522000E-03,16
+35.524000E-03,16
+35.526000E-03,16
+35.528000E-03,16
+35.530000E-03,16
+35.532000E-03,16
+35.534000E-03,16
+35.536000E-03,16
+35.538000E-03,16
+35.540000E-03,16
+35.542000E-03,16
+35.544000E-03,16
+35.546000E-03,16
+35.548000E-03,16
+35.550000E-03,16
+35.552000E-03,16
+35.554000E-03,16
+35.556000E-03,16
+35.558000E-03,16
+35.560000E-03,16
+35.562000E-03,16
+35.564000E-03,16
+35.566000E-03,16
+35.568000E-03,16
+35.570000E-03,16
+35.572000E-03,16
+35.574000E-03,16
+35.576000E-03,16
+35.578000E-03,16
+35.580000E-03,16
+35.582000E-03,16
+35.584000E-03,16
+35.586000E-03,16
+35.588000E-03,16
+35.590000E-03,16
+35.592000E-03,16
+35.594000E-03,16
+35.596000E-03,16
+35.598000E-03,16
+35.600000E-03,16
+35.602000E-03,16
+35.604000E-03,16
+35.606000E-03,16
+35.608000E-03,16
+35.610000E-03,16
+35.612000E-03,16
+35.614000E-03,16
+35.616000E-03,16
+35.618000E-03,16
+35.620000E-03,16
+35.622000E-03,16
+35.624000E-03,16
+35.626000E-03,16
+35.628000E-03,16
+35.630000E-03,16
+35.632000E-03,16
+35.634000E-03,16
+35.636000E-03,16
+35.638000E-03,16
+35.640000E-03,16
+35.642000E-03,16
+35.644000E-03,16
+35.646000E-03,16
+35.648000E-03,16
+35.650000E-03,16
+35.652000E-03,16
+35.654000E-03,16
+35.656000E-03,16
+35.658000E-03,16
+35.660000E-03,16
+35.662000E-03,16
+35.664000E-03,16
+35.666000E-03,16
+35.668000E-03,16
+35.670000E-03,16
+35.672000E-03,16
+35.674000E-03,16
+35.676000E-03,16
+35.678000E-03,16
+35.680000E-03,16
+35.682000E-03,16
+35.684000E-03,16
+35.686000E-03,16
+35.688000E-03,16
+35.690000E-03,16
+35.692000E-03,16
+35.694000E-03,16
+35.696000E-03,16
+35.698000E-03,16
+35.700000E-03,16
+35.702000E-03,16
+35.704000E-03,16
+35.706000E-03,16
+35.708000E-03,16
+35.710000E-03,16
+35.712000E-03,16
+35.714000E-03,16
+35.716000E-03,16
+35.718000E-03,16
+35.720000E-03,16
+35.722000E-03,16
+35.724000E-03,16
+35.726000E-03,16
+35.728000E-03,16
+35.730000E-03,16
+35.732000E-03,16
+35.734000E-03,16
+35.736000E-03,16
+35.738000E-03,16
+35.740000E-03,16
+35.742000E-03,16
+35.744000E-03,16
+35.746000E-03,16
+35.748000E-03,16
+35.750000E-03,16
+35.752000E-03,16
+35.754000E-03,16
+35.756000E-03,16
+35.758000E-03,16
+35.760000E-03,16
+35.762000E-03,16
+35.764000E-03,16
+35.766000E-03,16
+35.768000E-03,16
+35.770000E-03,16
+35.772000E-03,16
+35.774000E-03,16
+35.776000E-03,16
+35.778000E-03,16
+35.780000E-03,16
+35.782000E-03,16
+35.784000E-03,16
+35.786000E-03,16
+35.788000E-03,16
+35.790000E-03,16
+35.792000E-03,16
+35.794000E-03,16
+35.796000E-03,16
+35.798000E-03,16
+35.800000E-03,16
+35.802000E-03,16
+35.804000E-03,16
+35.806000E-03,16
+35.808000E-03,16
+35.810000E-03,16
+35.812000E-03,16
+35.814000E-03,16
+35.816000E-03,16
+35.818000E-03,16
+35.820000E-03,16
+35.822000E-03,16
+35.824000E-03,16
+35.826000E-03,16
+35.828000E-03,16
+35.830000E-03,16
+35.832000E-03,16
+35.834000E-03,16
+35.836000E-03,16
+35.838000E-03,16
+35.840000E-03,16
+35.842000E-03,16
+35.844000E-03,16
+35.846000E-03,16
+35.848000E-03,16
+35.850000E-03,16
+35.852000E-03,16
+35.854000E-03,16
+35.856000E-03,16
+35.858000E-03,16
+35.860000E-03,16
+35.862000E-03,16
+35.864000E-03,16
+35.866000E-03,16
+35.868000E-03,16
+35.870000E-03,16
+35.872000E-03,16
+35.874000E-03,16
+35.876000E-03,16
+35.878000E-03,16
+35.880000E-03,16
+35.882000E-03,16
+35.884000E-03,16
+35.886000E-03,16
+35.888000E-03,16
+35.890000E-03,16
+35.892000E-03,16
+35.894000E-03,16
+35.896000E-03,16
+35.898000E-03,16
+35.900000E-03,16
+35.902000E-03,16
+35.904000E-03,16
+35.906000E-03,16
+35.908000E-03,16
+35.910000E-03,16
+35.912000E-03,16
+35.914000E-03,16
+35.916000E-03,16
+35.918000E-03,16
+35.920000E-03,16
+35.922000E-03,16
+35.924000E-03,16
+35.926000E-03,16
+35.928000E-03,16
+35.930000E-03,16
+35.932000E-03,16
+35.934000E-03,16
+35.936000E-03,16
+35.938000E-03,16
+35.940000E-03,16
+35.942000E-03,16
+35.944000E-03,16
+35.946000E-03,16
+35.948000E-03,16
+35.950000E-03,16
+35.952000E-03,16
+35.954000E-03,16
+35.956000E-03,16
+35.958000E-03,16
+35.960000E-03,16
+35.962000E-03,16
+35.964000E-03,16
+35.966000E-03,16
+35.968000E-03,16
+35.970000E-03,16
+35.972000E-03,16
+35.974000E-03,16
+35.976000E-03,16
+35.978000E-03,16
+35.980000E-03,16
+35.982000E-03,16
+35.984000E-03,16
+35.986000E-03,16
+35.988000E-03,16
+35.990000E-03,16
+35.992000E-03,16
+35.994000E-03,16
+35.996000E-03,16
+35.998000E-03,16
+36.000000E-03,16
+36.002000E-03,16
+36.004000E-03,16
+36.006000E-03,16
+36.008000E-03,16
+36.010000E-03,16
+36.012000E-03,16
+36.014000E-03,16
+36.016000E-03,16
+36.018000E-03,16
+36.020000E-03,16
+36.022000E-03,16
+36.024000E-03,16
+36.026000E-03,16
+36.028000E-03,16
+36.030000E-03,16
+36.032000E-03,16
+36.034000E-03,16
+36.036000E-03,16
+36.038000E-03,16
+36.040000E-03,16
+36.042000E-03,16
+36.044000E-03,16
+36.046000E-03,16
+36.048000E-03,16
+36.050000E-03,16
+36.052000E-03,16
+36.054000E-03,16
+36.056000E-03,16
+36.058000E-03,16
+36.060000E-03,16
+36.062000E-03,16
+36.064000E-03,16
+36.066000E-03,16
+36.068000E-03,16
+36.070000E-03,16
+36.072000E-03,16
+36.074000E-03,16
+36.076000E-03,16
+36.078000E-03,16
+36.080000E-03,16
+36.082000E-03,16
+36.084000E-03,16
+36.086000E-03,16
+36.088000E-03,16
+36.090000E-03,16
+36.092000E-03,16
+36.094000E-03,16
+36.096000E-03,16
+36.098000E-03,16
+36.100000E-03,16
+36.102000E-03,16
+36.104000E-03,16
+36.106000E-03,16
+36.108000E-03,16
+36.110000E-03,16
+36.112000E-03,16
+36.114000E-03,16
+36.116000E-03,16
+36.118000E-03,16
+36.120000E-03,16
+36.122000E-03,16
+36.124000E-03,16
+36.126000E-03,16
+36.128000E-03,16
+36.130000E-03,16
+36.132000E-03,16
+36.134000E-03,16
+36.136000E-03,16
+36.138000E-03,16
+36.140000E-03,16
+36.142000E-03,16
+36.144000E-03,16
+36.146000E-03,16
+36.148000E-03,16
+36.150000E-03,16
+36.152000E-03,16
+36.154000E-03,16
+36.156000E-03,16
+36.158000E-03,16
+36.160000E-03,16
+36.162000E-03,16
+36.164000E-03,16
+36.166000E-03,16
+36.168000E-03,16
+36.170000E-03,16
+36.172000E-03,16
+36.174000E-03,16
+36.176000E-03,16
+36.178000E-03,16
+36.180000E-03,16
+36.182000E-03,16
+36.184000E-03,16
+36.186000E-03,16
+36.188000E-03,16
+36.190000E-03,16
+36.192000E-03,16
+36.194000E-03,16
+36.196000E-03,16
+36.198000E-03,16
+36.200000E-03,16
+36.202000E-03,16
+36.204000E-03,16
+36.206000E-03,16
+36.208000E-03,16
+36.210000E-03,16
+36.212000E-03,16
+36.214000E-03,16
+36.216000E-03,16
+36.218000E-03,16
+36.220000E-03,16
+36.222000E-03,16
+36.224000E-03,16
+36.226000E-03,16
+36.228000E-03,16
+36.230000E-03,16
+36.232000E-03,16
+36.234000E-03,16
+36.236000E-03,16
+36.238000E-03,16
+36.240000E-03,16
+36.242000E-03,16
+36.244000E-03,16
+36.246000E-03,16
+36.248000E-03,16
+36.250000E-03,16
+36.252000E-03,16
+36.254000E-03,16
+36.256000E-03,16
+36.258000E-03,16
+36.260000E-03,16
+36.262000E-03,16
+36.264000E-03,16
+36.266000E-03,16
+36.268000E-03,16
+36.270000E-03,16
+36.272000E-03,16
+36.274000E-03,16
+36.276000E-03,16
+36.278000E-03,16
+36.280000E-03,16
+36.282000E-03,16
+36.284000E-03,16
+36.286000E-03,16
+36.288000E-03,16
+36.290000E-03,16
+36.292000E-03,16
+36.294000E-03,16
+36.296000E-03,16
+36.298000E-03,16
+36.300000E-03,16
+36.302000E-03,16
+36.304000E-03,16
+36.306000E-03,16
+36.308000E-03,16
+36.310000E-03,16
+36.312000E-03,16
+36.314000E-03,16
+36.316000E-03,16
+36.318000E-03,16
+36.320000E-03,16
+36.322000E-03,16
+36.324000E-03,16
+36.326000E-03,16
+36.328000E-03,16
+36.330000E-03,16
+36.332000E-03,16
+36.334000E-03,16
+36.336000E-03,16
+36.338000E-03,16
+36.340000E-03,16
+36.342000E-03,16
+36.344000E-03,16
+36.346000E-03,16
+36.348000E-03,16
+36.350000E-03,16
+36.352000E-03,16
+36.354000E-03,16
+36.356000E-03,16
+36.358000E-03,16
+36.360000E-03,16
+36.362000E-03,16
+36.364000E-03,16
+36.366000E-03,16
+36.368000E-03,16
+36.370000E-03,16
+36.372000E-03,16
+36.374000E-03,16
+36.376000E-03,16
+36.378000E-03,16
+36.380000E-03,16
+36.382000E-03,16
+36.384000E-03,16
+36.386000E-03,16
+36.388000E-03,16
+36.390000E-03,16
+36.392000E-03,16
+36.394000E-03,16
+36.396000E-03,16
+36.398000E-03,16
+36.400000E-03,16
+36.402000E-03,16
+36.404000E-03,16
+36.406000E-03,16
+36.408000E-03,16
+36.410000E-03,16
+36.412000E-03,16
+36.414000E-03,16
+36.416000E-03,16
+36.418000E-03,16
+36.420000E-03,16
+36.422000E-03,16
+36.424000E-03,16
+36.426000E-03,16
+36.428000E-03,16
+36.430000E-03,16
+36.432000E-03,16
+36.434000E-03,16
+36.436000E-03,16
+36.438000E-03,16
+36.440000E-03,16
+36.442000E-03,16
+36.444000E-03,16
+36.446000E-03,16
+36.448000E-03,16
+36.450000E-03,16
+36.452000E-03,16
+36.454000E-03,16
+36.456000E-03,16
+36.458000E-03,16
+36.460000E-03,16
+36.462000E-03,16
+36.464000E-03,16
+36.466000E-03,16
+36.468000E-03,16
+36.470000E-03,16
+36.472000E-03,16
+36.474000E-03,16
+36.476000E-03,16
+36.478000E-03,16
+36.480000E-03,16
+36.482000E-03,16
+36.484000E-03,16
+36.486000E-03,16
+36.488000E-03,16
+36.490000E-03,16
+36.492000E-03,16
+36.494000E-03,16
+36.496000E-03,16
+36.498000E-03,16
+36.500000E-03,16
+36.502000E-03,16
+36.504000E-03,16
+36.506000E-03,16
+36.508000E-03,16
+36.510000E-03,16
+36.512000E-03,16
+36.514000E-03,16
+36.516000E-03,16
+36.518000E-03,16
+36.520000E-03,16
+36.522000E-03,16
+36.524000E-03,16
+36.526000E-03,16
+36.528000E-03,16
+36.530000E-03,16
+36.532000E-03,16
+36.534000E-03,16
+36.536000E-03,16
+36.538000E-03,16
+36.540000E-03,16
+36.542000E-03,16
+36.544000E-03,16
+36.546000E-03,16
+36.548000E-03,16
+36.550000E-03,16
+36.552000E-03,16
+36.554000E-03,16
+36.556000E-03,16
+36.558000E-03,16
+36.560000E-03,16
+36.562000E-03,16
+36.564000E-03,16
+36.566000E-03,16
+36.568000E-03,16
+36.570000E-03,16
+36.572000E-03,16
+36.574000E-03,16
+36.576000E-03,16
+36.578000E-03,16
+36.580000E-03,16
+36.582000E-03,16
+36.584000E-03,16
+36.586000E-03,16
+36.588000E-03,16
+36.590000E-03,16
+36.592000E-03,16
+36.594000E-03,16
+36.596000E-03,16
+36.598000E-03,16
+36.600000E-03,16
+36.602000E-03,16
+36.604000E-03,16
+36.606000E-03,16
+36.608000E-03,16
+36.610000E-03,16
+36.612000E-03,16
+36.614000E-03,16
+36.616000E-03,16
+36.618000E-03,16
+36.620000E-03,16
+36.622000E-03,16
+36.624000E-03,16
+36.626000E-03,16
+36.628000E-03,16
+36.630000E-03,16
+36.632000E-03,16
+36.634000E-03,16
+36.636000E-03,16
+36.638000E-03,16
+36.640000E-03,16
+36.642000E-03,16
+36.644000E-03,16
+36.646000E-03,16
+36.648000E-03,16
+36.650000E-03,16
+36.652000E-03,16
+36.654000E-03,16
+36.656000E-03,16
+36.658000E-03,16
+36.660000E-03,16
+36.662000E-03,16
+36.664000E-03,16
+36.666000E-03,16
+36.668000E-03,16
+36.670000E-03,16
+36.672000E-03,16
+36.674000E-03,16
+36.676000E-03,16
+36.678000E-03,16
+36.680000E-03,16
+36.682000E-03,16
+36.684000E-03,16
+36.686000E-03,16
+36.688000E-03,16
+36.690000E-03,16
+36.692000E-03,16
+36.694000E-03,16
+36.696000E-03,16
+36.698000E-03,16
+36.700000E-03,16
+36.702000E-03,16
+36.704000E-03,16
+36.706000E-03,16
+36.708000E-03,16
+36.710000E-03,16
+36.712000E-03,16
+36.714000E-03,16
+36.716000E-03,16
+36.718000E-03,16
+36.720000E-03,16
+36.722000E-03,16
+36.724000E-03,16
+36.726000E-03,16
+36.728000E-03,16
+36.730000E-03,16
+36.732000E-03,16
+36.734000E-03,16
+36.736000E-03,16
+36.738000E-03,16
+36.740000E-03,16
+36.742000E-03,16
+36.744000E-03,16
+36.746000E-03,16
+36.748000E-03,16
+36.750000E-03,16
+36.752000E-03,16
+36.754000E-03,16
+36.756000E-03,16
+36.758000E-03,16
+36.760000E-03,16
+36.762000E-03,16
+36.764000E-03,16
+36.766000E-03,16
+36.768000E-03,16
+36.770000E-03,16
+36.772000E-03,16
+36.774000E-03,16
+36.776000E-03,16
+36.778000E-03,16
+36.780000E-03,16
+36.782000E-03,16
+36.784000E-03,16
+36.786000E-03,16
+36.788000E-03,16
+36.790000E-03,16
+36.792000E-03,16
+36.794000E-03,16
+36.796000E-03,16
+36.798000E-03,16
+36.800000E-03,16
+36.802000E-03,16
+36.804000E-03,16
+36.806000E-03,16
+36.808000E-03,16
+36.810000E-03,16
+36.812000E-03,16
+36.814000E-03,16
+36.816000E-03,16
+36.818000E-03,16
+36.820000E-03,16
+36.822000E-03,16
+36.824000E-03,16
+36.826000E-03,16
+36.828000E-03,16
+36.830000E-03,16
+36.832000E-03,16
+36.834000E-03,16
+36.836000E-03,16
+36.838000E-03,16
+36.840000E-03,16
+36.842000E-03,16
+36.844000E-03,16
+36.846000E-03,16
+36.848000E-03,16
+36.850000E-03,16
+36.852000E-03,16
+36.854000E-03,16
+36.856000E-03,16
+36.858000E-03,16
+36.860000E-03,16
+36.862000E-03,16
+36.864000E-03,16
+36.866000E-03,16
+36.868000E-03,16
+36.870000E-03,16
+36.872000E-03,16
+36.874000E-03,16
+36.876000E-03,16
+36.878000E-03,16
+36.880000E-03,16
+36.882000E-03,16
+36.884000E-03,16
+36.886000E-03,16
+36.888000E-03,16
+36.890000E-03,16
+36.892000E-03,16
+36.894000E-03,16
+36.896000E-03,16
+36.898000E-03,16
+36.900000E-03,16
+36.902000E-03,16
+36.904000E-03,16
+36.906000E-03,16
+36.908000E-03,16
+36.910000E-03,16
+36.912000E-03,16
+36.914000E-03,16
+36.916000E-03,16
+36.918000E-03,16
+36.920000E-03,16
+36.922000E-03,16
+36.924000E-03,16
+36.926000E-03,16
+36.928000E-03,16
+36.930000E-03,16
+36.932000E-03,16
+36.934000E-03,16
+36.936000E-03,16
+36.938000E-03,16
+36.940000E-03,16
+36.942000E-03,16
+36.944000E-03,16
+36.946000E-03,16
+36.948000E-03,16
+36.950000E-03,16
+36.952000E-03,16
+36.954000E-03,16
+36.956000E-03,16
+36.958000E-03,16
+36.960000E-03,16
+36.962000E-03,16
+36.964000E-03,16
+36.966000E-03,16
+36.968000E-03,16
+36.970000E-03,16
+36.972000E-03,16
+36.974000E-03,16
+36.976000E-03,16
+36.978000E-03,16
+36.980000E-03,16
+36.982000E-03,16
+36.984000E-03,16
+36.986000E-03,16
+36.988000E-03,16
+36.990000E-03,16
+36.992000E-03,16
+36.994000E-03,16
+36.996000E-03,16
+36.998000E-03,16
+37.000000E-03,16
+37.002000E-03,16
+37.004000E-03,16
+37.006000E-03,16
+37.008000E-03,16
+37.010000E-03,16
+37.012000E-03,16
+37.014000E-03,16
+37.016000E-03,16
+37.018000E-03,16
+37.020000E-03,16
+37.022000E-03,16
+37.024000E-03,16
+37.026000E-03,16
+37.028000E-03,16
+37.030000E-03,16
+37.032000E-03,16
+37.034000E-03,16
+37.036000E-03,16
+37.038000E-03,16
+37.040000E-03,16
+37.042000E-03,16
+37.044000E-03,16
+37.046000E-03,16
+37.048000E-03,16
+37.050000E-03,16
+37.052000E-03,16
+37.054000E-03,16
+37.056000E-03,16
+37.058000E-03,16
+37.060000E-03,16
+37.062000E-03,16
+37.064000E-03,16
+37.066000E-03,16
+37.068000E-03,16
+37.070000E-03,16
+37.072000E-03,16
+37.074000E-03,16
+37.076000E-03,16
+37.078000E-03,16
+37.080000E-03,16
+37.082000E-03,16
+37.084000E-03,16
+37.086000E-03,16
+37.088000E-03,16
+37.090000E-03,16
+37.092000E-03,16
+37.094000E-03,16
+37.096000E-03,16
+37.098000E-03,16
+37.100000E-03,16
+37.102000E-03,16
+37.104000E-03,16
+37.106000E-03,16
+37.108000E-03,16
+37.110000E-03,16
+37.112000E-03,16
+37.114000E-03,16
+37.116000E-03,16
+37.118000E-03,16
+37.120000E-03,16
+37.122000E-03,16
+37.124000E-03,16
+37.126000E-03,16
+37.128000E-03,16
+37.130000E-03,16
+37.132000E-03,16
+37.134000E-03,16
+37.136000E-03,16
+37.138000E-03,16
+37.140000E-03,16
+37.142000E-03,16
+37.144000E-03,16
+37.146000E-03,16
+37.148000E-03,16
+37.150000E-03,16
+37.152000E-03,16
+37.154000E-03,16
+37.156000E-03,16
+37.158000E-03,16
+37.160000E-03,16
+37.162000E-03,16
+37.164000E-03,16
+37.166000E-03,16
+37.168000E-03,16
+37.170000E-03,16
+37.172000E-03,16
+37.174000E-03,16
+37.176000E-03,16
+37.178000E-03,16
+37.180000E-03,16
+37.182000E-03,16
+37.184000E-03,16
+37.186000E-03,16
+37.188000E-03,16
+37.190000E-03,16
+37.192000E-03,16
+37.194000E-03,16
+37.196000E-03,16
+37.198000E-03,16
+37.200000E-03,16
+37.202000E-03,16
+37.204000E-03,16
+37.206000E-03,16
+37.208000E-03,16
+37.210000E-03,16
+37.212000E-03,16
+37.214000E-03,16
+37.216000E-03,16
+37.218000E-03,16
+37.220000E-03,16
+37.222000E-03,16
+37.224000E-03,16
+37.226000E-03,16
+37.228000E-03,16
+37.230000E-03,16
+37.232000E-03,16
+37.234000E-03,16
+37.236000E-03,16
+37.238000E-03,16
+37.240000E-03,16
+37.242000E-03,16
+37.244000E-03,16
+37.246000E-03,16
+37.248000E-03,16
+37.250000E-03,16
+37.252000E-03,16
+37.254000E-03,16
+37.256000E-03,16
+37.258000E-03,16
+37.260000E-03,16
+37.262000E-03,16
+37.264000E-03,16
+37.266000E-03,16
+37.268000E-03,16
+37.270000E-03,16
+37.272000E-03,16
+37.274000E-03,16
+37.276000E-03,16
+37.278000E-03,16
+37.280000E-03,16
+37.282000E-03,16
+37.284000E-03,16
+37.286000E-03,16
+37.288000E-03,16
+37.290000E-03,16
+37.292000E-03,16
+37.294000E-03,16
+37.296000E-03,16
+37.298000E-03,16
+37.300000E-03,16
+37.302000E-03,16
+37.304000E-03,16
+37.306000E-03,16
+37.308000E-03,16
+37.310000E-03,16
+37.312000E-03,16
+37.314000E-03,16
+37.316000E-03,16
+37.318000E-03,16
+37.320000E-03,16
+37.322000E-03,16
+37.324000E-03,16
+37.326000E-03,16
+37.328000E-03,16
+37.330000E-03,16
+37.332000E-03,16
+37.334000E-03,16
+37.336000E-03,16
+37.338000E-03,16
+37.340000E-03,16
+37.342000E-03,16
+37.344000E-03,16
+37.346000E-03,16
+37.348000E-03,16
+37.350000E-03,16
+37.352000E-03,16
+37.354000E-03,16
+37.356000E-03,16
+37.358000E-03,16
+37.360000E-03,16
+37.362000E-03,16
+37.364000E-03,16
+37.366000E-03,16
+37.368000E-03,16
+37.370000E-03,16
+37.372000E-03,16
+37.374000E-03,16
+37.376000E-03,16
+37.378000E-03,16
+37.380000E-03,16
+37.382000E-03,16
+37.384000E-03,16
+37.386000E-03,16
+37.388000E-03,16
+37.390000E-03,16
+37.392000E-03,16
+37.394000E-03,16
+37.396000E-03,16
+37.398000E-03,16
+37.400000E-03,16
+37.402000E-03,16
+37.404000E-03,16
+37.406000E-03,16
+37.408000E-03,16
+37.410000E-03,16
+37.412000E-03,16
+37.414000E-03,16
+37.416000E-03,16
+37.418000E-03,16
+37.420000E-03,16
+37.422000E-03,16
+37.424000E-03,16
+37.426000E-03,16
+37.428000E-03,16
+37.430000E-03,16
+37.432000E-03,16
+37.434000E-03,16
+37.436000E-03,16
+37.438000E-03,16
+37.440000E-03,16
+37.442000E-03,16
+37.444000E-03,16
+37.446000E-03,16
+37.448000E-03,16
+37.450000E-03,16
+37.452000E-03,16
+37.454000E-03,16
+37.456000E-03,16
+37.458000E-03,16
+37.460000E-03,16
+37.462000E-03,16
+37.464000E-03,16
+37.466000E-03,16
+37.468000E-03,16
+37.470000E-03,16
+37.472000E-03,16
+37.474000E-03,16
+37.476000E-03,16
+37.478000E-03,16
+37.480000E-03,16
+37.482000E-03,16
+37.484000E-03,16
+37.486000E-03,16
+37.488000E-03,16
+37.490000E-03,16
+37.492000E-03,16
+37.494000E-03,16
+37.496000E-03,16
+37.498000E-03,16
+37.500000E-03,16
+37.502000E-03,16
+37.504000E-03,16
+37.506000E-03,16
+37.508000E-03,16
+37.510000E-03,16
+37.512000E-03,16
+37.514000E-03,16
+37.516000E-03,16
+37.518000E-03,16
+37.520000E-03,16
+37.522000E-03,16
+37.524000E-03,16
+37.526000E-03,16
+37.528000E-03,16
+37.530000E-03,16
+37.532000E-03,16
+37.534000E-03,16
+37.536000E-03,16
+37.538000E-03,16
+37.540000E-03,16
+37.542000E-03,16
+37.544000E-03,16
+37.546000E-03,16
+37.548000E-03,16
+37.550000E-03,16
+37.552000E-03,16
+37.554000E-03,16
+37.556000E-03,16
+37.558000E-03,16
+37.560000E-03,16
+37.562000E-03,16
+37.564000E-03,16
+37.566000E-03,16
+37.568000E-03,16
+37.570000E-03,16
+37.572000E-03,16
+37.574000E-03,16
+37.576000E-03,16
+37.578000E-03,16
+37.580000E-03,16
+37.582000E-03,16
+37.584000E-03,16
+37.586000E-03,16
+37.588000E-03,16
+37.590000E-03,16
+37.592000E-03,16
+37.594000E-03,16
+37.596000E-03,16
+37.598000E-03,16
+37.600000E-03,16
+37.602000E-03,16
+37.604000E-03,16
+37.606000E-03,16
+37.608000E-03,16
+37.610000E-03,16
+37.612000E-03,16
+37.614000E-03,16
+37.616000E-03,16
+37.618000E-03,16
+37.620000E-03,16
+37.622000E-03,16
+37.624000E-03,16
+37.626000E-03,16
+37.628000E-03,16
+37.630000E-03,16
+37.632000E-03,16
+37.634000E-03,16
+37.636000E-03,16
+37.638000E-03,16
+37.640000E-03,16
+37.642000E-03,16
+37.644000E-03,16
+37.646000E-03,16
+37.648000E-03,16
+37.650000E-03,16
+37.652000E-03,16
+37.654000E-03,16
+37.656000E-03,16
+37.658000E-03,16
+37.660000E-03,16
+37.662000E-03,16
+37.664000E-03,16
+37.666000E-03,16
+37.668000E-03,16
+37.670000E-03,16
+37.672000E-03,16
+37.674000E-03,16
+37.676000E-03,16
+37.678000E-03,16
+37.680000E-03,16
+37.682000E-03,16
+37.684000E-03,16
+37.686000E-03,16
+37.688000E-03,16
+37.690000E-03,16
+37.692000E-03,16
+37.694000E-03,16
+37.696000E-03,16
+37.698000E-03,16
+37.700000E-03,16
+37.702000E-03,16
+37.704000E-03,16
+37.706000E-03,16
+37.708000E-03,16
+37.710000E-03,16
+37.712000E-03,16
+37.714000E-03,16
+37.716000E-03,16
+37.718000E-03,16
+37.720000E-03,16
+37.722000E-03,16
+37.724000E-03,16
+37.726000E-03,16
+37.728000E-03,16
+37.730000E-03,16
+37.732000E-03,16
+37.734000E-03,16
+37.736000E-03,16
+37.738000E-03,16
+37.740000E-03,16
+37.742000E-03,16
+37.744000E-03,16
+37.746000E-03,16
+37.748000E-03,16
+37.750000E-03,16
+37.752000E-03,16
+37.754000E-03,16
+37.756000E-03,16
+37.758000E-03,16
+37.760000E-03,16
+37.762000E-03,16
+37.764000E-03,16
+37.766000E-03,16
+37.768000E-03,16
+37.770000E-03,16
+37.772000E-03,16
+37.774000E-03,16
+37.776000E-03,16
+37.778000E-03,16
+37.780000E-03,16
+37.782000E-03,16
+37.784000E-03,16
+37.786000E-03,16
+37.788000E-03,16
+37.790000E-03,16
+37.792000E-03,16
+37.794000E-03,16
+37.796000E-03,16
+37.798000E-03,16
+37.800000E-03,16
+37.802000E-03,16
+37.804000E-03,16
+37.806000E-03,16
+37.808000E-03,16
+37.810000E-03,16
+37.812000E-03,16
+37.814000E-03,16
+37.816000E-03,16
+37.818000E-03,16
+37.820000E-03,16
+37.822000E-03,16
+37.824000E-03,16
+37.826000E-03,16
+37.828000E-03,16
+37.830000E-03,16
+37.832000E-03,16
+37.834000E-03,16
+37.836000E-03,16
+37.838000E-03,16
+37.840000E-03,16
+37.842000E-03,16
+37.844000E-03,16
+37.846000E-03,16
+37.848000E-03,16
+37.850000E-03,16
+37.852000E-03,16
+37.854000E-03,16
+37.856000E-03,16
+37.858000E-03,16
+37.860000E-03,16
+37.862000E-03,16
+37.864000E-03,16
+37.866000E-03,16
+37.868000E-03,16
+37.870000E-03,16
+37.872000E-03,16
+37.874000E-03,16
+37.876000E-03,16
+37.878000E-03,16
+37.880000E-03,16
+37.882000E-03,16
+37.884000E-03,16
+37.886000E-03,16
+37.888000E-03,16
+37.890000E-03,16
+37.892000E-03,16
+37.894000E-03,16
+37.896000E-03,16
+37.898000E-03,16
+37.900000E-03,16
+37.902000E-03,16
+37.904000E-03,16
+37.906000E-03,16
+37.908000E-03,16
+37.910000E-03,16
+37.912000E-03,16
+37.914000E-03,16
+37.916000E-03,16
+37.918000E-03,16
+37.920000E-03,16
+37.922000E-03,16
+37.924000E-03,16
+37.926000E-03,16
+37.928000E-03,16
+37.930000E-03,16
+37.932000E-03,16
+37.934000E-03,16
+37.936000E-03,16
+37.938000E-03,16
+37.940000E-03,16
+37.942000E-03,16
+37.944000E-03,16
+37.946000E-03,16
+37.948000E-03,16
+37.950000E-03,16
+37.952000E-03,16
+37.954000E-03,16
+37.956000E-03,16
+37.958000E-03,16
+37.960000E-03,16
+37.962000E-03,16
+37.964000E-03,16
+37.966000E-03,16
+37.968000E-03,16
+37.970000E-03,16
+37.972000E-03,16
+37.974000E-03,16
+37.976000E-03,16
+37.978000E-03,16
+37.980000E-03,16
+37.982000E-03,16
+37.984000E-03,16
+37.986000E-03,16
+37.988000E-03,16
+37.990000E-03,16
+37.992000E-03,16
+37.994000E-03,16
+37.996000E-03,16
+37.998000E-03,16
+38.000000E-03,16
+38.002000E-03,16
+38.004000E-03,16
+38.006000E-03,16
+38.008000E-03,16
+38.010000E-03,16
+38.012000E-03,16
+38.014000E-03,16
+38.016000E-03,16
+38.018000E-03,16
+38.020000E-03,16
+38.022000E-03,16
+38.024000E-03,16
+38.026000E-03,16
+38.028000E-03,16
+38.030000E-03,16
+38.032000E-03,16
+38.034000E-03,16
+38.036000E-03,16
+38.038000E-03,16
+38.040000E-03,16
+38.042000E-03,16
+38.044000E-03,16
+38.046000E-03,16
+38.048000E-03,16
+38.050000E-03,16
+38.052000E-03,16
+38.054000E-03,16
+38.056000E-03,16
+38.058000E-03,16
+38.060000E-03,16
+38.062000E-03,16
+38.064000E-03,16
+38.066000E-03,16
+38.068000E-03,16
+38.070000E-03,16
+38.072000E-03,16
+38.074000E-03,16
+38.076000E-03,16
+38.078000E-03,16
+38.080000E-03,16
+38.082000E-03,16
+38.084000E-03,16
+38.086000E-03,16
+38.088000E-03,16
+38.090000E-03,16
+38.092000E-03,16
+38.094000E-03,16
+38.096000E-03,16
+38.098000E-03,16
+38.100000E-03,16
+38.102000E-03,16
+38.104000E-03,16
+38.106000E-03,16
+38.108000E-03,16
+38.110000E-03,16
+38.112000E-03,16
+38.114000E-03,16
+38.116000E-03,16
+38.118000E-03,16
+38.120000E-03,16
+38.122000E-03,16
+38.124000E-03,16
+38.126000E-03,16
+38.128000E-03,16
+38.130000E-03,16
+38.132000E-03,16
+38.134000E-03,16
+38.136000E-03,16
+38.138000E-03,16
+38.140000E-03,16
+38.142000E-03,16
+38.144000E-03,16
+38.146000E-03,16
+38.148000E-03,16
+38.150000E-03,16
+38.152000E-03,16
+38.154000E-03,16
+38.156000E-03,16
+38.158000E-03,16
+38.160000E-03,16
+38.162000E-03,16
+38.164000E-03,16
+38.166000E-03,16
+38.168000E-03,16
+38.170000E-03,16
+38.172000E-03,16
+38.174000E-03,16
+38.176000E-03,16
+38.178000E-03,16
+38.180000E-03,16
+38.182000E-03,16
+38.184000E-03,16
+38.186000E-03,16
+38.188000E-03,16
+38.190000E-03,16
+38.192000E-03,16
+38.194000E-03,16
+38.196000E-03,16
+38.198000E-03,16
+38.200000E-03,16
+38.202000E-03,16
+38.204000E-03,16
+38.206000E-03,16
+38.208000E-03,16
+38.210000E-03,16
+38.212000E-03,16
+38.214000E-03,16
+38.216000E-03,16
+38.218000E-03,16
+38.220000E-03,16
+38.222000E-03,16
+38.224000E-03,16
+38.226000E-03,16
+38.228000E-03,16
+38.230000E-03,16
+38.232000E-03,16
+38.234000E-03,16
+38.236000E-03,16
+38.238000E-03,16
+38.240000E-03,16
+38.242000E-03,16
+38.244000E-03,16
+38.246000E-03,16
+38.248000E-03,16
+38.250000E-03,16
+38.252000E-03,16
+38.254000E-03,16
+38.256000E-03,16
+38.258000E-03,16
+38.260000E-03,16
+38.262000E-03,16
+38.264000E-03,16
+38.266000E-03,16
+38.268000E-03,16
+38.270000E-03,16
+38.272000E-03,16
+38.274000E-03,16
+38.276000E-03,16
+38.278000E-03,16
+38.280000E-03,16
+38.282000E-03,16
+38.284000E-03,16
+38.286000E-03,16
+38.288000E-03,16
+38.290000E-03,16
+38.292000E-03,16
+38.294000E-03,16
+38.296000E-03,16
+38.298000E-03,16
+38.300000E-03,16
+38.302000E-03,16
+38.304000E-03,16
+38.306000E-03,16
+38.308000E-03,16
+38.310000E-03,16
+38.312000E-03,16
+38.314000E-03,16
+38.316000E-03,16
+38.318000E-03,16
+38.320000E-03,16
+38.322000E-03,16
+38.324000E-03,16
+38.326000E-03,16
+38.328000E-03,16
+38.330000E-03,16
+38.332000E-03,16
+38.334000E-03,16
+38.336000E-03,16
+38.338000E-03,16
+38.340000E-03,16
+38.342000E-03,16
+38.344000E-03,16
+38.346000E-03,16
+38.348000E-03,16
+38.350000E-03,16
+38.352000E-03,16
+38.354000E-03,16
+38.356000E-03,16
+38.358000E-03,16
+38.360000E-03,16
+38.362000E-03,16
+38.364000E-03,16
+38.366000E-03,16
+38.368000E-03,16
+38.370000E-03,16
+38.372000E-03,16
+38.374000E-03,16
+38.376000E-03,16
+38.378000E-03,16
+38.380000E-03,16
+38.382000E-03,16
+38.384000E-03,16
+38.386000E-03,16
+38.388000E-03,16
+38.390000E-03,16
+38.392000E-03,16
+38.394000E-03,16
+38.396000E-03,16
+38.398000E-03,16
+38.400000E-03,16
+38.402000E-03,16
+38.404000E-03,16
+38.406000E-03,16
+38.408000E-03,16
+38.410000E-03,16
+38.412000E-03,16
+38.414000E-03,16
+38.416000E-03,16
+38.418000E-03,16
+38.420000E-03,16
+38.422000E-03,16
+38.424000E-03,16
+38.426000E-03,16
+38.428000E-03,16
+38.430000E-03,16
+38.432000E-03,16
+38.434000E-03,16
+38.436000E-03,16
+38.438000E-03,16
+38.440000E-03,16
+38.442000E-03,16
+38.444000E-03,16
+38.446000E-03,16
+38.448000E-03,16
+38.450000E-03,16
+38.452000E-03,16
+38.454000E-03,16
+38.456000E-03,16
+38.458000E-03,16
+38.460000E-03,16
+38.462000E-03,16
+38.464000E-03,16
+38.466000E-03,16
+38.468000E-03,16
+38.470000E-03,16
+38.472000E-03,16
+38.474000E-03,16
+38.476000E-03,16
+38.478000E-03,16
+38.480000E-03,16
+38.482000E-03,16
+38.484000E-03,16
+38.486000E-03,16
+38.488000E-03,16
+38.490000E-03,16
+38.492000E-03,16
+38.494000E-03,16
+38.496000E-03,16
+38.498000E-03,16
+38.500000E-03,16
+38.502000E-03,16
+38.504000E-03,16
+38.506000E-03,16
+38.508000E-03,16
+38.510000E-03,16
+38.512000E-03,16
+38.514000E-03,16
+38.516000E-03,16
+38.518000E-03,16
+38.520000E-03,16
+38.522000E-03,16
+38.524000E-03,16
+38.526000E-03,16
+38.528000E-03,16
+38.530000E-03,16
+38.532000E-03,16
+38.534000E-03,16
+38.536000E-03,16
+38.538000E-03,16
+38.540000E-03,16
+38.542000E-03,16
+38.544000E-03,16
+38.546000E-03,16
+38.548000E-03,16
+38.550000E-03,16
+38.552000E-03,16
+38.554000E-03,16
+38.556000E-03,16
+38.558000E-03,16
+38.560000E-03,16
+38.562000E-03,16
+38.564000E-03,16
+38.566000E-03,16
+38.568000E-03,16
+38.570000E-03,16
+38.572000E-03,16
+38.574000E-03,16
+38.576000E-03,16
+38.578000E-03,16
+38.580000E-03,16
+38.582000E-03,16
+38.584000E-03,16
+38.586000E-03,16
+38.588000E-03,16
+38.590000E-03,16
+38.592000E-03,16
+38.594000E-03,16
+38.596000E-03,16
+38.598000E-03,16
+38.600000E-03,16
+38.602000E-03,16
+38.604000E-03,16
+38.606000E-03,16
+38.608000E-03,16
+38.610000E-03,16
+38.612000E-03,16
+38.614000E-03,16
+38.616000E-03,16
+38.618000E-03,16
+38.620000E-03,16
+38.622000E-03,16
+38.624000E-03,16
+38.626000E-03,16
+38.628000E-03,16
+38.630000E-03,16
+38.632000E-03,16
+38.634000E-03,16
+38.636000E-03,16
+38.638000E-03,16
+38.640000E-03,16
+38.642000E-03,16
+38.644000E-03,16
+38.646000E-03,16
+38.648000E-03,16
+38.650000E-03,16
+38.652000E-03,16
+38.654000E-03,16
+38.656000E-03,16
+38.658000E-03,16
+38.660000E-03,16
+38.662000E-03,16
+38.664000E-03,16
+38.666000E-03,16
+38.668000E-03,16
+38.670000E-03,16
+38.672000E-03,16
+38.674000E-03,16
+38.676000E-03,16
+38.678000E-03,16
+38.680000E-03,16
+38.682000E-03,16
+38.684000E-03,16
+38.686000E-03,16
+38.688000E-03,16
+38.690000E-03,16
+38.692000E-03,16
+38.694000E-03,16
+38.696000E-03,16
+38.698000E-03,16
+38.700000E-03,16
+38.702000E-03,16
+38.704000E-03,16
+38.706000E-03,16
+38.708000E-03,16
+38.710000E-03,16
+38.712000E-03,16
+38.714000E-03,16
+38.716000E-03,16
+38.718000E-03,16
+38.720000E-03,16
+38.722000E-03,16
+38.724000E-03,16
+38.726000E-03,16
+38.728000E-03,16
+38.730000E-03,16
+38.732000E-03,16
+38.734000E-03,16
+38.736000E-03,16
+38.738000E-03,16
+38.740000E-03,16
+38.742000E-03,16
+38.744000E-03,16
+38.746000E-03,16
+38.748000E-03,16
+38.750000E-03,16
+38.752000E-03,16
+38.754000E-03,16
+38.756000E-03,16
+38.758000E-03,16
+38.760000E-03,16
+38.762000E-03,16
+38.764000E-03,16
+38.766000E-03,16
+38.768000E-03,16
+38.770000E-03,16
+38.772000E-03,16
+38.774000E-03,16
+38.776000E-03,16
+38.778000E-03,16
+38.780000E-03,16
+38.782000E-03,16
+38.784000E-03,16
+38.786000E-03,16
+38.788000E-03,16
+38.790000E-03,16
+38.792000E-03,16
+38.794000E-03,16
+38.796000E-03,16
+38.798000E-03,16
+38.800000E-03,16
+38.802000E-03,16
+38.804000E-03,16
+38.806000E-03,16
+38.808000E-03,16
+38.810000E-03,16
+38.812000E-03,16
+38.814000E-03,16
+38.816000E-03,16
+38.818000E-03,16
+38.820000E-03,16
+38.822000E-03,16
+38.824000E-03,16
+38.826000E-03,16
+38.828000E-03,16
+38.830000E-03,16
+38.832000E-03,16
+38.834000E-03,16
+38.836000E-03,16
+38.838000E-03,16
+38.840000E-03,16
+38.842000E-03,16
+38.844000E-03,16
+38.846000E-03,16
+38.848000E-03,16
+38.850000E-03,16
+38.852000E-03,16
+38.854000E-03,16
+38.856000E-03,16
+38.858000E-03,16
+38.860000E-03,16
+38.862000E-03,16
+38.864000E-03,16
+38.866000E-03,16
+38.868000E-03,16
+38.870000E-03,16
+38.872000E-03,16
+38.874000E-03,16
+38.876000E-03,16
+38.878000E-03,16
+38.880000E-03,16
+38.882000E-03,16
+38.884000E-03,16
+38.886000E-03,16
+38.888000E-03,16
+38.890000E-03,16
+38.892000E-03,16
+38.894000E-03,16
+38.896000E-03,16
+38.898000E-03,16
+38.900000E-03,16
+38.902000E-03,16
+38.904000E-03,16
+38.906000E-03,16
+38.908000E-03,16
+38.910000E-03,16
+38.912000E-03,16
+38.914000E-03,16
+38.916000E-03,16
+38.918000E-03,16
+38.920000E-03,16
+38.922000E-03,16
+38.924000E-03,16
+38.926000E-03,16
+38.928000E-03,16
+38.930000E-03,16
+38.932000E-03,16
+38.934000E-03,16
+38.936000E-03,16
+38.938000E-03,16
+38.940000E-03,16
+38.942000E-03,16
+38.944000E-03,16
+38.946000E-03,16
+38.948000E-03,16
+38.950000E-03,16
+38.952000E-03,16
+38.954000E-03,16
+38.956000E-03,16
+38.958000E-03,16
+38.960000E-03,16
+38.962000E-03,16
+38.964000E-03,16
+38.966000E-03,16
+38.968000E-03,16
+38.970000E-03,16
+38.972000E-03,16
+38.974000E-03,16
+38.976000E-03,16
+38.978000E-03,16
+38.980000E-03,16
+38.982000E-03,16
+38.984000E-03,16
+38.986000E-03,16
+38.988000E-03,16
+38.990000E-03,16
+38.992000E-03,16
+38.994000E-03,16
+38.996000E-03,16
+38.998000E-03,16
+39.000000E-03,16
+39.002000E-03,16
+39.004000E-03,16
+39.006000E-03,16
+39.008000E-03,16
+39.010000E-03,16
+39.012000E-03,16
+39.014000E-03,16
+39.016000E-03,16
+39.018000E-03,16
+39.020000E-03,16
+39.022000E-03,16
+39.024000E-03,16
+39.026000E-03,16
+39.028000E-03,16
+39.030000E-03,16
+39.032000E-03,16
+39.034000E-03,16
+39.036000E-03,16
+39.038000E-03,16
+39.040000E-03,16
+39.042000E-03,16
+39.044000E-03,16
+39.046000E-03,16
+39.048000E-03,16
+39.050000E-03,16
+39.052000E-03,16
+39.054000E-03,16
+39.056000E-03,16
+39.058000E-03,16
+39.060000E-03,16
+39.062000E-03,16
+39.064000E-03,16
+39.066000E-03,16
+39.068000E-03,16
+39.070000E-03,16
+39.072000E-03,16
+39.074000E-03,16
+39.076000E-03,16
+39.078000E-03,16
+39.080000E-03,16
+39.082000E-03,16
+39.084000E-03,16
+39.086000E-03,16
+39.088000E-03,16
+39.090000E-03,16
+39.092000E-03,16
+39.094000E-03,16
+39.096000E-03,16
+39.098000E-03,16
+39.100000E-03,16
+39.102000E-03,16
+39.104000E-03,16
+39.106000E-03,16
+39.108000E-03,16
+39.110000E-03,16
+39.112000E-03,16
+39.114000E-03,16
+39.116000E-03,16
+39.118000E-03,16
+39.120000E-03,16
+39.122000E-03,16
+39.124000E-03,16
+39.126000E-03,16
+39.128000E-03,16
+39.130000E-03,16
+39.132000E-03,16
+39.134000E-03,16
+39.136000E-03,16
+39.138000E-03,16
+39.140000E-03,16
+39.142000E-03,16
+39.144000E-03,16
+39.146000E-03,16
+39.148000E-03,16
+39.150000E-03,16
+39.152000E-03,16
+39.154000E-03,16
+39.156000E-03,16
+39.158000E-03,16
+39.160000E-03,16
+39.162000E-03,16
+39.164000E-03,16
+39.166000E-03,16
+39.168000E-03,16
+39.170000E-03,16
+39.172000E-03,16
+39.174000E-03,16
+39.176000E-03,16
+39.178000E-03,16
+39.180000E-03,16
+39.182000E-03,16
+39.184000E-03,16
+39.186000E-03,16
+39.188000E-03,16
+39.190000E-03,16
+39.192000E-03,16
+39.194000E-03,16
+39.196000E-03,16
+39.198000E-03,16
+39.200000E-03,16
+39.202000E-03,16
+39.204000E-03,16
+39.206000E-03,16
+39.208000E-03,16
+39.210000E-03,16
+39.212000E-03,16
+39.214000E-03,16
+39.216000E-03,16
+39.218000E-03,16
+39.220000E-03,16
+39.222000E-03,16
+39.224000E-03,16
+39.226000E-03,16
+39.228000E-03,16
+39.230000E-03,16
+39.232000E-03,16
+39.234000E-03,16
+39.236000E-03,16
+39.238000E-03,16
+39.240000E-03,16
+39.242000E-03,16
+39.244000E-03,16
+39.246000E-03,16
+39.248000E-03,16
+39.250000E-03,16
+39.252000E-03,16
+39.254000E-03,16
+39.256000E-03,16
+39.258000E-03,16
+39.260000E-03,16
+39.262000E-03,16
+39.264000E-03,16
+39.266000E-03,16
+39.268000E-03,16
+39.270000E-03,16
+39.272000E-03,16
+39.274000E-03,16
+39.276000E-03,16
+39.278000E-03,16
+39.280000E-03,16
+39.282000E-03,16
+39.284000E-03,16
+39.286000E-03,16
+39.288000E-03,16
+39.290000E-03,16
+39.292000E-03,16
+39.294000E-03,16
+39.296000E-03,16
+39.298000E-03,16
+39.300000E-03,16
+39.302000E-03,16
+39.304000E-03,16
+39.306000E-03,16
+39.308000E-03,16
+39.310000E-03,16
+39.312000E-03,16
+39.314000E-03,16
+39.316000E-03,16
+39.318000E-03,16
+39.320000E-03,16
+39.322000E-03,16
+39.324000E-03,16
+39.326000E-03,16
+39.328000E-03,16
+39.330000E-03,16
+39.332000E-03,16
+39.334000E-03,16
+39.336000E-03,16
+39.338000E-03,16
+39.340000E-03,16
+39.342000E-03,16
+39.344000E-03,16
+39.346000E-03,16
+39.348000E-03,16
+39.350000E-03,16
+39.352000E-03,16
+39.354000E-03,16
+39.356000E-03,16
+39.358000E-03,16
+39.360000E-03,16
+39.362000E-03,16
+39.364000E-03,16
+39.366000E-03,16
+39.368000E-03,16
+39.370000E-03,16
+39.372000E-03,16
+39.374000E-03,16
+39.376000E-03,16
+39.378000E-03,16
+39.380000E-03,16
+39.382000E-03,16
+39.384000E-03,16
+39.386000E-03,16
+39.388000E-03,16
+39.390000E-03,16
+39.392000E-03,16
+39.394000E-03,16
+39.396000E-03,16
+39.398000E-03,16
+39.400000E-03,16
+39.402000E-03,16
+39.404000E-03,16
+39.406000E-03,16
+39.408000E-03,16
+39.410000E-03,16
+39.412000E-03,16
+39.414000E-03,16
+39.416000E-03,16
+39.418000E-03,16
+39.420000E-03,16
+39.422000E-03,16
+39.424000E-03,16
+39.426000E-03,16
+39.428000E-03,16
+39.430000E-03,16
+39.432000E-03,16
+39.434000E-03,16
+39.436000E-03,16
+39.438000E-03,16
+39.440000E-03,16
+39.442000E-03,16
+39.444000E-03,16
+39.446000E-03,16
+39.448000E-03,16
+39.450000E-03,16
+39.452000E-03,16
+39.454000E-03,16
+39.456000E-03,16
+39.458000E-03,16
+39.460000E-03,16
+39.462000E-03,16
+39.464000E-03,16
+39.466000E-03,16
+39.468000E-03,16
+39.470000E-03,16
+39.472000E-03,16
+39.474000E-03,16
+39.476000E-03,16
+39.478000E-03,16
+39.480000E-03,16
+39.482000E-03,16
+39.484000E-03,16
+39.486000E-03,16
+39.488000E-03,16
+39.490000E-03,16
+39.492000E-03,16
+39.494000E-03,16
+39.496000E-03,16
+39.498000E-03,16
+39.500000E-03,16
+39.502000E-03,16
+39.504000E-03,16
+39.506000E-03,16
+39.508000E-03,16
+39.510000E-03,16
+39.512000E-03,16
+39.514000E-03,16
+39.516000E-03,16
+39.518000E-03,16
+39.520000E-03,16
+39.522000E-03,16
+39.524000E-03,16
+39.526000E-03,16
+39.528000E-03,16
+39.530000E-03,16
+39.532000E-03,16
+39.534000E-03,16
+39.536000E-03,16
+39.538000E-03,16
+39.540000E-03,16
+39.542000E-03,16
+39.544000E-03,16
+39.546000E-03,16
+39.548000E-03,16
+39.550000E-03,16
+39.552000E-03,16
+39.554000E-03,16
+39.556000E-03,16
+39.558000E-03,16
+39.560000E-03,16
+39.562000E-03,16
+39.564000E-03,16
+39.566000E-03,16
+39.568000E-03,16
+39.570000E-03,16
+39.572000E-03,16
+39.574000E-03,16
+39.576000E-03,16
+39.578000E-03,16
+39.580000E-03,16
+39.582000E-03,16
+39.584000E-03,16
+39.586000E-03,16
+39.588000E-03,16
+39.590000E-03,16
+39.592000E-03,16
+39.594000E-03,16
+39.596000E-03,16
+39.598000E-03,16
+39.600000E-03,16
+39.602000E-03,16
+39.604000E-03,16
+39.606000E-03,16
+39.608000E-03,16
+39.610000E-03,16
+39.612000E-03,16
+39.614000E-03,16
+39.616000E-03,16
+39.618000E-03,16
+39.620000E-03,16
+39.622000E-03,16
+39.624000E-03,16
+39.626000E-03,16
+39.628000E-03,16
+39.630000E-03,16
+39.632000E-03,16
+39.634000E-03,16
+39.636000E-03,16
+39.638000E-03,16
+39.640000E-03,16
+39.642000E-03,16
+39.644000E-03,16
+39.646000E-03,16
+39.648000E-03,16
+39.650000E-03,16
+39.652000E-03,16
+39.654000E-03,16
+39.656000E-03,16
+39.658000E-03,16
+39.660000E-03,16
+39.662000E-03,16
+39.664000E-03,16
+39.666000E-03,16
+39.668000E-03,16
+39.670000E-03,16
+39.672000E-03,16
+39.674000E-03,16
+39.676000E-03,16
+39.678000E-03,16
+39.680000E-03,16
+39.682000E-03,16
+39.684000E-03,16
+39.686000E-03,16
+39.688000E-03,16
+39.690000E-03,16
+39.692000E-03,16
+39.694000E-03,16
+39.696000E-03,16
+39.698000E-03,16
+39.700000E-03,16
+39.702000E-03,16
+39.704000E-03,16
+39.706000E-03,16
+39.708000E-03,16
+39.710000E-03,16
+39.712000E-03,16
+39.714000E-03,16
+39.716000E-03,16
+39.718000E-03,16
+39.720000E-03,16
+39.722000E-03,16
+39.724000E-03,16
+39.726000E-03,16
+39.728000E-03,16
+39.730000E-03,16
+39.732000E-03,16
+39.734000E-03,16
+39.736000E-03,16
+39.738000E-03,16
+39.740000E-03,16
+39.742000E-03,16
+39.744000E-03,16
+39.746000E-03,16
+39.748000E-03,16
+39.750000E-03,16
+39.752000E-03,16
+39.754000E-03,16
+39.756000E-03,16
+39.758000E-03,16
+39.760000E-03,16
+39.762000E-03,16
+39.764000E-03,16
+39.766000E-03,16
+39.768000E-03,16
+39.770000E-03,16
+39.772000E-03,16
+39.774000E-03,16
+39.776000E-03,16
+39.778000E-03,16
+39.780000E-03,16
+39.782000E-03,16
+39.784000E-03,16
+39.786000E-03,16
+39.788000E-03,16
+39.790000E-03,16
+39.792000E-03,16
+39.794000E-03,16
+39.796000E-03,16
+39.798000E-03,16
+39.800000E-03,16
+39.802000E-03,16
+39.804000E-03,16
+39.806000E-03,16
+39.808000E-03,16
+39.810000E-03,16
+39.812000E-03,16
+39.814000E-03,16
+39.816000E-03,16
+39.818000E-03,16
+39.820000E-03,16
+39.822000E-03,16
+39.824000E-03,16
+39.826000E-03,16
+39.828000E-03,16
+39.830000E-03,16
+39.832000E-03,16
+39.834000E-03,16
+39.836000E-03,16
+39.838000E-03,16
+39.840000E-03,16
+39.842000E-03,16
+39.844000E-03,16
+39.846000E-03,16
+39.848000E-03,16
+39.850000E-03,16
+39.852000E-03,16
+39.854000E-03,16
+39.856000E-03,16
+39.858000E-03,16
+39.860000E-03,16
+39.862000E-03,16
+39.864000E-03,16
+39.866000E-03,16
+39.868000E-03,16
+39.870000E-03,16
+39.872000E-03,16
+39.874000E-03,16
+39.876000E-03,16
+39.878000E-03,16
+39.880000E-03,16
+39.882000E-03,16
+39.884000E-03,16
+39.886000E-03,16
+39.888000E-03,16
+39.890000E-03,16
+39.892000E-03,16
+39.894000E-03,16
+39.896000E-03,16
+39.898000E-03,16
+39.900000E-03,16
+39.902000E-03,16
+39.904000E-03,16
+39.906000E-03,16
+39.908000E-03,16
+39.910000E-03,16
+39.912000E-03,16
+39.914000E-03,16
+39.916000E-03,16
+39.918000E-03,16
+39.920000E-03,16
+39.922000E-03,16
+39.924000E-03,16
+39.926000E-03,16
+39.928000E-03,16
+39.930000E-03,16
+39.932000E-03,16
+39.934000E-03,16
+39.936000E-03,16
+39.938000E-03,16
+39.940000E-03,16
+39.942000E-03,16
+39.944000E-03,16
+39.946000E-03,16
+39.948000E-03,16
+39.950000E-03,16
+39.952000E-03,16
+39.954000E-03,16
+39.956000E-03,16
+39.958000E-03,16
+39.960000E-03,16
+39.962000E-03,16
+39.964000E-03,16
+39.966000E-03,16
+39.968000E-03,16
+39.970000E-03,16
+39.972000E-03,16
+39.974000E-03,16
+39.976000E-03,16
+39.978000E-03,16
+39.980000E-03,16
+39.982000E-03,16
+39.984000E-03,16
+39.986000E-03,16
+39.988000E-03,16
+39.990000E-03,16
+39.992000E-03,16
+39.994000E-03,16
+39.996000E-03,16
+39.998000E-03,16
+40.000000E-03,16
+40.002000E-03,16
+40.004000E-03,16
+40.006000E-03,16
+40.008000E-03,16
+40.010000E-03,16
+40.012000E-03,16
+40.014000E-03,16
+40.016000E-03,16
+40.018000E-03,16
+40.020000E-03,16
+40.022000E-03,16
+40.024000E-03,16
+40.026000E-03,16
+40.028000E-03,16
+40.030000E-03,16
+40.032000E-03,16
+40.034000E-03,16
+40.036000E-03,16
+40.038000E-03,16
+40.040000E-03,16
+40.042000E-03,16
+40.044000E-03,16
+40.046000E-03,16
+40.048000E-03,16
+40.050000E-03,16
+40.052000E-03,16
+40.054000E-03,16
+40.056000E-03,16
+40.058000E-03,16
+40.060000E-03,16
+40.062000E-03,16
+40.064000E-03,16
+40.066000E-03,16
+40.068000E-03,16
+40.070000E-03,16
+40.072000E-03,16
+40.074000E-03,16
+40.076000E-03,16
+40.078000E-03,16
+40.080000E-03,16
+40.082000E-03,16
+40.084000E-03,16
+40.086000E-03,16
+40.088000E-03,16
+40.090000E-03,16
+40.092000E-03,16
+40.094000E-03,16
+40.096000E-03,16
+40.098000E-03,16
+40.100000E-03,16
+40.102000E-03,16
+40.104000E-03,16
+40.106000E-03,16
+40.108000E-03,16
+40.110000E-03,16
+40.112000E-03,16
+40.114000E-03,16
+40.116000E-03,16
+40.118000E-03,16
+40.120000E-03,16
+40.122000E-03,16
+40.124000E-03,16
+40.126000E-03,16
+40.128000E-03,16
+40.130000E-03,16
+40.132000E-03,16
+40.134000E-03,16
+40.136000E-03,16
+40.138000E-03,16
+40.140000E-03,16
+40.142000E-03,16
+40.144000E-03,16
+40.146000E-03,16
+40.148000E-03,16
+40.150000E-03,16
+40.152000E-03,16
+40.154000E-03,16
+40.156000E-03,16
+40.158000E-03,16
+40.160000E-03,16
+40.162000E-03,16
+40.164000E-03,16
+40.166000E-03,16
+40.168000E-03,16
+40.170000E-03,16
+40.172000E-03,16
+40.174000E-03,16
+40.176000E-03,16
+40.178000E-03,16
+40.180000E-03,16
+40.182000E-03,16
+40.184000E-03,16
+40.186000E-03,16
+40.188000E-03,16
+40.190000E-03,16
+40.192000E-03,16
+40.194000E-03,16
+40.196000E-03,16
+40.198000E-03,16
+40.200000E-03,16
+40.202000E-03,16
+40.204000E-03,16
+40.206000E-03,16
+40.208000E-03,16
+40.210000E-03,16
+40.212000E-03,16
+40.214000E-03,16
+40.216000E-03,16
+40.218000E-03,16
+40.220000E-03,16
+40.222000E-03,16
+40.224000E-03,16
+40.226000E-03,16
+40.228000E-03,16
+40.230000E-03,16
+40.232000E-03,16
+40.234000E-03,16
+40.236000E-03,16
+40.238000E-03,16
+40.240000E-03,16
+40.242000E-03,16
+40.244000E-03,16
+40.246000E-03,16
+40.248000E-03,16
+40.250000E-03,16
+40.252000E-03,16
+40.254000E-03,16
+40.256000E-03,16
+40.258000E-03,16
+40.260000E-03,16
+40.262000E-03,16
+40.264000E-03,16
+40.266000E-03,16
+40.268000E-03,16
+40.270000E-03,16
+40.272000E-03,16
+40.274000E-03,16
+40.276000E-03,16
+40.278000E-03,16
+40.280000E-03,16
+40.282000E-03,16
+40.284000E-03,16
+40.286000E-03,16
+40.288000E-03,16
+40.290000E-03,16
+40.292000E-03,16
+40.294000E-03,16
+40.296000E-03,16
+40.298000E-03,16
+40.300000E-03,16
+40.302000E-03,16
+40.304000E-03,16
+40.306000E-03,16
+40.308000E-03,16
+40.310000E-03,16
+40.312000E-03,16
+40.314000E-03,16
+40.316000E-03,16
+40.318000E-03,16
+40.320000E-03,16
+40.322000E-03,16
+40.324000E-03,16
+40.326000E-03,16
+40.328000E-03,16
+40.330000E-03,16
+40.332000E-03,16
+40.334000E-03,16
+40.336000E-03,16
+40.338000E-03,16
+40.340000E-03,16
+40.342000E-03,16
+40.344000E-03,16
+40.346000E-03,16
+40.348000E-03,16
+40.350000E-03,16
+40.352000E-03,16
+40.354000E-03,16
+40.356000E-03,16
+40.358000E-03,16
+40.360000E-03,16
+40.362000E-03,16
+40.364000E-03,16
+40.366000E-03,16
+40.368000E-03,16
+40.370000E-03,16
+40.372000E-03,16
+40.374000E-03,16
+40.376000E-03,16
+40.378000E-03,16
+40.380000E-03,16
+40.382000E-03,16
+40.384000E-03,16
+40.386000E-03,16
+40.388000E-03,16
+40.390000E-03,16
+40.392000E-03,16
+40.394000E-03,16
+40.396000E-03,16
+40.398000E-03,16
+40.400000E-03,16
+40.402000E-03,16
+40.404000E-03,16
+40.406000E-03,16
+40.408000E-03,16
+40.410000E-03,16
+40.412000E-03,16
+40.414000E-03,16
+40.416000E-03,16
+40.418000E-03,16
+40.420000E-03,16
+40.422000E-03,16
+40.424000E-03,16
+40.426000E-03,16
+40.428000E-03,16
+40.430000E-03,16
+40.432000E-03,16
+40.434000E-03,16
+40.436000E-03,16
+40.438000E-03,16
+40.440000E-03,16
+40.442000E-03,16
+40.444000E-03,16
+40.446000E-03,16
+40.448000E-03,16
+40.450000E-03,16
+40.452000E-03,16
+40.454000E-03,16
+40.456000E-03,16
+40.458000E-03,16
+40.460000E-03,16
+40.462000E-03,16
+40.464000E-03,16
+40.466000E-03,16
+40.468000E-03,16
+40.470000E-03,16
+40.472000E-03,16
+40.474000E-03,16
+40.476000E-03,16
+40.478000E-03,16
+40.480000E-03,16
+40.482000E-03,16
+40.484000E-03,16
+40.486000E-03,16
+40.488000E-03,16
+40.490000E-03,16
+40.492000E-03,16
+40.494000E-03,16
+40.496000E-03,16
+40.498000E-03,16
+40.500000E-03,16
+40.502000E-03,16
+40.504000E-03,16
+40.506000E-03,16
+40.508000E-03,16
+40.510000E-03,16
+40.512000E-03,16
+40.514000E-03,16
+40.516000E-03,16
+40.518000E-03,16
+40.520000E-03,16
+40.522000E-03,16
+40.524000E-03,16
+40.526000E-03,16
+40.528000E-03,16
+40.530000E-03,16
+40.532000E-03,16
+40.534000E-03,16
+40.536000E-03,16
+40.538000E-03,16
+40.540000E-03,16
+40.542000E-03,16
+40.544000E-03,16
+40.546000E-03,16
+40.548000E-03,16
+40.550000E-03,16
+40.552000E-03,16
+40.554000E-03,16
+40.556000E-03,16
+40.558000E-03,16
+40.560000E-03,16
+40.562000E-03,16
+40.564000E-03,16
+40.566000E-03,16
+40.568000E-03,16
+40.570000E-03,16
+40.572000E-03,16
+40.574000E-03,16
+40.576000E-03,16
+40.578000E-03,16
+40.580000E-03,16
+40.582000E-03,16
+40.584000E-03,16
+40.586000E-03,16
+40.588000E-03,16
+40.590000E-03,16
+40.592000E-03,16
+40.594000E-03,16
+40.596000E-03,16
+40.598000E-03,16
+40.600000E-03,16
+40.602000E-03,16
+40.604000E-03,16
+40.606000E-03,16
+40.608000E-03,16
+40.610000E-03,16
+40.612000E-03,16
+40.614000E-03,16
+40.616000E-03,16
+40.618000E-03,16
+40.620000E-03,16
+40.622000E-03,16
+40.624000E-03,16
+40.626000E-03,16
+40.628000E-03,16
+40.630000E-03,16
+40.632000E-03,16
+40.634000E-03,16
+40.636000E-03,16
+40.638000E-03,16
+40.640000E-03,16
+40.642000E-03,16
+40.644000E-03,16
+40.646000E-03,16
+40.648000E-03,16
+40.650000E-03,16
+40.652000E-03,16
+40.654000E-03,16
+40.656000E-03,16
+40.658000E-03,16
+40.660000E-03,16
+40.662000E-03,16
+40.664000E-03,16
+40.666000E-03,16
+40.668000E-03,16
+40.670000E-03,16
+40.672000E-03,16
+40.674000E-03,16
+40.676000E-03,16
+40.678000E-03,16
+40.680000E-03,16
+40.682000E-03,16
+40.684000E-03,16
+40.686000E-03,16
+40.688000E-03,16
+40.690000E-03,16
+40.692000E-03,16
+40.694000E-03,16
+40.696000E-03,16
+40.698000E-03,16
+40.700000E-03,16
+40.702000E-03,16
+40.704000E-03,16
+40.706000E-03,16
+40.708000E-03,16
+40.710000E-03,16
+40.712000E-03,16
+40.714000E-03,16
+40.716000E-03,16
+40.718000E-03,16
+40.720000E-03,16
+40.722000E-03,16
+40.724000E-03,16
+40.726000E-03,16
+40.728000E-03,16
+40.730000E-03,16
+40.732000E-03,16
+40.734000E-03,16
+40.736000E-03,16
+40.738000E-03,16
+40.740000E-03,16
+40.742000E-03,16
+40.744000E-03,16
+40.746000E-03,16
+40.748000E-03,16
+40.750000E-03,16
+40.752000E-03,16
+40.754000E-03,16
+40.756000E-03,16
+40.758000E-03,16
+40.760000E-03,16
+40.762000E-03,16
+40.764000E-03,16
+40.766000E-03,16
+40.768000E-03,16
+40.770000E-03,16
+40.772000E-03,16
+40.774000E-03,16
+40.776000E-03,16
+40.778000E-03,16
+40.780000E-03,16
+40.782000E-03,16
+40.784000E-03,16
+40.786000E-03,16
+40.788000E-03,16
+40.790000E-03,16
+40.792000E-03,16
+40.794000E-03,16
+40.796000E-03,16
+40.798000E-03,16
+40.800000E-03,16
+40.802000E-03,16
+40.804000E-03,16
+40.806000E-03,16
+40.808000E-03,16
+40.810000E-03,16
+40.812000E-03,16
+40.814000E-03,16
+40.816000E-03,16
+40.818000E-03,16
+40.820000E-03,16
+40.822000E-03,16
+40.824000E-03,16
+40.826000E-03,16
+40.828000E-03,16
+40.830000E-03,16
+40.832000E-03,16
+40.834000E-03,16
+40.836000E-03,16
+40.838000E-03,16
+40.840000E-03,16
+40.842000E-03,16
+40.844000E-03,16
+40.846000E-03,16
+40.848000E-03,16
+40.850000E-03,16
+40.852000E-03,16
+40.854000E-03,16
+40.856000E-03,16
+40.858000E-03,16
+40.860000E-03,16
+40.862000E-03,16
+40.864000E-03,16
+40.866000E-03,16
+40.868000E-03,16
+40.870000E-03,16
+40.872000E-03,16
+40.874000E-03,16
+40.876000E-03,16
+40.878000E-03,16
+40.880000E-03,16
+40.882000E-03,16
+40.884000E-03,16
+40.886000E-03,16
+40.888000E-03,16
+40.890000E-03,16
+40.892000E-03,16
+40.894000E-03,16
+40.896000E-03,16
+40.898000E-03,16
+40.900000E-03,16
+40.902000E-03,16
+40.904000E-03,16
+40.906000E-03,16
+40.908000E-03,16
+40.910000E-03,16
+40.912000E-03,16
+40.914000E-03,16
+40.916000E-03,16
+40.918000E-03,16
+40.920000E-03,16
+40.922000E-03,16
+40.924000E-03,16
+40.926000E-03,16
+40.928000E-03,16
+40.930000E-03,16
+40.932000E-03,16
+40.934000E-03,16
+40.936000E-03,16
+40.938000E-03,16
+40.940000E-03,16
+40.942000E-03,16
+40.944000E-03,16
+40.946000E-03,16
+40.948000E-03,16
+40.950000E-03,16
+40.952000E-03,16
+40.954000E-03,16
+40.956000E-03,16
+40.958000E-03,16
+40.960000E-03,16
+40.962000E-03,16
+40.964000E-03,16
+40.966000E-03,16
+40.968000E-03,16
+40.970000E-03,16
+40.972000E-03,16
+40.974000E-03,16
+40.976000E-03,16
+40.978000E-03,16
+40.980000E-03,16
+40.982000E-03,16
+40.984000E-03,16
+40.986000E-03,16
+40.988000E-03,16
+40.990000E-03,16
+40.992000E-03,16
+40.994000E-03,16
+40.996000E-03,16
+40.998000E-03,16
+41.000000E-03,16
+41.002000E-03,16
+41.004000E-03,16
+41.006000E-03,16
+41.008000E-03,16
+41.010000E-03,16
+41.012000E-03,16
+41.014000E-03,16
+41.016000E-03,16
+41.018000E-03,16
+41.020000E-03,16
+41.022000E-03,16
+41.024000E-03,16
+41.026000E-03,16
+41.028000E-03,16
+41.030000E-03,16
+41.032000E-03,16
+41.034000E-03,16
+41.036000E-03,16
+41.038000E-03,16
+41.040000E-03,16
+41.042000E-03,16
+41.044000E-03,16
+41.046000E-03,16
+41.048000E-03,16
+41.050000E-03,16
+41.052000E-03,16
+41.054000E-03,16
+41.056000E-03,16
+41.058000E-03,16
+41.060000E-03,16
+41.062000E-03,16
+41.064000E-03,16
+41.066000E-03,16
+41.068000E-03,16
+41.070000E-03,16
+41.072000E-03,16
+41.074000E-03,16
+41.076000E-03,16
+41.078000E-03,16
+41.080000E-03,16
+41.082000E-03,16
+41.084000E-03,16
+41.086000E-03,16
+41.088000E-03,16
+41.090000E-03,16
+41.092000E-03,16
+41.094000E-03,16
+41.096000E-03,16
+41.098000E-03,16
+41.100000E-03,16
+41.102000E-03,16
+41.104000E-03,16
+41.106000E-03,16
+41.108000E-03,16
+41.110000E-03,16
+41.112000E-03,16
+41.114000E-03,16
+41.116000E-03,16
+41.118000E-03,16
+41.120000E-03,16
+41.122000E-03,16
+41.124000E-03,16
+41.126000E-03,16
+41.128000E-03,16
+41.130000E-03,16
+41.132000E-03,16
+41.134000E-03,16
+41.136000E-03,16
+41.138000E-03,16
+41.140000E-03,16
+41.142000E-03,16
+41.144000E-03,16
+41.146000E-03,16
+41.148000E-03,16
+41.150000E-03,16
+41.152000E-03,16
+41.154000E-03,16
+41.156000E-03,16
+41.158000E-03,16
+41.160000E-03,16
+41.162000E-03,16
+41.164000E-03,16
+41.166000E-03,16
+41.168000E-03,16
+41.170000E-03,16
+41.172000E-03,16
+41.174000E-03,16
+41.176000E-03,16
+41.178000E-03,16
+41.180000E-03,16
+41.182000E-03,16
+41.184000E-03,16
+41.186000E-03,16
+41.188000E-03,16
+41.190000E-03,16
+41.192000E-03,16
+41.194000E-03,16
+41.196000E-03,16
+41.198000E-03,16
+41.200000E-03,16
+41.202000E-03,16
+41.204000E-03,16
+41.206000E-03,16
+41.208000E-03,16
+41.210000E-03,16
+41.212000E-03,16
+41.214000E-03,16
+41.216000E-03,16
+41.218000E-03,16
+41.220000E-03,16
+41.222000E-03,16
+41.224000E-03,16
+41.226000E-03,16
+41.228000E-03,16
+41.230000E-03,16
+41.232000E-03,16
+41.234000E-03,16
+41.236000E-03,16
+41.238000E-03,16
+41.240000E-03,16
+41.242000E-03,16
+41.244000E-03,16
+41.246000E-03,16
+41.248000E-03,16
+41.250000E-03,16
+41.252000E-03,16
+41.254000E-03,16
+41.256000E-03,16
+41.258000E-03,16
+41.260000E-03,16
+41.262000E-03,16
+41.264000E-03,16
+41.266000E-03,16
+41.268000E-03,16
+41.270000E-03,16
+41.272000E-03,16
+41.274000E-03,16
+41.276000E-03,16
+41.278000E-03,16
+41.280000E-03,16
+41.282000E-03,16
+41.284000E-03,16
+41.286000E-03,16
+41.288000E-03,16
+41.290000E-03,16
+41.292000E-03,16
+41.294000E-03,16
+41.296000E-03,16
+41.298000E-03,16
+41.300000E-03,16
+41.302000E-03,16
+41.304000E-03,16
+41.306000E-03,16
+41.308000E-03,16
+41.310000E-03,16
+41.312000E-03,16
+41.314000E-03,16
+41.316000E-03,16
+41.318000E-03,16
+41.320000E-03,16
+41.322000E-03,16
+41.324000E-03,16
+41.326000E-03,16
+41.328000E-03,16
+41.330000E-03,16
+41.332000E-03,16
+41.334000E-03,16
+41.336000E-03,16
+41.338000E-03,16
+41.340000E-03,16
+41.342000E-03,16
+41.344000E-03,16
+41.346000E-03,16
+41.348000E-03,16
+41.350000E-03,16
+41.352000E-03,16
+41.354000E-03,16
+41.356000E-03,16
+41.358000E-03,16
+41.360000E-03,16
+41.362000E-03,16
+41.364000E-03,16
+41.366000E-03,16
+41.368000E-03,16
+41.370000E-03,16
+41.372000E-03,16
+41.374000E-03,16
+41.376000E-03,16
+41.378000E-03,16
+41.380000E-03,16
+41.382000E-03,16
+41.384000E-03,16
+41.386000E-03,16
+41.388000E-03,16
+41.390000E-03,16
+41.392000E-03,16
+41.394000E-03,16
+41.396000E-03,16
+41.398000E-03,16
+41.400000E-03,16
+41.402000E-03,16
+41.404000E-03,16
+41.406000E-03,16
+41.408000E-03,16
+41.410000E-03,16
+41.412000E-03,16
+41.414000E-03,16
+41.416000E-03,16
+41.418000E-03,16
+41.420000E-03,16
+41.422000E-03,16
+41.424000E-03,16
+41.426000E-03,16
+41.428000E-03,16
+41.430000E-03,16
+41.432000E-03,16
+41.434000E-03,16
+41.436000E-03,16
+41.438000E-03,16
+41.440000E-03,16
+41.442000E-03,16
+41.444000E-03,16
+41.446000E-03,16
+41.448000E-03,16
+41.450000E-03,16
+41.452000E-03,16
+41.454000E-03,16
+41.456000E-03,16
+41.458000E-03,16
+41.460000E-03,16
+41.462000E-03,16
+41.464000E-03,16
+41.466000E-03,16
+41.468000E-03,16
+41.470000E-03,16
+41.472000E-03,16
+41.474000E-03,16
+41.476000E-03,16
+41.478000E-03,16
+41.480000E-03,16
+41.482000E-03,16
+41.484000E-03,16
+41.486000E-03,16
+41.488000E-03,16
+41.490000E-03,16
+41.492000E-03,16
+41.494000E-03,16
+41.496000E-03,16
+41.498000E-03,16
+41.500000E-03,16
+41.502000E-03,16
+41.504000E-03,16
+41.506000E-03,16
+41.508000E-03,16
+41.510000E-03,16
+41.512000E-03,16
+41.514000E-03,16
+41.516000E-03,16
+41.518000E-03,16
+41.520000E-03,16
+41.522000E-03,16
+41.524000E-03,16
+41.526000E-03,16
+41.528000E-03,16
+41.530000E-03,16
+41.532000E-03,16
+41.534000E-03,16
+41.536000E-03,16
+41.538000E-03,16
+41.540000E-03,16
+41.542000E-03,16
+41.544000E-03,16
+41.546000E-03,16
+41.548000E-03,16
+41.550000E-03,16
+41.552000E-03,16
+41.554000E-03,16
+41.556000E-03,16
+41.558000E-03,16
+41.560000E-03,16
+41.562000E-03,16
+41.564000E-03,16
+41.566000E-03,16
+41.568000E-03,16
+41.570000E-03,16
+41.572000E-03,16
+41.574000E-03,16
+41.576000E-03,16
+41.578000E-03,16
+41.580000E-03,16
+41.582000E-03,16
+41.584000E-03,16
+41.586000E-03,16
+41.588000E-03,16
+41.590000E-03,16
+41.592000E-03,16
+41.594000E-03,16
+41.596000E-03,16
+41.598000E-03,16
+41.600000E-03,16
+41.602000E-03,16
+41.604000E-03,16
+41.606000E-03,16
+41.608000E-03,16
+41.610000E-03,16
+41.612000E-03,16
+41.614000E-03,16
+41.616000E-03,16
+41.618000E-03,16
+41.620000E-03,16
+41.622000E-03,16
+41.624000E-03,16
+41.626000E-03,16
+41.628000E-03,16
+41.630000E-03,16
+41.632000E-03,16
+41.634000E-03,16
+41.636000E-03,16
+41.638000E-03,16
+41.640000E-03,16
+41.642000E-03,16
+41.644000E-03,16
+41.646000E-03,16
+41.648000E-03,16
+41.650000E-03,16
+41.652000E-03,16
+41.654000E-03,16
+41.656000E-03,16
+41.658000E-03,16
+41.660000E-03,16
+41.662000E-03,16
+41.664000E-03,16
+41.666000E-03,16
+41.668000E-03,16
+41.670000E-03,16
+41.672000E-03,16
+41.674000E-03,16
+41.676000E-03,16
+41.678000E-03,16
+41.680000E-03,16
+41.682000E-03,16
+41.684000E-03,16
+41.686000E-03,16
+41.688000E-03,16
+41.690000E-03,16
+41.692000E-03,16
+41.694000E-03,16
+41.696000E-03,16
+41.698000E-03,16
+41.700000E-03,16
+41.702000E-03,16
+41.704000E-03,16
+41.706000E-03,16
+41.708000E-03,16
+41.710000E-03,16
+41.712000E-03,16
+41.714000E-03,16
+41.716000E-03,16
+41.718000E-03,16
+41.720000E-03,16
+41.722000E-03,16
+41.724000E-03,16
+41.726000E-03,16
+41.728000E-03,16
+41.730000E-03,16
+41.732000E-03,16
+41.734000E-03,16
+41.736000E-03,16
+41.738000E-03,16
+41.740000E-03,16
+41.742000E-03,16
+41.744000E-03,16
+41.746000E-03,16
+41.748000E-03,16
+41.750000E-03,16
+41.752000E-03,16
+41.754000E-03,16
+41.756000E-03,16
+41.758000E-03,16
+41.760000E-03,16
+41.762000E-03,16
+41.764000E-03,16
+41.766000E-03,16
+41.768000E-03,16
+41.770000E-03,16
+41.772000E-03,16
+41.774000E-03,16
+41.776000E-03,16
+41.778000E-03,16
+41.780000E-03,16
+41.782000E-03,16
+41.784000E-03,16
+41.786000E-03,16
+41.788000E-03,16
+41.790000E-03,16
+41.792000E-03,16
+41.794000E-03,16
+41.796000E-03,16
+41.798000E-03,16
+41.800000E-03,16
+41.802000E-03,16
+41.804000E-03,16
+41.806000E-03,16
+41.808000E-03,16
+41.810000E-03,16
+41.812000E-03,16
+41.814000E-03,16
+41.816000E-03,16
+41.818000E-03,16
+41.820000E-03,16
+41.822000E-03,16
+41.824000E-03,16
+41.826000E-03,16
+41.828000E-03,16
+41.830000E-03,16
+41.832000E-03,16
+41.834000E-03,16
+41.836000E-03,16
+41.838000E-03,16
+41.840000E-03,16
+41.842000E-03,16
+41.844000E-03,16
+41.846000E-03,16
+41.848000E-03,16
+41.850000E-03,16
+41.852000E-03,16
+41.854000E-03,16
+41.856000E-03,16
+41.858000E-03,16
+41.860000E-03,16
+41.862000E-03,16
+41.864000E-03,16
+41.866000E-03,16
+41.868000E-03,16
+41.870000E-03,16
+41.872000E-03,16
+41.874000E-03,16
+41.876000E-03,16
+41.878000E-03,16
+41.880000E-03,16
+41.882000E-03,16
+41.884000E-03,16
+41.886000E-03,16
+41.888000E-03,16
+41.890000E-03,16
+41.892000E-03,16
+41.894000E-03,16
+41.896000E-03,16
+41.898000E-03,16
+41.900000E-03,16
+41.902000E-03,16
+41.904000E-03,16
+41.906000E-03,16
+41.908000E-03,16
+41.910000E-03,16
+41.912000E-03,16
+41.914000E-03,16
+41.916000E-03,16
+41.918000E-03,16
+41.920000E-03,16
+41.922000E-03,16
+41.924000E-03,16
+41.926000E-03,16
+41.928000E-03,16
+41.930000E-03,16
+41.932000E-03,16
+41.934000E-03,16
+41.936000E-03,16
+41.938000E-03,16
+41.940000E-03,16
+41.942000E-03,16
+41.944000E-03,16
+41.946000E-03,16
+41.948000E-03,16
+41.950000E-03,16
+41.952000E-03,16
+41.954000E-03,16
+41.956000E-03,16
+41.958000E-03,16
+41.960000E-03,16
+41.962000E-03,16
+41.964000E-03,16
+41.966000E-03,16
+41.968000E-03,16
+41.970000E-03,16
+41.972000E-03,16
+41.974000E-03,16
+41.976000E-03,16
+41.978000E-03,16
+41.980000E-03,16
+41.982000E-03,16
+41.984000E-03,16
+41.986000E-03,16
+41.988000E-03,16
+41.990000E-03,16
+41.992000E-03,16
+41.994000E-03,16
+41.996000E-03,16
+41.998000E-03,16
+42.000000E-03,16
+42.002000E-03,16
+42.004000E-03,16
+42.006000E-03,16
+42.008000E-03,16
+42.010000E-03,16
+42.012000E-03,16
+42.014000E-03,16
+42.016000E-03,16
+42.018000E-03,16
+42.020000E-03,16
+42.022000E-03,16
+42.024000E-03,16
+42.026000E-03,16
+42.028000E-03,16
+42.030000E-03,16
+42.032000E-03,16
+42.034000E-03,16
+42.036000E-03,16
+42.038000E-03,16
+42.040000E-03,16
+42.042000E-03,16
+42.044000E-03,16
+42.046000E-03,16
+42.048000E-03,16
+42.050000E-03,16
+42.052000E-03,16
+42.054000E-03,16
+42.056000E-03,16
+42.058000E-03,16
+42.060000E-03,16
+42.062000E-03,16
+42.064000E-03,16
+42.066000E-03,16
+42.068000E-03,16
+42.070000E-03,16
+42.072000E-03,16
+42.074000E-03,16
+42.076000E-03,16
+42.078000E-03,16
+42.080000E-03,16
+42.082000E-03,16
+42.084000E-03,16
+42.086000E-03,16
+42.088000E-03,16
+42.090000E-03,16
+42.092000E-03,16
+42.094000E-03,16
+42.096000E-03,16
+42.098000E-03,16
+42.100000E-03,16
+42.102000E-03,16
+42.104000E-03,16
+42.106000E-03,16
+42.108000E-03,16
+42.110000E-03,16
+42.112000E-03,16
+42.114000E-03,16
+42.116000E-03,16
+42.118000E-03,16
+42.120000E-03,16
+42.122000E-03,16
+42.124000E-03,16
+42.126000E-03,16
+42.128000E-03,16
+42.130000E-03,16
+42.132000E-03,16
+42.134000E-03,16
+42.136000E-03,16
+42.138000E-03,16
+42.140000E-03,16
+42.142000E-03,16
+42.144000E-03,16
+42.146000E-03,16
+42.148000E-03,16
+42.150000E-03,16
+42.152000E-03,16
+42.154000E-03,16
+42.156000E-03,16
+42.158000E-03,16
+42.160000E-03,16
+42.162000E-03,16
+42.164000E-03,16
+42.166000E-03,16
+42.168000E-03,16
+42.170000E-03,16
+42.172000E-03,16
+42.174000E-03,16
+42.176000E-03,16
+42.178000E-03,16
+42.180000E-03,16
+42.182000E-03,16
+42.184000E-03,16
+42.186000E-03,16
+42.188000E-03,16
+42.190000E-03,16
+42.192000E-03,16
+42.194000E-03,16
+42.196000E-03,16
+42.198000E-03,16
+42.200000E-03,16
+42.202000E-03,16
+42.204000E-03,16
+42.206000E-03,16
+42.208000E-03,16
+42.210000E-03,16
+42.212000E-03,16
+42.214000E-03,16
+42.216000E-03,16
+42.218000E-03,16
+42.220000E-03,16
+42.222000E-03,16
+42.224000E-03,16
+42.226000E-03,16
+42.228000E-03,16
+42.230000E-03,16
+42.232000E-03,16
+42.234000E-03,16
+42.236000E-03,16
+42.238000E-03,16
+42.240000E-03,16
+42.242000E-03,16
+42.244000E-03,16
+42.246000E-03,16
+42.248000E-03,16
+42.250000E-03,16
+42.252000E-03,16
+42.254000E-03,16
+42.256000E-03,16
+42.258000E-03,16
+42.260000E-03,16
+42.262000E-03,16
+42.264000E-03,16
+42.266000E-03,16
+42.268000E-03,16
+42.270000E-03,16
+42.272000E-03,16
+42.274000E-03,16
+42.276000E-03,16
+42.278000E-03,16
+42.280000E-03,16
+42.282000E-03,16
+42.284000E-03,16
+42.286000E-03,16
+42.288000E-03,16
+42.290000E-03,16
+42.292000E-03,16
+42.294000E-03,16
+42.296000E-03,16
+42.298000E-03,16
+42.300000E-03,16
+42.302000E-03,16
+42.304000E-03,16
+42.306000E-03,16
+42.308000E-03,16
+42.310000E-03,16
+42.312000E-03,16
+42.314000E-03,16
+42.316000E-03,16
+42.318000E-03,16
+42.320000E-03,16
+42.322000E-03,16
+42.324000E-03,16
+42.326000E-03,16
+42.328000E-03,16
+42.330000E-03,16
+42.332000E-03,16
+42.334000E-03,16
+42.336000E-03,16
+42.338000E-03,16
+42.340000E-03,16
+42.342000E-03,16
+42.344000E-03,16
+42.346000E-03,16
+42.348000E-03,16
+42.350000E-03,16
+42.352000E-03,16
+42.354000E-03,16
+42.356000E-03,16
+42.358000E-03,16
+42.360000E-03,16
+42.362000E-03,16
+42.364000E-03,16
+42.366000E-03,16
+42.368000E-03,16
+42.370000E-03,16
+42.372000E-03,16
+42.374000E-03,16
+42.376000E-03,16
+42.378000E-03,16
+42.380000E-03,16
+42.382000E-03,16
+42.384000E-03,16
+42.386000E-03,16
+42.388000E-03,16
+42.390000E-03,16
+42.392000E-03,16
+42.394000E-03,16
+42.396000E-03,16
+42.398000E-03,16
+42.400000E-03,16
+42.402000E-03,16
+42.404000E-03,16
+42.406000E-03,16
+42.408000E-03,16
+42.410000E-03,16
+42.412000E-03,16
+42.414000E-03,16
+42.416000E-03,16
+42.418000E-03,16
+42.420000E-03,16
+42.422000E-03,16
+42.424000E-03,16
+42.426000E-03,16
+42.428000E-03,16
+42.430000E-03,16
+42.432000E-03,16
+42.434000E-03,16
+42.436000E-03,16
+42.438000E-03,16
+42.440000E-03,16
+42.442000E-03,16
+42.444000E-03,16
+42.446000E-03,16
+42.448000E-03,16
+42.450000E-03,16
+42.452000E-03,16
+42.454000E-03,16
+42.456000E-03,16
+42.458000E-03,16
+42.460000E-03,16
+42.462000E-03,16
+42.464000E-03,16
+42.466000E-03,16
+42.468000E-03,16
+42.470000E-03,16
+42.472000E-03,16
+42.474000E-03,16
+42.476000E-03,16
+42.478000E-03,16
+42.480000E-03,16
+42.482000E-03,16
+42.484000E-03,16
+42.486000E-03,16
+42.488000E-03,16
+42.490000E-03,16
+42.492000E-03,16
+42.494000E-03,16
+42.496000E-03,16
+42.498000E-03,16
+42.500000E-03,16
+42.502000E-03,16
+42.504000E-03,16
+42.506000E-03,16
+42.508000E-03,16
+42.510000E-03,16
+42.512000E-03,16
+42.514000E-03,16
+42.516000E-03,16
+42.518000E-03,16
+42.520000E-03,16
+42.522000E-03,16
+42.524000E-03,16
+42.526000E-03,16
+42.528000E-03,16
+42.530000E-03,16
+42.532000E-03,16
+42.534000E-03,16
+42.536000E-03,16
+42.538000E-03,16
+42.540000E-03,16
+42.542000E-03,16
+42.544000E-03,16
+42.546000E-03,16
+42.548000E-03,16
+42.550000E-03,16
+42.552000E-03,16
+42.554000E-03,16
+42.556000E-03,16
+42.558000E-03,16
+42.560000E-03,16
+42.562000E-03,16
+42.564000E-03,16
+42.566000E-03,16
+42.568000E-03,16
+42.570000E-03,16
+42.572000E-03,16
+42.574000E-03,16
+42.576000E-03,16
+42.578000E-03,16
+42.580000E-03,16
+42.582000E-03,16
+42.584000E-03,16
+42.586000E-03,16
+42.588000E-03,16
+42.590000E-03,16
+42.592000E-03,16
+42.594000E-03,16
+42.596000E-03,16
+42.598000E-03,16
+42.600000E-03,16
+42.602000E-03,16
+42.604000E-03,16
+42.606000E-03,16
+42.608000E-03,16
+42.610000E-03,16
+42.612000E-03,16
+42.614000E-03,16
+42.616000E-03,16
+42.618000E-03,16
+42.620000E-03,16
+42.622000E-03,16
+42.624000E-03,16
+42.626000E-03,16
+42.628000E-03,16
+42.630000E-03,16
+42.632000E-03,16
+42.634000E-03,16
+42.636000E-03,16
+42.638000E-03,16
+42.640000E-03,16
+42.642000E-03,16
+42.644000E-03,16
+42.646000E-03,16
+42.648000E-03,16
+42.650000E-03,16
+42.652000E-03,16
+42.654000E-03,16
+42.656000E-03,16
+42.658000E-03,16
+42.660000E-03,16
+42.662000E-03,16
+42.664000E-03,16
+42.666000E-03,16
+42.668000E-03,16
+42.670000E-03,16
+42.672000E-03,16
+42.674000E-03,16
+42.676000E-03,16
+42.678000E-03,16
+42.680000E-03,16
+42.682000E-03,16
+42.684000E-03,16
+42.686000E-03,16
+42.688000E-03,16
+42.690000E-03,16
+42.692000E-03,16
+42.694000E-03,16
+42.696000E-03,16
+42.698000E-03,16
+42.700000E-03,16
+42.702000E-03,16
+42.704000E-03,16
+42.706000E-03,16
+42.708000E-03,16
+42.710000E-03,16
+42.712000E-03,16
+42.714000E-03,16
+42.716000E-03,16
+42.718000E-03,16
+42.720000E-03,16
+42.722000E-03,16
+42.724000E-03,16
+42.726000E-03,16
+42.728000E-03,16
+42.730000E-03,16
+42.732000E-03,16
+42.734000E-03,16
+42.736000E-03,16
+42.738000E-03,16
+42.740000E-03,16
+42.742000E-03,16
+42.744000E-03,16
+42.746000E-03,16
+42.748000E-03,16
+42.750000E-03,16
+42.752000E-03,16
+42.754000E-03,16
+42.756000E-03,16
+42.758000E-03,16
+42.760000E-03,16
+42.762000E-03,16
+42.764000E-03,16
+42.766000E-03,16
+42.768000E-03,16
+42.770000E-03,16
+42.772000E-03,16
+42.774000E-03,16
+42.776000E-03,16
+42.778000E-03,16
+42.780000E-03,16
+42.782000E-03,16
+42.784000E-03,16
+42.786000E-03,16
+42.788000E-03,16
+42.790000E-03,16
+42.792000E-03,16
+42.794000E-03,16
+42.796000E-03,16
+42.798000E-03,16
+42.800000E-03,16
+42.802000E-03,16
+42.804000E-03,16
+42.806000E-03,16
+42.808000E-03,16
+42.810000E-03,16
+42.812000E-03,16
+42.814000E-03,16
+42.816000E-03,16
+42.818000E-03,16
+42.820000E-03,16
+42.822000E-03,16
+42.824000E-03,16
+42.826000E-03,16
+42.828000E-03,16
+42.830000E-03,16
+42.832000E-03,16
+42.834000E-03,16
+42.836000E-03,16
+42.838000E-03,16
+42.840000E-03,16
+42.842000E-03,16
+42.844000E-03,16
+42.846000E-03,16
+42.848000E-03,16
+42.850000E-03,16
+42.852000E-03,16
+42.854000E-03,16
+42.856000E-03,16
+42.858000E-03,16
+42.860000E-03,16
+42.862000E-03,16
+42.864000E-03,16
+42.866000E-03,16
+42.868000E-03,16
+42.870000E-03,16
+42.872000E-03,16
+42.874000E-03,16
+42.876000E-03,16
+42.878000E-03,16
+42.880000E-03,16
+42.882000E-03,16
+42.884000E-03,16
+42.886000E-03,16
+42.888000E-03,16
+42.890000E-03,16
+42.892000E-03,16
+42.894000E-03,16
+42.896000E-03,16
+42.898000E-03,16
+42.900000E-03,16
+42.902000E-03,16
+42.904000E-03,16
+42.906000E-03,16
+42.908000E-03,16
+42.910000E-03,16
+42.912000E-03,16
+42.914000E-03,16
+42.916000E-03,16
+42.918000E-03,16
+42.920000E-03,16
+42.922000E-03,16
+42.924000E-03,16
+42.926000E-03,16
+42.928000E-03,16
+42.930000E-03,16
+42.932000E-03,16
+42.934000E-03,16
+42.936000E-03,16
+42.938000E-03,16
+42.940000E-03,16
+42.942000E-03,16
+42.944000E-03,16
+42.946000E-03,16
+42.948000E-03,16
+42.950000E-03,16
+42.952000E-03,16
+42.954000E-03,16
+42.956000E-03,16
+42.958000E-03,16
+42.960000E-03,16
+42.962000E-03,16
+42.964000E-03,16
+42.966000E-03,16
+42.968000E-03,16
+42.970000E-03,16
+42.972000E-03,16
+42.974000E-03,16
+42.976000E-03,16
+42.978000E-03,16
+42.980000E-03,16
+42.982000E-03,16
+42.984000E-03,16
+42.986000E-03,16
+42.988000E-03,16
+42.990000E-03,16
+42.992000E-03,16
+42.994000E-03,16
+42.996000E-03,16
+42.998000E-03,16
+43.000000E-03,16
+43.002000E-03,16
+43.004000E-03,16
+43.006000E-03,16
+43.008000E-03,16
+43.010000E-03,16
+43.012000E-03,16
+43.014000E-03,16
+43.016000E-03,16
+43.018000E-03,16
+43.020000E-03,16
+43.022000E-03,16
+43.024000E-03,16
+43.026000E-03,16
+43.028000E-03,16
+43.030000E-03,16
+43.032000E-03,16
+43.034000E-03,16
+43.036000E-03,16
+43.038000E-03,16
+43.040000E-03,16
+43.042000E-03,16
+43.044000E-03,16
+43.046000E-03,16
+43.048000E-03,16
+43.050000E-03,16
+43.052000E-03,16
+43.054000E-03,16
+43.056000E-03,16
+43.058000E-03,16
+43.060000E-03,16
+43.062000E-03,16
+43.064000E-03,16
+43.066000E-03,16
+43.068000E-03,16
+43.070000E-03,16
+43.072000E-03,16
+43.074000E-03,16
+43.076000E-03,16
+43.078000E-03,16
+43.080000E-03,16
+43.082000E-03,16
+43.084000E-03,16
+43.086000E-03,16
+43.088000E-03,16
+43.090000E-03,16
+43.092000E-03,16
+43.094000E-03,16
+43.096000E-03,16
+43.098000E-03,16
+43.100000E-03,16
+43.102000E-03,16
+43.104000E-03,16
+43.106000E-03,16
+43.108000E-03,16
+43.110000E-03,16
+43.112000E-03,16
+43.114000E-03,16
+43.116000E-03,16
+43.118000E-03,16
+43.120000E-03,16
+43.122000E-03,16
+43.124000E-03,16
+43.126000E-03,16
+43.128000E-03,16
+43.130000E-03,16
+43.132000E-03,16
+43.134000E-03,16
+43.136000E-03,16
+43.138000E-03,16
+43.140000E-03,16
+43.142000E-03,16
+43.144000E-03,16
+43.146000E-03,16
+43.148000E-03,16
+43.150000E-03,16
+43.152000E-03,16
+43.154000E-03,16
+43.156000E-03,16
+43.158000E-03,16
+43.160000E-03,16
+43.162000E-03,16
+43.164000E-03,16
+43.166000E-03,16
+43.168000E-03,16
+43.170000E-03,16
+43.172000E-03,16
+43.174000E-03,16
+43.176000E-03,16
+43.178000E-03,16
+43.180000E-03,16
+43.182000E-03,16
+43.184000E-03,16
+43.186000E-03,16
+43.188000E-03,16
+43.190000E-03,16
+43.192000E-03,16
+43.194000E-03,16
+43.196000E-03,16
+43.198000E-03,16
+43.200000E-03,16
+43.202000E-03,16
+43.204000E-03,16
+43.206000E-03,16
+43.208000E-03,16
+43.210000E-03,16
+43.212000E-03,16
+43.214000E-03,16
+43.216000E-03,16
+43.218000E-03,16
+43.220000E-03,16
+43.222000E-03,16
+43.224000E-03,16
+43.226000E-03,16
+43.228000E-03,16
+43.230000E-03,16
+43.232000E-03,16
+43.234000E-03,16
+43.236000E-03,16
+43.238000E-03,16
+43.240000E-03,16
+43.242000E-03,16
+43.244000E-03,16
+43.246000E-03,16
+43.248000E-03,16
+43.250000E-03,16
+43.252000E-03,16
+43.254000E-03,16
+43.256000E-03,16
+43.258000E-03,16
+43.260000E-03,16
+43.262000E-03,16
+43.264000E-03,16
+43.266000E-03,16
+43.268000E-03,16
+43.270000E-03,16
+43.272000E-03,16
+43.274000E-03,16
+43.276000E-03,16
+43.278000E-03,16
+43.280000E-03,16
+43.282000E-03,16
+43.284000E-03,16
+43.286000E-03,16
+43.288000E-03,16
+43.290000E-03,16
+43.292000E-03,16
+43.294000E-03,16
+43.296000E-03,16
+43.298000E-03,16
+43.300000E-03,16
+43.302000E-03,16
+43.304000E-03,16
+43.306000E-03,16
+43.308000E-03,16
+43.310000E-03,16
+43.312000E-03,16
+43.314000E-03,16
+43.316000E-03,16
+43.318000E-03,16
+43.320000E-03,16
+43.322000E-03,16
+43.324000E-03,16
+43.326000E-03,16
+43.328000E-03,16
+43.330000E-03,16
+43.332000E-03,16
+43.334000E-03,16
+43.336000E-03,16
+43.338000E-03,16
+43.340000E-03,16
+43.342000E-03,16
+43.344000E-03,16
+43.346000E-03,16
+43.348000E-03,16
+43.350000E-03,16
+43.352000E-03,16
+43.354000E-03,16
+43.356000E-03,16
+43.358000E-03,16
+43.360000E-03,16
+43.362000E-03,16
+43.364000E-03,16
+43.366000E-03,16
+43.368000E-03,16
+43.370000E-03,16
+43.372000E-03,16
+43.374000E-03,16
+43.376000E-03,16
+43.378000E-03,16
+43.380000E-03,16
+43.382000E-03,16
+43.384000E-03,16
+43.386000E-03,16
+43.388000E-03,16
+43.390000E-03,16
+43.392000E-03,16
+43.394000E-03,16
+43.396000E-03,16
+43.398000E-03,16
+43.400000E-03,16
+43.402000E-03,16
+43.404000E-03,16
+43.406000E-03,16
+43.408000E-03,16
+43.410000E-03,16
+43.412000E-03,16
+43.414000E-03,16
+43.416000E-03,16
+43.418000E-03,16
+43.420000E-03,16
+43.422000E-03,16
+43.424000E-03,16
+43.426000E-03,16
+43.428000E-03,16
+43.430000E-03,16
+43.432000E-03,16
+43.434000E-03,16
+43.436000E-03,16
+43.438000E-03,16
+43.440000E-03,16
+43.442000E-03,16
+43.444000E-03,16
+43.446000E-03,16
+43.448000E-03,16
+43.450000E-03,16
+43.452000E-03,16
+43.454000E-03,16
+43.456000E-03,16
+43.458000E-03,16
+43.460000E-03,16
+43.462000E-03,16
+43.464000E-03,16
+43.466000E-03,16
+43.468000E-03,16
+43.470000E-03,16
+43.472000E-03,16
+43.474000E-03,16
+43.476000E-03,16
+43.478000E-03,16
+43.480000E-03,16
+43.482000E-03,16
+43.484000E-03,16
+43.486000E-03,16
+43.488000E-03,16
+43.490000E-03,16
+43.492000E-03,16
+43.494000E-03,16
+43.496000E-03,16
+43.498000E-03,16
+43.500000E-03,16
+43.502000E-03,16
+43.504000E-03,16
+43.506000E-03,16
+43.508000E-03,16
+43.510000E-03,16
+43.512000E-03,16
+43.514000E-03,16
+43.516000E-03,16
+43.518000E-03,16
+43.520000E-03,16
+43.522000E-03,16
+43.524000E-03,16
+43.526000E-03,16
+43.528000E-03,16
+43.530000E-03,16
+43.532000E-03,16
+43.534000E-03,16
+43.536000E-03,16
+43.538000E-03,16
+43.540000E-03,16
+43.542000E-03,16
+43.544000E-03,16
+43.546000E-03,16
+43.548000E-03,16
+43.550000E-03,16
+43.552000E-03,16
+43.554000E-03,16
+43.556000E-03,16
+43.558000E-03,16
+43.560000E-03,16
+43.562000E-03,16
+43.564000E-03,16
+43.566000E-03,16
+43.568000E-03,16
+43.570000E-03,16
+43.572000E-03,16
+43.574000E-03,16
+43.576000E-03,16
+43.578000E-03,16
+43.580000E-03,16
+43.582000E-03,16
+43.584000E-03,16
+43.586000E-03,16
+43.588000E-03,16
+43.590000E-03,16
+43.592000E-03,16
+43.594000E-03,16
+43.596000E-03,16
+43.598000E-03,16
+43.600000E-03,16
+43.602000E-03,16
+43.604000E-03,16
+43.606000E-03,16
+43.608000E-03,16
+43.610000E-03,16
+43.612000E-03,16
+43.614000E-03,16
+43.616000E-03,16
+43.618000E-03,16
+43.620000E-03,16
+43.622000E-03,16
+43.624000E-03,16
+43.626000E-03,16
+43.628000E-03,16
+43.630000E-03,16
+43.632000E-03,16
+43.634000E-03,16
+43.636000E-03,16
+43.638000E-03,16
+43.640000E-03,16
+43.642000E-03,16
+43.644000E-03,16
+43.646000E-03,16
+43.648000E-03,16
+43.650000E-03,16
+43.652000E-03,16
+43.654000E-03,16
+43.656000E-03,16
+43.658000E-03,16
+43.660000E-03,16
+43.662000E-03,16
+43.664000E-03,16
+43.666000E-03,16
+43.668000E-03,16
+43.670000E-03,16
+43.672000E-03,16
+43.674000E-03,16
+43.676000E-03,16
+43.678000E-03,16
+43.680000E-03,16
+43.682000E-03,16
+43.684000E-03,16
+43.686000E-03,16
+43.688000E-03,16
+43.690000E-03,16
+43.692000E-03,16
+43.694000E-03,16
+43.696000E-03,16
+43.698000E-03,16
+43.700000E-03,16
+43.702000E-03,16
+43.704000E-03,16
+43.706000E-03,16
+43.708000E-03,16
+43.710000E-03,16
+43.712000E-03,16
+43.714000E-03,16
+43.716000E-03,16
+43.718000E-03,16
+43.720000E-03,16
+43.722000E-03,16
+43.724000E-03,16
+43.726000E-03,16
+43.728000E-03,16
+43.730000E-03,16
+43.732000E-03,16
+43.734000E-03,16
+43.736000E-03,16
+43.738000E-03,16
+43.740000E-03,16
+43.742000E-03,16
+43.744000E-03,16
+43.746000E-03,16
+43.748000E-03,16
+43.750000E-03,16
+43.752000E-03,16
+43.754000E-03,16
+43.756000E-03,16
+43.758000E-03,16
+43.760000E-03,16
+43.762000E-03,16
+43.764000E-03,16
+43.766000E-03,16
+43.768000E-03,16
+43.770000E-03,16
+43.772000E-03,16
+43.774000E-03,16
+43.776000E-03,16
+43.778000E-03,16
+43.780000E-03,16
+43.782000E-03,16
+43.784000E-03,16
+43.786000E-03,16
+43.788000E-03,16
+43.790000E-03,16
+43.792000E-03,16
+43.794000E-03,16
+43.796000E-03,16
+43.798000E-03,16
+43.800000E-03,16
+43.802000E-03,16
+43.804000E-03,16
+43.806000E-03,16
+43.808000E-03,16
+43.810000E-03,16
+43.812000E-03,16
+43.814000E-03,16
+43.816000E-03,16
+43.818000E-03,16
+43.820000E-03,16
+43.822000E-03,16
+43.824000E-03,16
+43.826000E-03,16
+43.828000E-03,16
+43.830000E-03,16
+43.832000E-03,16
+43.834000E-03,16
+43.836000E-03,16
+43.838000E-03,16
+43.840000E-03,16
+43.842000E-03,16
+43.844000E-03,16
+43.846000E-03,16
+43.848000E-03,16
+43.850000E-03,16
+43.852000E-03,16
+43.854000E-03,16
+43.856000E-03,16
+43.858000E-03,16
+43.860000E-03,16
+43.862000E-03,16
+43.864000E-03,16
+43.866000E-03,16
+43.868000E-03,16
+43.870000E-03,16
+43.872000E-03,16
+43.874000E-03,16
+43.876000E-03,16
+43.878000E-03,16
+43.880000E-03,16
+43.882000E-03,16
+43.884000E-03,16
+43.886000E-03,16
+43.888000E-03,16
+43.890000E-03,16
+43.892000E-03,16
+43.894000E-03,16
+43.896000E-03,16
+43.898000E-03,16
+43.900000E-03,16
+43.902000E-03,16
+43.904000E-03,16
+43.906000E-03,16
+43.908000E-03,16
+43.910000E-03,16
+43.912000E-03,16
+43.914000E-03,16
+43.916000E-03,16
+43.918000E-03,16
+43.920000E-03,16
+43.922000E-03,16
+43.924000E-03,16
+43.926000E-03,16
+43.928000E-03,16
+43.930000E-03,16
+43.932000E-03,16
+43.934000E-03,16
+43.936000E-03,16
+43.938000E-03,16
+43.940000E-03,16
+43.942000E-03,16
+43.944000E-03,16
+43.946000E-03,16
+43.948000E-03,16
+43.950000E-03,16
+43.952000E-03,16
+43.954000E-03,16
+43.956000E-03,16
+43.958000E-03,16
+43.960000E-03,16
+43.962000E-03,16
+43.964000E-03,16
+43.966000E-03,16
+43.968000E-03,16
+43.970000E-03,16
+43.972000E-03,16
+43.974000E-03,16
+43.976000E-03,16
+43.978000E-03,16
+43.980000E-03,16
+43.982000E-03,16
+43.984000E-03,16
+43.986000E-03,16
+43.988000E-03,16
+43.990000E-03,16
+43.992000E-03,16
+43.994000E-03,16
+43.996000E-03,16
+43.998000E-03,16
+44.000000E-03,16
+44.002000E-03,16
+44.004000E-03,16
+44.006000E-03,16
+44.008000E-03,16
+44.010000E-03,16
+44.012000E-03,16
+44.014000E-03,16
+44.016000E-03,16
+44.018000E-03,16
+44.020000E-03,16
+44.022000E-03,16
+44.024000E-03,16
+44.026000E-03,16
+44.028000E-03,16
+44.030000E-03,16
+44.032000E-03,16
+44.034000E-03,16
+44.036000E-03,16
+44.038000E-03,16
+44.040000E-03,16
+44.042000E-03,16
+44.044000E-03,16
+44.046000E-03,16
+44.048000E-03,16
+44.050000E-03,16
+44.052000E-03,16
+44.054000E-03,16
+44.056000E-03,16
+44.058000E-03,16
+44.060000E-03,16
+44.062000E-03,16
+44.064000E-03,16
+44.066000E-03,16
+44.068000E-03,16
+44.070000E-03,16
+44.072000E-03,16
+44.074000E-03,16
+44.076000E-03,16
+44.078000E-03,16
+44.080000E-03,16
+44.082000E-03,16
+44.084000E-03,16
+44.086000E-03,16
+44.088000E-03,16
+44.090000E-03,16
+44.092000E-03,16
+44.094000E-03,16
+44.096000E-03,16
+44.098000E-03,16
+44.100000E-03,16
+44.102000E-03,16
+44.104000E-03,16
+44.106000E-03,16
+44.108000E-03,16
+44.110000E-03,16
+44.112000E-03,16
+44.114000E-03,16
+44.116000E-03,16
+44.118000E-03,16
+44.120000E-03,16
+44.122000E-03,16
+44.124000E-03,16
+44.126000E-03,16
+44.128000E-03,16
+44.130000E-03,16
+44.132000E-03,16
+44.134000E-03,16
+44.136000E-03,16
+44.138000E-03,16
+44.140000E-03,16
+44.142000E-03,16
+44.144000E-03,16
+44.146000E-03,16
+44.148000E-03,16
+44.150000E-03,16
+44.152000E-03,16
+44.154000E-03,16
+44.156000E-03,16
+44.158000E-03,16
+44.160000E-03,16
+44.162000E-03,16
+44.164000E-03,16
+44.166000E-03,16
+44.168000E-03,16
+44.170000E-03,16
+44.172000E-03,16
+44.174000E-03,16
+44.176000E-03,16
+44.178000E-03,16
+44.180000E-03,16
+44.182000E-03,16
+44.184000E-03,16
+44.186000E-03,16
+44.188000E-03,16
+44.190000E-03,16
+44.192000E-03,16
+44.194000E-03,16
+44.196000E-03,16
+44.198000E-03,16
+44.200000E-03,16
+44.202000E-03,16
+44.204000E-03,16
+44.206000E-03,16
+44.208000E-03,16
+44.210000E-03,16
+44.212000E-03,16
+44.214000E-03,16
+44.216000E-03,16
+44.218000E-03,16
+44.220000E-03,16
+44.222000E-03,16
+44.224000E-03,16
+44.226000E-03,16
+44.228000E-03,16
+44.230000E-03,16
+44.232000E-03,16
+44.234000E-03,16
+44.236000E-03,16
+44.238000E-03,16
+44.240000E-03,16
+44.242000E-03,16
+44.244000E-03,16
+44.246000E-03,16
+44.248000E-03,16
+44.250000E-03,16
+44.252000E-03,16
+44.254000E-03,16
+44.256000E-03,16
+44.258000E-03,16
+44.260000E-03,16
+44.262000E-03,16
+44.264000E-03,16
+44.266000E-03,16
+44.268000E-03,16
+44.270000E-03,16
+44.272000E-03,16
+44.274000E-03,16
+44.276000E-03,16
+44.278000E-03,16
+44.280000E-03,16
+44.282000E-03,16
+44.284000E-03,16
+44.286000E-03,16
+44.288000E-03,16
+44.290000E-03,16
+44.292000E-03,16
+44.294000E-03,16
+44.296000E-03,16
+44.298000E-03,16
+44.300000E-03,16
+44.302000E-03,16
+44.304000E-03,16
+44.306000E-03,16
+44.308000E-03,16
+44.310000E-03,16
+44.312000E-03,16
+44.314000E-03,16
+44.316000E-03,16
+44.318000E-03,16
+44.320000E-03,16
+44.322000E-03,16
+44.324000E-03,16
+44.326000E-03,16
+44.328000E-03,16
+44.330000E-03,16
+44.332000E-03,16
+44.334000E-03,16
+44.336000E-03,16
+44.338000E-03,16
+44.340000E-03,16
+44.342000E-03,16
+44.344000E-03,16
+44.346000E-03,16
+44.348000E-03,16
+44.350000E-03,16
+44.352000E-03,16
+44.354000E-03,16
+44.356000E-03,16
+44.358000E-03,16
+44.360000E-03,16
+44.362000E-03,16
+44.364000E-03,16
+44.366000E-03,16
+44.368000E-03,16
+44.370000E-03,16
+44.372000E-03,16
+44.374000E-03,16
+44.376000E-03,16
+44.378000E-03,16
+44.380000E-03,16
+44.382000E-03,16
+44.384000E-03,16
+44.386000E-03,16
+44.388000E-03,16
+44.390000E-03,16
+44.392000E-03,16
+44.394000E-03,16
+44.396000E-03,16
+44.398000E-03,16
+44.400000E-03,16
+44.402000E-03,16
+44.404000E-03,16
+44.406000E-03,16
+44.408000E-03,16
+44.410000E-03,16
+44.412000E-03,16
+44.414000E-03,16
+44.416000E-03,16
+44.418000E-03,16
+44.420000E-03,16
+44.422000E-03,16
+44.424000E-03,16
+44.426000E-03,16
+44.428000E-03,16
+44.430000E-03,16
+44.432000E-03,16
+44.434000E-03,16
+44.436000E-03,16
+44.438000E-03,16
+44.440000E-03,16
+44.442000E-03,16
+44.444000E-03,16
+44.446000E-03,16
+44.448000E-03,16
+44.450000E-03,16
+44.452000E-03,16
+44.454000E-03,16
+44.456000E-03,16
+44.458000E-03,16
+44.460000E-03,16
+44.462000E-03,16
+44.464000E-03,16
+44.466000E-03,16
+44.468000E-03,16
+44.470000E-03,16
+44.472000E-03,16
+44.474000E-03,16
+44.476000E-03,16
+44.478000E-03,16
+44.480000E-03,16
+44.482000E-03,16
+44.484000E-03,16
+44.486000E-03,16
+44.488000E-03,16
+44.490000E-03,16
+44.492000E-03,16
+44.494000E-03,16
+44.496000E-03,16
+44.498000E-03,16
+44.500000E-03,16
+44.502000E-03,16
+44.504000E-03,16
+44.506000E-03,16
+44.508000E-03,16
+44.510000E-03,16
+44.512000E-03,16
+44.514000E-03,16
+44.516000E-03,16
+44.518000E-03,16
+44.520000E-03,16
+44.522000E-03,16
+44.524000E-03,16
+44.526000E-03,16
+44.528000E-03,16
+44.530000E-03,16
+44.532000E-03,16
+44.534000E-03,16
+44.536000E-03,16
+44.538000E-03,16
+44.540000E-03,16
+44.542000E-03,16
+44.544000E-03,16
+44.546000E-03,16
+44.548000E-03,16
+44.550000E-03,16
+44.552000E-03,16
+44.554000E-03,16
+44.556000E-03,16
+44.558000E-03,16
+44.560000E-03,16
+44.562000E-03,16
+44.564000E-03,16
+44.566000E-03,16
+44.568000E-03,16
+44.570000E-03,16
+44.572000E-03,16
+44.574000E-03,16
+44.576000E-03,16
+44.578000E-03,16
+44.580000E-03,16
+44.582000E-03,16
+44.584000E-03,16
+44.586000E-03,16
+44.588000E-03,16
+44.590000E-03,16
+44.592000E-03,16
+44.594000E-03,16
+44.596000E-03,16
+44.598000E-03,16
+44.600000E-03,16
+44.602000E-03,16
+44.604000E-03,16
+44.606000E-03,16
+44.608000E-03,16
+44.610000E-03,16
+44.612000E-03,16
+44.614000E-03,16
+44.616000E-03,16
+44.618000E-03,16
+44.620000E-03,16
+44.622000E-03,16
+44.624000E-03,16
+44.626000E-03,16
+44.628000E-03,16
+44.630000E-03,16
+44.632000E-03,16
+44.634000E-03,16
+44.636000E-03,16
+44.638000E-03,16
+44.640000E-03,16
+44.642000E-03,16
+44.644000E-03,16
+44.646000E-03,16
+44.648000E-03,16
+44.650000E-03,16
+44.652000E-03,16
+44.654000E-03,16
+44.656000E-03,16
+44.658000E-03,16
+44.660000E-03,16
+44.662000E-03,16
+44.664000E-03,16
+44.666000E-03,16
+44.668000E-03,16
+44.670000E-03,16
+44.672000E-03,16
+44.674000E-03,16
+44.676000E-03,16
+44.678000E-03,16
+44.680000E-03,16
+44.682000E-03,16
+44.684000E-03,16
+44.686000E-03,16
+44.688000E-03,16
+44.690000E-03,16
+44.692000E-03,16
+44.694000E-03,16
+44.696000E-03,16
+44.698000E-03,16
+44.700000E-03,16
+44.702000E-03,16
+44.704000E-03,16
+44.706000E-03,16
+44.708000E-03,16
+44.710000E-03,16
+44.712000E-03,16
+44.714000E-03,16
+44.716000E-03,16
+44.718000E-03,16
+44.720000E-03,16
+44.722000E-03,16
+44.724000E-03,16
+44.726000E-03,16
+44.728000E-03,16
+44.730000E-03,16
+44.732000E-03,16
+44.734000E-03,16
+44.736000E-03,16
+44.738000E-03,16
+44.740000E-03,16
+44.742000E-03,16
+44.744000E-03,16
+44.746000E-03,16
+44.748000E-03,16
+44.750000E-03,16
+44.752000E-03,16
+44.754000E-03,16
+44.756000E-03,16
+44.758000E-03,16
+44.760000E-03,16
+44.762000E-03,16
+44.764000E-03,16
+44.766000E-03,16
+44.768000E-03,16
+44.770000E-03,16
+44.772000E-03,16
+44.774000E-03,16
+44.776000E-03,16
+44.778000E-03,16
+44.780000E-03,16
+44.782000E-03,16
+44.784000E-03,16
+44.786000E-03,16
+44.788000E-03,16
+44.790000E-03,16
+44.792000E-03,16
+44.794000E-03,16
+44.796000E-03,16
+44.798000E-03,16
+44.800000E-03,16
+44.802000E-03,16
+44.804000E-03,16
+44.806000E-03,16
+44.808000E-03,16
+44.810000E-03,16
+44.812000E-03,16
+44.814000E-03,16
+44.816000E-03,16
+44.818000E-03,16
+44.820000E-03,16
+44.822000E-03,16
+44.824000E-03,16
+44.826000E-03,16
+44.828000E-03,16
+44.830000E-03,16
+44.832000E-03,16
+44.834000E-03,16
+44.836000E-03,16
+44.838000E-03,16
+44.840000E-03,16
+44.842000E-03,16
+44.844000E-03,16
+44.846000E-03,16
+44.848000E-03,16
+44.850000E-03,16
+44.852000E-03,16
+44.854000E-03,16
+44.856000E-03,16
+44.858000E-03,16
+44.860000E-03,16
+44.862000E-03,16
+44.864000E-03,16
+44.866000E-03,16
+44.868000E-03,16
+44.870000E-03,16
+44.872000E-03,16
+44.874000E-03,16
+44.876000E-03,16
+44.878000E-03,16
+44.880000E-03,16
+44.882000E-03,16
+44.884000E-03,16
+44.886000E-03,16
+44.888000E-03,16
+44.890000E-03,16
+44.892000E-03,16
+44.894000E-03,16
+44.896000E-03,16
+44.898000E-03,16
+44.900000E-03,16
+44.902000E-03,16
+44.904000E-03,16
+44.906000E-03,16
+44.908000E-03,16
+44.910000E-03,16
+44.912000E-03,16
+44.914000E-03,16
+44.916000E-03,16
+44.918000E-03,16
+44.920000E-03,16
+44.922000E-03,16
+44.924000E-03,16
+44.926000E-03,16
+44.928000E-03,16
+44.930000E-03,16
+44.932000E-03,16
+44.934000E-03,16
+44.936000E-03,16
+44.938000E-03,16
+44.940000E-03,16
+44.942000E-03,16
+44.944000E-03,16
+44.946000E-03,16
+44.948000E-03,16
+44.950000E-03,16
+44.952000E-03,16
+44.954000E-03,16
+44.956000E-03,16
+44.958000E-03,16
+44.960000E-03,16
+44.962000E-03,16
+44.964000E-03,16
+44.966000E-03,16
+44.968000E-03,16
+44.970000E-03,16
+44.972000E-03,16
+44.974000E-03,16
+44.976000E-03,16
+44.978000E-03,16
+44.980000E-03,16
+44.982000E-03,16
+44.984000E-03,16
+44.986000E-03,16
+44.988000E-03,16
+44.990000E-03,16
+44.992000E-03,16
+44.994000E-03,16
+44.996000E-03,16
+44.998000E-03,16
